[texturehandler.cpp:197]: Couldn't find texture file: gfx/interface/big_button_277_gold.dds.
[texturehandler.cpp:197]: Couldn't find texture file: gfx/interface/big_button_435_gold.dds.
[eventmanager.cpp:255]: Event #1041035 has no picture scripted in events/HFP_crusade_events.txt
[eventmanager.cpp:255]: Event #1020606 has no picture scripted in events/HFP_health_events.txt
[eventmanager.cpp:255]: Event #1020629 has no picture scripted in events/HFP_health_events.txt
[eventmanager.cpp:255]: Event #1020650 has no picture scripted in events/HFP_health_events.txt
[eventmanager.cpp:255]: Event #1020406 has no picture scripted in events/HFP_pregnancy_events.txt
[eventmanager.cpp:255]: Event #1020501 has no picture scripted in events/HFP_pregnancy_events.txt
[eventmanager.cpp:255]: Event #1020503 has no picture scripted in events/HFP_pregnancy_events.txt
[eventmanager.cpp:255]: Event #1020504 has no picture scripted in events/HFP_pregnancy_events.txt
[eventmanager.cpp:255]: Event #1020802 has no picture scripted in events/HFP_random_flavor_events.txt
[eventmanager.cpp:255]: Event #1023005 has no picture scripted in events/HFP_religious_events.txt
[eventmanager.cpp:255]: Event #1023007 has no picture scripted in events/HFP_religious_events.txt
[eventmanager.cpp:255]: Event #1023009 has no picture scripted in events/HFP_religious_events.txt
[eventmanager.cpp:255]: Event #1023013 has no picture scripted in events/HFP_religious_events.txt
[eventmanager.cpp:255]: Event #1023015 has no picture scripted in events/HFP_religious_events.txt
[eventmanager.cpp:255]: Event #1023017 has no picture scripted in events/HFP_religious_events.txt
[eventmanager.cpp:255]: Event #1023021 has no picture scripted in events/HFP_religious_events.txt
[eventmanager.cpp:255]: Event #1122018 has no picture scripted in events/HF_antagonize_events.txt
[eventmanager.cpp:255]: Event #1122019 has no picture scripted in events/HF_antagonize_events.txt
[eventmanager.cpp:255]: Event #1120101 has no picture scripted in events/HF_baptism_events.txt
[eventmanager.cpp:255]: Event #1120103 has no picture scripted in events/HF_baptism_events.txt
[eventmanager.cpp:255]: Event #1120104 has no picture scripted in events/HF_baptism_events.txt
[eventmanager.cpp:255]: Event #1120118 has no picture scripted in events/HF_baptism_events.txt
[eventmanager.cpp:255]: Event #1124165 has no picture scripted in events/HF_bloodline_events.txt
[eventmanager.cpp:255]: Event #1124239 has no picture scripted in events/HF_bloodline_events.txt
[eventmanager.cpp:255]: Event #1123215 has no picture scripted in events/HF_religious_events.txt
[eventmanager.cpp:255]: Event #1142023 has no picture scripted in events/HF_sway_additional_events.txt
[eventmanager.cpp:255]: Event #1142025 has no picture scripted in events/HF_sway_additional_events.txt
[eventmanager.cpp:255]: Event #1142028 has no picture scripted in events/HF_sway_additional_events.txt
[eventmanager.cpp:255]: Event #1142029 has no picture scripted in events/HF_sway_additional_events.txt
[eventmanager.cpp:255]: Event #1142030 has no picture scripted in events/HF_sway_additional_events.txt
[eventmanager.cpp:255]: Event #1142031 has no picture scripted in events/HF_sway_additional_events.txt
[eventmanager.cpp:255]: Event #1121053 has no picture scripted in events/HF_sway_events.txt
[eventmanager.cpp:255]: Event #1123811 has no picture scripted in events/HF_tribal_events.txt
[eventmanager.cpp:255]: Event #1125608 has no picture scripted in events/HF_warrior_lodges_hunting_events.txt
[eventmanager.cpp:255]: Event #1125609 has no picture scripted in events/HF_warrior_lodges_hunting_events.txt
[eventmanager.cpp:255]: Event #1125610 has no picture scripted in events/HF_warrior_lodges_hunting_events.txt
[eventmanager.cpp:255]: Event #1125611 has no picture scripted in events/HF_warrior_lodges_hunting_events.txt
[eventmanager.cpp:255]: Event #1125612 has no picture scripted in events/HF_warrior_lodges_hunting_events.txt
[eventmanager.cpp:255]: Event #1125613 has no picture scripted in events/HF_warrior_lodges_hunting_events.txt
[eventmanager.cpp:255]: Event #1125614 has no picture scripted in events/HF_warrior_lodges_hunting_events.txt
[eventmanager.cpp:255]: Event #1125618 has no picture scripted in events/HF_warrior_lodges_hunting_events.txt
[eventmanager.cpp:255]: Event #1125619 has no picture scripted in events/HF_warrior_lodges_hunting_events.txt
[eventmanager.cpp:255]: Event #1125620 has no picture scripted in events/HF_warrior_lodges_hunting_events.txt
[eventmanager.cpp:255]: Event #1125621 has no picture scripted in events/HF_warrior_lodges_hunting_events.txt
[eventmanager.cpp:255]: Event #1125622 has no picture scripted in events/HF_warrior_lodges_hunting_events.txt
[eventmanager.cpp:255]: Event #1125623 has no picture scripted in events/HF_warrior_lodges_hunting_events.txt
[eventmanager.cpp:255]: Event #1125624 has no picture scripted in events/HF_warrior_lodges_hunting_events.txt
[eventmanager.cpp:255]: Event #1125625 has no picture scripted in events/HF_warrior_lodges_hunting_events.txt
[eventmanager.cpp:255]: Event #79008 has no picture scripted in events/base_norse_flavor_events.txt
[eventmanager.cpp:255]: Event #500 has no picture scripted in events/base_on_action_events.txt
[eventmanager.cpp:255]: Event #77852 has no picture scripted in events/base_pet_events.txt
[eventmanager.cpp:255]: Event #3190 has no picture scripted in events/base_traits_effects_events.txt
[eventmanager.cpp:255]: Event #3191 has no picture scripted in events/base_traits_effects_events.txt
[eventmanager.cpp:255]: Event #3192 has no picture scripted in events/base_traits_effects_events.txt
[eventmanager.cpp:255]: Event #3193 has no picture scripted in events/base_traits_effects_events.txt
[eventmanager.cpp:255]: Event #3325 has no picture scripted in events/base_traits_effects_events.txt
[eventmanager.cpp:255]: Event #3407855 has no picture scripted in events/mnm_devil_worshipers_events.txt
[eventmanager.cpp:255]: Event #3904021 has no picture scripted in events/rip_flavor_events.txt
[eventmanager.cpp:255]: Event #3904032 has no picture scripted in events/rip_flavor_events.txt
[eventmanager.cpp:255]: Event #3904033 has no picture scripted in events/rip_flavor_events.txt
[eventmanager.cpp:255]: Event #3904041 has no picture scripted in events/rip_flavor_events.txt
[eventmanager.cpp:255]: Event #3904042 has no picture scripted in events/rip_flavor_events.txt
[eventmanager.cpp:255]: Event #3904043 has no picture scripted in events/rip_flavor_events.txt
[eventmanager.cpp:255]: Event #3904044 has no picture scripted in events/rip_flavor_events.txt
[eventmanager.cpp:255]: Event #3904045 has no picture scripted in events/rip_flavor_events.txt
[eventmanager.cpp:255]: Event #3904046 has no picture scripted in events/rip_flavor_events.txt
[eventmanager.cpp:255]: Event #3904047 has no picture scripted in events/rip_flavor_events.txt
[eventmanager.cpp:255]: Event #3929009 has no picture scripted in events/rip_flavor_events.txt
[eventmanager.cpp:255]: Event #3929012 has no picture scripted in events/rip_flavor_events.txt
[eventmanager.cpp:255]: Event #3930207 has no picture scripted in events/rip_flavor_events.txt
[eventmanager.cpp:255]: Event #3930223 has no picture scripted in events/rip_flavor_events.txt
[eventmanager.cpp:255]: Event #3930230 has no picture scripted in events/rip_flavor_events.txt
[eventmanager.cpp:255]: Event #3911053 has no picture scripted in events/rip_physician_events.txt
[eventmanager.cpp:255]: Event #3911000 has no picture scripted in events/rip_treatment_events.txt
[eventmanager.cpp:255]: Event #4201031 has no picture scripted in events/soa_holy_order_events.txt
[eventmanager.cpp:255]: Event #4201054 has no picture scripted in events/soa_holy_order_events.txt
[eventmanager.cpp:255]: Event #4205021 has no picture scripted in events/soa_pilgrim_events.txt
[eventmanager.cpp:255]: Event #1910103 has no picture scripted in events/wol_business_events.txt
[eventmanager.cpp:255]: Event #1910130 has no picture scripted in events/wol_business_events.txt
[eventmanager.cpp:255]: Event #4406012 has no picture scripted in events/ze_ambition_events.txt
[eventmanager.cpp:255]: Event #4406013 has no picture scripted in events/ze_ambition_events.txt
[eventmanager.cpp:255]: Event #4412060 has no picture scripted in events/ze_childhood_events.txt
[eventmanager.cpp:255]: Event #4412064 has no picture scripted in events/ze_childhood_events.txt
[eventmanager.cpp:255]: Event #4412066 has no picture scripted in events/ze_childhood_events.txt
[eventmanager.cpp:255]: Event #4412072 has no picture scripted in events/ze_childhood_events.txt
[eventmanager.cpp:255]: Event #4412074 has no picture scripted in events/ze_childhood_events.txt
[eventmanager.cpp:255]: Event #4412076 has no picture scripted in events/ze_childhood_events.txt
[eventmanager.cpp:255]: Event #4412080 has no picture scripted in events/ze_childhood_events.txt
[eventmanager.cpp:255]: Event #4412082 has no picture scripted in events/ze_childhood_events.txt
[eventmanager.cpp:255]: Event #4412084 has no picture scripted in events/ze_childhood_events.txt
[eventmanager.cpp:255]: Event #4412086 has no picture scripted in events/ze_childhood_events.txt
[eventmanager.cpp:255]: Event #4412092 has no picture scripted in events/ze_childhood_events.txt
[eventmanager.cpp:255]: Event #4412094 has no picture scripted in events/ze_childhood_events.txt
[eventmanager.cpp:255]: Event #4412096 has no picture scripted in events/ze_childhood_events.txt
[eventmanager.cpp:255]: Event #4412100 has no picture scripted in events/ze_childhood_events.txt
[eventmanager.cpp:255]: Event #4412102 has no picture scripted in events/ze_childhood_events.txt
[eventmanager.cpp:255]: Event #4412104 has no picture scripted in events/ze_childhood_events.txt
[eventmanager.cpp:255]: Event #4412110 has no picture scripted in events/ze_childhood_events.txt
[eventmanager.cpp:255]: Event #4412112 has no picture scripted in events/ze_childhood_events.txt
[eventmanager.cpp:255]: Event #4412114 has no picture scripted in events/ze_childhood_events.txt
[eventmanager.cpp:255]: Event #4412116 has no picture scripted in events/ze_childhood_events.txt
[technology.cpp:762]: Missing Tech seed values (add in history	echnology):
[technology.cpp:765]: d_amalfi
[technology.cpp:765]: d_ragusa
[history.cpp:645]: Duplicate Historical Character! ID:210025
[history.cpp:645]: Duplicate Historical Character! ID:194074
[history.cpp:645]: Duplicate Historical Character! ID:194076
[titlehistory.cpp:167]: Unborn title holder
	Title: c_marienburg(194074) in history/titles/c_marienburg.txt
	Date: 750.1.1
	Character ID: 194074, Birth date: 753.1.1
[titlehistory.cpp:167]: Unborn title holder
	Title: c_sambia(194074) in history/titles/c_sambia.txt
	Date: 750.1.1
	Character ID: 194074, Birth date: 753.1.1
[titlehistory.cpp:167]: Unborn title holder
	Title: d_prussia(194074) in history/titles/d_prussia.txt
	Date: 750.1.1
	Character ID: 194074, Birth date: 753.1.1
[triggerimplementation.cpp:9541]: Unknown trait-type seaking in trigger
[dynasty.cpp:1663]: Scripted Dynasty: Orsini has an invalid texture in their coat of arms, randomizing!
[dynasty.cpp:1663]: Scripted Dynasty: Gediminaitis has an invalid texture in their coat of arms, randomizing!
[dynasty.cpp:1663]: Scripted Dynasty: Kotromanic has an invalid texture in their coat of arms, randomizing!
[dynasty.cpp:1663]: Scripted Dynasty: Terter has an invalid texture in their coat of arms, randomizing!
[dynasty.cpp:1663]: Scripted Dynasty: Shishman has an invalid texture in their coat of arms, randomizing!
[dynasty.cpp:1663]: Scripted Dynasty: Kantakouzenos has an invalid texture in their coat of arms, randomizing!
[dynasty.cpp:1663]: Scripted Dynasty: Palaiologos has an invalid texture in their coat of arms, randomizing!
[dynasty.cpp:1663]: Scripted Dynasty: von Habsburg has an invalid texture in their coat of arms, randomizing!
[dynasty.cpp:1663]: Scripted Dynasty: de la Tour du Pin has an invalid texture in their coat of arms, randomizing!
[dynasty.cpp:1663]: Scripted Dynasty: de Luxembourg has an invalid texture in their coat of arms, randomizing!
[dynasty.cpp:1663]: Scripted Dynasty: d'Entença has an invalid texture in their coat of arms, randomizing!
[dynasty.cpp:1663]: Scripted Dynasty: de Brienne has an invalid texture in their coat of arms, randomizing!
[dynasty.cpp:1663]: Scripted Dynasty: d'Anjou has an invalid texture in their coat of arms, randomizing!
[dynasty.cpp:1663]: Scripted Dynasty: de Dreux has an invalid texture in their coat of arms, randomizing!
[dynasty.cpp:1663]: Scripted Dynasty: de Dampierre has an invalid texture in their coat of arms, randomizing!
[dynasty.cpp:1663]: Scripted Dynasty: de Lusignan has an invalid texture in their coat of arms, randomizing!
[dynasty.cpp:1663]: Scripted Dynasty: de Valois has an invalid texture in their coat of arms, randomizing!
[dynasty.cpp:1663]: Scripted Dynasty: Balliol has an invalid texture in their coat of arms, randomizing!
[dynasty.cpp:1663]: Scripted Dynasty: Plantagenet has an invalid texture in their coat of arms, randomizing!
[dynasty.cpp:1663]: Scripted Dynasty: Skancke has an invalid texture in their coat of arms, randomizing!
[dynasty.cpp:1663]: Scripted Dynasty: af Bjälbo has an invalid texture in their coat of arms, randomizing!
[dynasty.cpp:1663]: Scripted Dynasty: Gryfita has an invalid texture in their coat of arms, randomizing!
[dynasty.cpp:1663]: Scripted Dynasty: Nemanjic has an invalid texture in their coat of arms, randomizing!
[dynasty.cpp:1663]: Scripted Dynasty: Asen has an invalid texture in their coat of arms, randomizing!
[dynasty.cpp:1663]: Scripted Dynasty: Rubenid has an invalid texture in their coat of arms, randomizing!
[dynasty.cpp:1663]: Scripted Dynasty: Angelos has an invalid texture in their coat of arms, randomizing!
[dynasty.cpp:1663]: Scripted Dynasty: Aleramicci has an invalid texture in their coat of arms, randomizing!
[dynasty.cpp:1663]: Scripted Dynasty: von Wittelsbach has an invalid texture in their coat of arms, randomizing!
[dynasty.cpp:1663]: Scripted Dynasty: Askanien has an invalid texture in their coat of arms, randomizing!
[dynasty.cpp:1663]: Scripted Dynasty: von Thüringen has an invalid texture in their coat of arms, randomizing!
[dynasty.cpp:1663]: Scripted Dynasty: Visconti has an invalid texture in their coat of arms, randomizing!
[dynasty.cpp:1663]: Scripted Dynasty: de Savoie has an invalid texture in their coat of arms, randomizing!
[dynasty.cpp:1663]: Scripted Dynasty: von Babenberg has an invalid texture in their coat of arms, randomizing!
[dynasty.cpp:1663]: Scripted Dynasty: Ludowinger has an invalid texture in their coat of arms, randomizing!
[dynasty.cpp:1663]: Scripted Dynasty: von Zähringen has an invalid texture in their coat of arms, randomizing!
[dynasty.cpp:1663]: Scripted Dynasty: de Navarra has an invalid texture in their coat of arms, randomizing!
[dynasty.cpp:1663]: Scripted Dynasty: von Jülich has an invalid texture in their coat of arms, randomizing!
[dynasty.cpp:1663]: Scripted Dynasty: de Namur has an invalid texture in their coat of arms, randomizing!
[dynasty.cpp:1663]: Scripted Dynasty: de Boulogne has an invalid texture in their coat of arms, randomizing!
[dynasty.cpp:1663]: Scripted Dynasty: de Bourbon has an invalid texture in their coat of arms, randomizing!
[dynasty.cpp:1663]: Scripted Dynasty: de Bigod has an invalid texture in their coat of arms, randomizing!
[dynasty.cpp:1663]: Scripted Dynasty: d'Evreux has an invalid texture in their coat of arms, randomizing!
[dynasty.cpp:1663]: Scripted Dynasty: Dunbar has an invalid texture in their coat of arms, randomizing!
[dynasty.cpp:1663]: Scripted Dynasty: de Vexin-Amiens has an invalid texture in their coat of arms, randomizing!
[dynasty.cpp:1663]: Scripted Dynasty: Erik has an invalid texture in their coat of arms, randomizing!
[dynasty.cpp:1663]: Scripted Dynasty: de Vasconia has an invalid texture in their coat of arms, randomizing!
[dynasty.cpp:1663]: Scripted Dynasty: de Poitou has an invalid texture in their coat of arms, randomizing!
[dynasty.cpp:1663]: Scripted Dynasty: Gerulfing has an invalid texture in their coat of arms, randomizing!
[dynasty.cpp:1663]: Scripted Dynasty: de León has an invalid texture in their coat of arms, randomizing!
[dynasty.cpp:1663]: Scripted Dynasty: Jimena has an invalid texture in their coat of arms, randomizing!
[dynasty.cpp:1663]: Scripted Dynasty: af Orkneyjar has an invalid texture in their coat of arms, randomizing!
[dynasty.cpp:1663]: Scripted Dynasty: Hvide has an invalid texture in their coat of arms, randomizing!
[dynasty.cpp:1663]: Scripted Dynasty: Estrid has an invalid texture in their coat of arms, randomizing!
[dynasty.cpp:1663]: Scripted Dynasty: Knytling has an invalid texture in their coat of arms, randomizing!
[dynasty.cpp:1663]: Scripted Dynasty: Sverker has an invalid texture in their coat of arms, randomizing!
[dynasty.cpp:1663]: Scripted Dynasty: Stenkiling has an invalid texture in their coat of arms, randomizing!
[dynasty.cpp:1663]: Scripted Dynasty: Yngling has an invalid texture in their coat of arms, randomizing!
[dynasty.cpp:1663]: Scripted Dynasty: af Munsö has an invalid texture in their coat of arms, randomizing!
[dynasty.cpp:1663]: Scripted Dynasty: Premyslid has an invalid texture in their coat of arms, randomizing!
[dynasty.cpp:1663]: Scripted Dynasty: Bagrationi has an invalid texture in their coat of arms, randomizing!
[dynasty.cpp:1663]: Scripted Dynasty: Trpimirovic has an invalid texture in their coat of arms, randomizing!
[dynasty.cpp:1663]: Scripted Dynasty: Wettin has an invalid texture in their coat of arms, randomizing!
[dynasty.cpp:1663]: Scripted Dynasty: von Hohenstaufen has an invalid texture in their coat of arms, randomizing!
[dynasty.cpp:1663]: Scripted Dynasty: Taillefer has an invalid texture in their coat of arms, randomizing!
[dynasty.cpp:1663]: Scripted Dynasty: Morgannwg has an invalid texture in their coat of arms, randomizing!
[dynasty.cpp:1663]: Scripted Dynasty: Crovan has an invalid texture in their coat of arms, randomizing!
[dynasty.cpp:1663]: Scripted Dynasty: of Hwicce has an invalid texture in their coat of arms, randomizing!
[dynasty.cpp:1663]: Scripted Dynasty: Taghlibid has an invalid texture in their coat of arms, randomizing!
[dynasty.cpp:1663]: Scripted Dynasty: Dulo has an invalid texture in their coat of arms, randomizing!
[dynasty.cpp:1663]: Scripted Dynasty: Umayyad has an invalid texture in their coat of arms, randomizing!
[dynasty.cpp:1663]: Scripted Dynasty: Skleros has an invalid texture in their coat of arms, randomizing!
[dynasty.cpp:1663]: Scripted Dynasty: Botaneiates has an invalid texture in their coat of arms, randomizing!
[dynasty.cpp:1663]: Scripted Dynasty: Diogenes has an invalid texture in their coat of arms, randomizing!
[dynasty.cpp:1663]: Scripted Dynasty: Doukas has an invalid texture in their coat of arms, randomizing!
[dynasty.cpp:1663]: Scripted Dynasty: Komnenos has an invalid texture in their coat of arms, randomizing!
[dynasty.cpp:1663]: Scripted Dynasty: Argyros has an invalid texture in their coat of arms, randomizing!
[dynasty.cpp:1663]: Scripted Dynasty: Phokas has an invalid texture in their coat of arms, randomizing!
[dynasty.cpp:1663]: Scripted Dynasty: Lekapenos has an invalid texture in their coat of arms, randomizing!
[dynasty.cpp:1663]: Scripted Dynasty: Makedon has an invalid texture in their coat of arms, randomizing!
[dynasty.cpp:1663]: Scripted Dynasty: Welf has an invalid texture in their coat of arms, randomizing!
[dynasty.cpp:1663]: Scripted Dynasty: Salian has an invalid texture in their coat of arms, randomizing!
[dynasty.cpp:1663]: Scripted Dynasty: Billung has an invalid texture in their coat of arms, randomizing!
[dynasty.cpp:1663]: Scripted Dynasty: von Rheinfelden has an invalid texture in their coat of arms, randomizing!
[dynasty.cpp:1663]: Scripted Dynasty: Chatenois has an invalid texture in their coat of arms, randomizing!
[dynasty.cpp:1663]: Scripted Dynasty: Liudolfinger has an invalid texture in their coat of arms, randomizing!
[dynasty.cpp:1663]: Scripted Dynasty: de Hauteville has an invalid texture in their coat of arms, randomizing!
[dynasty.cpp:1663]: Scripted Dynasty: d'Este has an invalid texture in their coat of arms, randomizing!
[dynasty.cpp:1663]: Scripted Dynasty: d'Ivrea has an invalid texture in their coat of arms, randomizing!
[dynasty.cpp:1663]: Scripted Dynasty: de Foix has an invalid texture in their coat of arms, randomizing!
[dynasty.cpp:1663]: Scripted Dynasty: Mac Ailpin has an invalid texture in their coat of arms, randomizing!
[dynasty.cpp:1663]: Scripted Dynasty: Piast has an invalid texture in their coat of arms, randomizing!
[dynasty.cpp:1663]: Scripted Dynasty: Rurikid has an invalid texture in their coat of arms, randomizing!
[dynasty.cpp:1663]: Scripted Dynasty: Árpád has an invalid texture in their coat of arms, randomizing!
[dynasty.cpp:1663]: Scripted Dynasty: de Blois has an invalid texture in their coat of arms, randomizing!
[dynasty.cpp:1663]: Scripted Dynasty: d'Anjou has an invalid texture in their coat of arms, randomizing!
[dynasty.cpp:1663]: Scripted Dynasty: van Vlaanderen has an invalid texture in their coat of arms, randomizing!
[dynasty.cpp:1663]: Scripted Dynasty: de Toulouse has an invalid texture in their coat of arms, randomizing!
[dynasty.cpp:1663]: Scripted Dynasty: de Bourgogne has an invalid texture in their coat of arms, randomizing!
[dynasty.cpp:1663]: Scripted Dynasty: Capet has an invalid texture in their coat of arms, randomizing!
[dynasty.cpp:1663]: Scripted Dynasty: of Bamburgh has an invalid texture in their coat of arms, randomizing!
[dynasty.cpp:1663]: Scripted Dynasty: de Normandie has an invalid texture in their coat of arms, randomizing!
[dynasty.cpp:1663]: Scripted Dynasty: of Godwin has an invalid texture in their coat of arms, randomizing!
[dynasty.cpp:1663]: Scripted Dynasty: Galen has an invalid texture in their coat of arms, randomizing!
[dynasty.cpp:1663]: Scripted Dynasty: Basarab has an invalid texture in their coat of arms, randomizing!
[dynasty.cpp:1663]: Scripted Dynasty: de Trastámara has an invalid texture in their coat of arms, randomizing!
[dynasty.cpp:1663]: Scripted Dynasty: Radelchis has an invalid texture in their coat of arms, randomizing!
[dynasty.cpp:1663]: Scripted Dynasty: of Mercia has an invalid texture in their coat of arms, randomizing!
[dynasty.cpp:1663]: Scripted Dynasty: Jute has an invalid texture in their coat of arms, randomizing!
[dynasty.cpp:1663]: Scripted Dynasty: Ulfing has an invalid texture in their coat of arms, randomizing!
[dynasty.cpp:1663]: Scripted Dynasty: Gautske has an invalid texture in their coat of arms, randomizing!
[dynasty.cpp:1663]: Scripted Dynasty: Gladius Christi has an invalid texture in their coat of arms, randomizing!
[dynasty.cpp:1663]: Scripted Dynasty: Brock has an invalid texture in their coat of arms, randomizing!
[dynasty.cpp:1663]: Scripted Dynasty: Tranvouez has an invalid texture in their coat of arms, randomizing!
[dynasty.cpp:1663]: Scripted Dynasty: Maciejewski has an invalid texture in their coat of arms, randomizing!
[dynasty.cpp:1663]: Scripted Dynasty: Urban has an invalid texture in their coat of arms, randomizing!
[dynasty.cpp:1663]: Scripted Dynasty: Moore has an invalid texture in their coat of arms, randomizing!
[dynasty.cpp:1663]: Scripted Dynasty: Corvinus has an invalid texture in their coat of arms, randomizing!
[dynasty.cpp:1663]: Scripted Dynasty: Polowczyk has an invalid texture in their coat of arms, randomizing!
[dynasty.cpp:1663]: Scripted Dynasty: Hütter has an invalid texture in their coat of arms, randomizing!
[dynasty.cpp:1663]: Scripted Dynasty: Sanjurjo has an invalid texture in their coat of arms, randomizing!
[dynasty.cpp:1663]: Scripted Dynasty: Konradiner has an invalid texture in their coat of arms, randomizing!
[dynasty.cpp:1663]: Scripted Dynasty: Dunkeld has an invalid texture in their coat of arms, randomizing!
[dynasty.cpp:1663]: Scripted Dynasty: de Brus has an invalid texture in their coat of arms, randomizing!
[dynasty.cpp:1663]: Scripted Dynasty: Stewart has an invalid texture in their coat of arms, randomizing!
[dynasty.cpp:1663]: Scripted Dynasty: de Montfort has an invalid texture in their coat of arms, randomizing!
[dynasty.cpp:1663]: Scripted Dynasty: d'Avesnes has an invalid texture in their coat of arms, randomizing!
[dynasty.cpp:1663]: Scripted Dynasty: de Villehardouin has an invalid texture in their coat of arms, randomizing!
[dynasty.cpp:1663]: Scripted Dynasty: de Beaujeu has an invalid texture in their coat of arms, randomizing!
[dynasty.cpp:1663]: Scripted Dynasty: de Azagra has an invalid texture in their coat of arms, randomizing!
[dynasty.cpp:1663]: Scripted Dynasty: Bosonid has an invalid texture in their coat of arms, randomizing!
[dynasty.cpp:1663]: Scripted Dynasty: de Saint-Omer has an invalid texture in their coat of arms, randomizing!
[dynasty.cpp:1663]: Scripted Dynasty: Reginar has an invalid texture in their coat of arms, randomizing!
[dynasty.cpp:1663]: Scripted Dynasty: de Bures has an invalid texture in their coat of arms, randomizing!
[dynasty.cpp:1663]: Scripted Dynasty: de Bazoches has an invalid texture in their coat of arms, randomizing!
[dynasty.cpp:1663]: Scripted Dynasty: Solomonid has an invalid texture in their coat of arms, randomizing!
[dynasty.cpp:1663]: Scripted Dynasty: Babenberger has an invalid texture in their coat of arms, randomizing!
[dynasty.cpp:1663]: Scripted Dynasty: Guideschi has an invalid texture in their coat of arms, randomizing!
[dynasty.cpp:1663]: Scripted Dynasty: Mojmírid has an invalid texture in their coat of arms, randomizing!
[dynasty.cpp:1663]: Scripted Dynasty: Karen has an invalid texture in their coat of arms, randomizing!
[dynasty.cpp:1663]: Scripted Dynasty: Hvitserk has an invalid texture in their coat of arms, randomizing!
[dynasty.cpp:1663]: Scripted Dynasty: d'Asturias has an invalid texture in their coat of arms, randomizing!
[dynasty.cpp:1663]: Scripted Dynasty: de Cantabria has an invalid texture in their coat of arms, randomizing!
[dynasty.cpp:1663]: Scripted Dynasty: Íñiga has an invalid texture in their coat of arms, randomizing!
[dynasty.cpp:1663]: Scripted Dynasty: Vimaranes has an invalid texture in their coat of arms, randomizing!
[dynasty.cpp:1663]: Scripted Dynasty: Balgarsko has an invalid texture in their coat of arms, randomizing!
[dynasty.cpp:1663]: Scripted Dynasty: Amorios has an invalid texture in their coat of arms, randomizing!
[dynasty.cpp:1663]: Scripted Dynasty: Isauros has an invalid texture in their coat of arms, randomizing!
[dynasty.cpp:1663]: Scripted Dynasty: Zorzi has an invalid texture in their coat of arms, randomizing!
[dynasty.cpp:1663]: Scripted Dynasty: av Vedrafjord has an invalid texture in their coat of arms, randomizing!
[dynasty.cpp:1663]: Scripted Dynasty: de Courtenay has an invalid texture in their coat of arms, randomizing!
[dynasty.cpp:1663]: Scripted Dynasty: Borjigin has an invalid texture in their coat of arms, randomizing!
[dynasty.cpp:1663]: Scripted Dynasty: Unruochinger has an invalid texture in their coat of arms, randomizing!
[dynasty.cpp:1663]: Scripted Dynasty: Ashina has an invalid texture in their coat of arms, randomizing!
[dynasty.cpp:1663]: Scripted Dynasty: Bulanid has an invalid texture in their coat of arms, randomizing!
[dynasty.cpp:1663]: Scripted Dynasty: von Schauenburg has an invalid texture in their coat of arms, randomizing!
[dynasty.cpp:1663]: Scripted Dynasty: von Hohenzollern has an invalid texture in their coat of arms, randomizing!
[dynasty.cpp:1663]: Scripted Dynasty: Pallavicini has an invalid texture in their coat of arms, randomizing!
[dynasty.cpp:1663]: Scripted Dynasty: della Scala has an invalid texture in their coat of arms, randomizing!
[dynasty.cpp:1663]: Scripted Dynasty: Vojislavljevic has an invalid texture in their coat of arms, randomizing!
[dynasty.cpp:1663]: Scripted Dynasty: Subic has an invalid texture in their coat of arms, randomizing!
[dynasty.cpp:1663]: Scripted Dynasty: Csák has an invalid texture in their coat of arms, randomizing!
[dynasty.cpp:1663]: Scripted Dynasty: Rallis-Raoul has an invalid texture in their coat of arms, randomizing!
[dynasty.cpp:1663]: Scripted Dynasty: Ivaring has an invalid texture in their coat of arms, randomizing!
[dynasty.cpp:1663]: Scripted Dynasty: de Vannes has an invalid texture in their coat of arms, randomizing!
[dynasty.cpp:1663]: Scripted Dynasty: de Rennes has an invalid texture in their coat of arms, randomizing!
[dynasty.cpp:1663]: Scripted Dynasty: Wigeriche has an invalid texture in their coat of arms, randomizing!
[dynasty.cpp:1663]: Scripted Dynasty: Hetoumi has an invalid texture in their coat of arms, randomizing!
[dynasty.cpp:1663]: Scripted Dynasty: de Milly has an invalid texture in their coat of arms, randomizing!
[dynasty.cpp:1663]: Scripted Dynasty: Karling has an invalid texture in their coat of arms, randomizing!
[dynasty.cpp:1663]: Scripted Dynasty: of Wessex has an invalid texture in their coat of arms, randomizing!
[dynasty.cpp:1663]: Scripted Dynasty: de Barcelona has an invalid texture in their coat of arms, randomizing!
[dynasty.cpp:1663]: Scripted Dynasty: Gellones has an invalid texture in their coat of arms, randomizing!
[dynasty.cpp:1663]: Scripted Dynasty: de Genève has an invalid texture in their coat of arms, randomizing!
[dynasty.cpp:1663]: Scripted Dynasty: di Salerno has an invalid texture in their coat of arms, randomizing!
[dynasty.cpp:1663]: Scripted Dynasty: Vlastimirovic has an invalid texture in their coat of arms, randomizing!
[dynasty.cpp:1663]: Scripted Dynasty: Batatzes has an invalid texture in their coat of arms, randomizing!
[dynasty.cpp:1663]: Scripted Dynasty: Branas has an invalid texture in their coat of arms, randomizing!
[dynasty.cpp:1663]: Scripted Dynasty: Bryennios has an invalid texture in their coat of arms, randomizing!
[dynasty.cpp:1663]: Scripted Dynasty: Dalassenos has an invalid texture in their coat of arms, randomizing!
[dynasty.cpp:1663]: Scripted Dynasty: Kontostephanos has an invalid texture in their coat of arms, randomizing!
[dynasty.cpp:1663]: Scripted Dynasty: Laskaris has an invalid texture in their coat of arms, randomizing!
[dynasty.cpp:1663]: Scripted Dynasty: Tornikes has an invalid texture in their coat of arms, randomizing!
[dynasty.cpp:1663]: Scripted Dynasty: Melissenos has an invalid texture in their coat of arms, randomizing!
[dynasty.cpp:1663]: Scripted Dynasty: Doukas Mourtzouphlos has an invalid texture in their coat of arms, randomizing!
[dynasty.cpp:1663]: Scripted Dynasty: Taronites has an invalid texture in their coat of arms, randomizing!
[dynasty.cpp:1663]: Scripted Dynasty: di Canossa has an invalid texture in their coat of arms, randomizing!
[dynasty.cpp:1663]: Scripted Dynasty: Dukljanin has an invalid texture in their coat of arms, randomizing!
[dynasty.cpp:1663]: Scripted Dynasty: Abbasid has an invalid texture in their coat of arms, randomizing!
[dynasty.cpp:1663]: Scripted Dynasty: Skjöldung has an invalid texture in their coat of arms, randomizing!
[dynasty.cpp:1663]: Scripted Dynasty: Sanudo has an invalid texture in their coat of arms, randomizing!
[dynasty.cpp:1663]: Scripted Dynasty: de Champlitte has an invalid texture in their coat of arms, randomizing!
[dynasty.cpp:1663]: Scripted Dynasty: de Balben has an invalid texture in their coat of arms, randomizing!
[dynasty.cpp:1663]: Scripted Dynasty: de Comps has an invalid texture in their coat of arms, randomizing!
[dynasty.cpp:1663]: Scripted Dynasty: de Poher has an invalid texture in their coat of arms, randomizing!
[dynasty.cpp:1663]: Scripted Dynasty: Cerneu has an invalid texture in their coat of arms, randomizing!
[dynasty.cpp:1663]: Scripted Dynasty: Khunzakhal has an invalid texture in their coat of arms, randomizing!
[dynasty.cpp:1663]: Scripted Dynasty: Senulatovic has an invalid texture in their coat of arms, randomizing!
[dynasty.cpp:1663]: Scripted Dynasty: Gideon has an invalid texture in their coat of arms, randomizing!
[dynasty.cpp:1663]: Scripted Dynasty: Kalinga Ganga has an invalid texture in their coat of arms, randomizing!
[dynasty.cpp:1663]: Scripted Dynasty: Karkota has an invalid texture in their coat of arms, randomizing!
[dynasty.cpp:1663]: Scripted Dynasty: Agilolfing has an invalid texture in their coat of arms, randomizing!
[dynasty.cpp:1663]: Scripted Dynasty: Gausian has an invalid texture in their coat of arms, randomizing!
[dynasty.cpp:1663]: Scripted Dynasty: Sicard has an invalid texture in their coat of arms, randomizing!
[dynasty.cpp:1663]: Scripted Dynasty: Alachisling has an invalid texture in their coat of arms, randomizing!
[dynasty.cpp:1663]: Scripted Dynasty: Walpertingi has an invalid texture in their coat of arms, randomizing!
[dynasty.cpp:1663]: Scripted Dynasty: Neapolites has an invalid texture in their coat of arms, randomizing!
[dynasty.cpp:1663]: Scripted Dynasty: Ukil has an invalid texture in their coat of arms, randomizing!
[dynasty.cpp:1663]: Scripted Dynasty: Uib has an invalid texture in their coat of arms, randomizing!
[dynasty.cpp:1663]: Scripted Dynasty: Circinn has an invalid texture in their coat of arms, randomizing!
[dynasty.cpp:1663]: Scripted Dynasty: Khazbek has an invalid texture in their coat of arms, randomizing!
[dynasty.cpp:1663]: Scripted Dynasty: Yantsukh has an invalid texture in their coat of arms, randomizing!
[dynasty.cpp:1663]: Scripted Dynasty: Theodericing has an invalid texture in their coat of arms, randomizing!
[dynasty.cpp:1663]: Scripted Dynasty: Zunbil has an invalid texture in their coat of arms, randomizing!
[dynasty.cpp:1663]: Scripted Dynasty: Louping has an invalid texture in their coat of arms, randomizing!
[dynasty.cpp:1663]: Scripted Dynasty: Nibelunging has an invalid texture in their coat of arms, randomizing!
[dynasty.cpp:1663]: Scripted Dynasty: Iceling has an invalid texture in their coat of arms, randomizing!
[dynasty.cpp:1663]: Scripted Dynasty: Cerdicing has an invalid texture in their coat of arms, randomizing!
[dynasty.cpp:1663]: Scripted Dynasty: Eadricing has an invalid texture in their coat of arms, randomizing!
[dynasty.cpp:1663]: Scripted Dynasty: Borjigin has an invalid texture in their coat of arms, randomizing!
[dynasty.cpp:1663]: Scripted Dynasty: Norrevik has an invalid texture in their coat of arms, randomizing!
[characterhistory.cpp:1270]: Character history: Setting employer of Diplo ( 666002 ) to Adnan Shams ( 210025 ) who can't have a court
[characterhistory.cpp:1270]: Character history: Setting employer of Marti ( 666003 ) to Adnan Shams ( 210025 ) who can't have a court
[characterhistory.cpp:1270]: Character history: Setting employer of Stew ( 666004 ) to Adnan Shams ( 210025 ) who can't have a court
[characterhistory.cpp:1270]: Character history: Setting employer of Intri ( 666005 ) to Adnan Shams ( 210025 ) who can't have a court
[characterhistory.cpp:1270]: Character history: Setting employer of Learn ( 666006 ) to Adnan Shams ( 210025 ) who can't have a court
[characterhistory.cpp:1270]: Character history: Setting employer of Left ( 666007 ) to Adnan Shams ( 210025 ) who can't have a court
[characterhistory.cpp:1270]: Character history: Setting employer of Center ( 666008 ) to Adnan Shams ( 210025 ) who can't have a court
[characterhistory.cpp:1270]: Character history: Setting employer of Right ( 666009 ) to Adnan Shams ( 210025 ) who can't have a court
[characterhistory.cpp:1270]: Character history: Setting employer of Jason Ross ( 157106 ) to William de Crepon ( 6806 ) who can't have a court
[texturehandler.cpp:197]: Couldn't find texture file: gfx/interface/store/banner_subscription_anim.dds.
[texturehandler.cpp:197]: Couldn't find texture file: gfx/interface/store/banner_subscription_anim.dds.
[texturehandler.cpp:197]: Couldn't find texture file: gfx/interface/store/banner_subscription_anim.dds.
[texturehandler.cpp:197]: Couldn't find texture file: gfx/interface/store/banner_subscription_anim.dds.
[texturehandler.cpp:197]: Couldn't find texture file: gfx/interface/store/banner_subscription_anim.dds.
[texturehandler.cpp:197]: Couldn't find texture file: gfx/interface/store/banner_subscription_anim.dds.
[texturehandler.cpp:197]: Couldn't find texture file: gfx/interface/store/banner_subscription_anim.dds.
[texturehandler.cpp:197]: Couldn't find texture file: gfx/interface/store/banner_subscription_anim.dds.
[texturehandler.cpp:197]: Couldn't find texture file: gfx/interface/store/banner_subscription_anim.dds.
[texturehandler.cpp:197]: Couldn't find texture file: gfx/interface/store/banner_subscription_anim.dds.
[texturehandler.cpp:197]: Couldn't find texture file: gfx/interface/store/banner_subscription_anim.dds.
[texturehandler.cpp:197]: Couldn't find texture file: gfx/interface/store/banner_subscription_anim.dds.
[texturehandler.cpp:197]: Couldn't find texture file: gfx/interface/store/banner_subscription_anim.dds.
[texturehandler.cpp:197]: Couldn't find texture file: gfx/interface/store/banner_subscription_anim.dds.
[texturehandler.cpp:197]: Couldn't find texture file: gfx/interface/store/banner_subscription_anim.dds.
[texturehandler.cpp:197]: Couldn't find texture file: gfx/interface/store/banner_subscription_anim.dds.
[texturehandler.cpp:197]: Couldn't find texture file: gfx/interface/store/banner_subscription_anim.dds.
[texturehandler.cpp:197]: Couldn't find texture file: gfx/interface/store/banner_subscription_anim.dds.
[texturehandler.cpp:197]: Couldn't find texture file: gfx/interface/store/banner_subscription_anim.dds.
[texturehandler.cpp:197]: Couldn't find texture file: gfx/interface/store/banner_subscription_anim.dds.
[texturehandler.cpp:197]: Couldn't find texture file: gfx/interface/store/banner_subscription_anim.dds.
[texturehandler.cpp:197]: Couldn't find texture file: gfx/interface/store/banner_subscription_anim.dds.
[texturehandler.cpp:197]: Couldn't find texture file: gfx/interface/store/banner_subscription_anim.dds.
[texturehandler.cpp:197]: Couldn't find texture file: gfx/interface/store/banner_subscription_anim.dds.
[texturehandler.cpp:197]: Couldn't find texture file: gfx/interface/store/banner_subscription_anim.dds.
[texturehandler.cpp:197]: Couldn't find texture file: gfx/interface/store/banner_subscription_anim.dds.
[texturehandler.cpp:197]: Couldn't find texture file: gfx/interface/store/banner_subscription_anim.dds.
[texturehandler.cpp:197]: Couldn't find texture file: gfx/interface/store/banner_subscription_anim.dds.
[texturehandler.cpp:197]: Couldn't find texture file: gfx/interface/store/banner_subscription_anim.dds.
[texturehandler.cpp:197]: Couldn't find texture file: gfx/interface/store/banner_subscription_anim.dds.
[texturehandler.cpp:197]: Couldn't find texture file: gfx/interface/store/banner_subscription_anim.dds.
[texturehandler.cpp:197]: Couldn't find texture file: gfx/interface/store/banner_subscription_anim.dds.
[texturehandler.cpp:197]: Couldn't find texture file: gfx/interface/store/banner_subscription_anim.dds.
[texturehandler.cpp:197]: Couldn't find texture file: gfx/interface/store/banner_subscription_anim.dds.
[texturehandler.cpp:197]: Couldn't find texture file: gfx/interface/store/banner_subscription_anim.dds.
[texturehandler.cpp:197]: Couldn't find texture file: gfx/interface/store/banner_subscription_anim.dds.
[texturehandler.cpp:197]: Couldn't find texture file: gfx/interface/store/banner_subscription_anim.dds.
[texturehandler.cpp:197]: Couldn't find texture file: gfx/interface/store/banner_subscription_anim.dds.
[texturehandler.cpp:197]: Couldn't find texture file: gfx/interface/store/banner_subscription_anim.dds.
[texturehandler.cpp:197]: Couldn't find texture file: gfx/interface/store/banner_subscription_anim.dds.
[texturehandler.cpp:197]: Couldn't find texture file: gfx/interface/store/banner_subscription_anim.dds.
[texturehandler.cpp:197]: Couldn't find texture file: gfx/interface/store/banner_subscription_anim.dds.
[texturehandler.cpp:197]: Couldn't find texture file: gfx/interface/store/banner_subscription_anim.dds.
[texturehandler.cpp:197]: Couldn't find texture file: gfx/interface/store/banner_subscription_anim.dds.
[texturehandler.cpp:197]: Couldn't find texture file: gfx/interface/store/banner_subscription_anim.dds.
[texturehandler.cpp:197]: Couldn't find texture file: gfx/interface/store/banner_subscription_anim.dds.
[texturehandler.cpp:197]: Couldn't find texture file: gfx/interface/store/banner_subscription_anim.dds.
[texturehandler.cpp:197]: Couldn't find texture file: gfx/interface/store/banner_subscription_anim.dds.
[texturehandler.cpp:197]: Couldn't find texture file: gfx/interface/store/banner_subscription_anim.dds.
[texturehandler.cpp:197]: Couldn't find texture file: gfx/interface/store/banner_subscription_anim.dds.
[texturehandler.cpp:197]: Couldn't find texture file: gfx/interface/store/banner_subscription_anim.dds.
[texturehandler.cpp:197]: Couldn't find texture file: gfx/interface/store/banner_subscription_anim.dds.
[texturehandler.cpp:197]: Couldn't find texture file: gfx/interface/store/banner_subscription_anim.dds.
[texturehandler.cpp:197]: Couldn't find texture file: gfx/interface/store/banner_subscription_anim.dds.
[texturehandler.cpp:197]: Couldn't find texture file: gfx/interface/store/banner_subscription_anim.dds.
[texturehandler.cpp:197]: Couldn't find texture file: gfx/interface/store/banner_subscription_anim.dds.
[texturehandler.cpp:197]: Couldn't find texture file: gfx/interface/store/banner_subscription_anim.dds.
[texturehandler.cpp:197]: Couldn't find texture file: gfx/interface/store/banner_subscription_anim.dds.
[texturehandler.cpp:197]: Couldn't find texture file: gfx/interface/store/banner_subscription_anim.dds.
[texturehandler.cpp:197]: Couldn't find texture file: gfx/interface/store/banner_subscription_anim.dds.
[texturehandler.cpp:197]: Couldn't find texture file: gfx/interface/store/banner_subscription_anim.dds.
[texturehandler.cpp:197]: Couldn't find texture file: gfx/interface/store/banner_subscription_anim.dds.
[texturehandler.cpp:197]: Couldn't find texture file: gfx/interface/store/banner_subscription_anim.dds.
[texturehandler.cpp:197]: Couldn't find texture file: gfx/interface/store/banner_subscription_anim.dds.
[texturehandler.cpp:197]: Couldn't find texture file: gfx/interface/store/banner_subscription_anim.dds.
[texturehandler.cpp:197]: Couldn't find texture file: gfx/interface/store/banner_subscription_anim.dds.
[texturehandler.cpp:197]: Couldn't find texture file: gfx/interface/store/banner_subscription_anim.dds.
[texturehandler.cpp:197]: Couldn't find texture file: gfx/interface/store/banner_subscription_anim.dds.
[texturehandler.cpp:197]: Couldn't find texture file: gfx/interface/store/banner_subscription_anim.dds.
[texturehandler.cpp:197]: Couldn't find texture file: gfx/interface/store/banner_subscription_anim.dds.
[texturehandler.cpp:197]: Couldn't find texture file: gfx/interface/store/banner_subscription_anim.dds.
[texturehandler.cpp:197]: Couldn't find texture file: gfx/interface/store/banner_subscription_anim.dds.
[texturehandler.cpp:197]: Couldn't find texture file: gfx/interface/store/banner_subscription_anim.dds.
[texturehandler.cpp:197]: Couldn't find texture file: gfx/interface/store/banner_subscription_anim.dds.
[texturehandler.cpp:197]: Couldn't find texture file: gfx/interface/store/banner_subscription_anim.dds.
[texturehandler.cpp:197]: Couldn't find texture file: gfx/interface/store/banner_subscription_anim.dds.
[texturehandler.cpp:197]: Couldn't find texture file: gfx/interface/store/banner_subscription_anim.dds.
[texturehandler.cpp:197]: Couldn't find texture file: gfx/interface/store/banner_subscription_anim.dds.
[texturehandler.cpp:197]: Couldn't find texture file: gfx/interface/store/banner_subscription_anim.dds.
[texturehandler.cpp:197]: Couldn't find texture file: gfx/interface/store/banner_subscription_anim.dds.
[texturehandler.cpp:197]: Couldn't find texture file: gfx/interface/store/banner_subscription_anim.dds.
[texturehandler.cpp:197]: Couldn't find texture file: gfx/interface/store/banner_subscription_anim.dds.
[texturehandler.cpp:197]: Couldn't find texture file: gfx/interface/store/banner_subscription_anim.dds.
[texturehandler.cpp:197]: Couldn't find texture file: gfx/interface/store/banner_subscription_anim.dds.
[texturehandler.cpp:197]: Couldn't find texture file: gfx/interface/store/banner_subscription_anim.dds.
[texturehandler.cpp:197]: Couldn't find texture file: gfx/interface/store/banner_subscription_anim.dds.
[texturehandler.cpp:197]: Couldn't find texture file: gfx/interface/store/banner_subscription_anim.dds.
[texturehandler.cpp:197]: Couldn't find texture file: gfx/interface/store/banner_subscription_anim.dds.
[texturehandler.cpp:197]: Couldn't find texture file: gfx/interface/store/banner_subscription_anim.dds.
[texturehandler.cpp:197]: Couldn't find texture file: gfx/interface/store/banner_subscription_anim.dds.
[texturehandler.cpp:197]: Couldn't find texture file: gfx/interface/store/banner_subscription_anim.dds.
[texturehandler.cpp:197]: Couldn't find texture file: gfx/interface/store/banner_subscription_anim.dds.
[texturehandler.cpp:197]: Couldn't find texture file: gfx/interface/store/banner_subscription_anim.dds.
[texturehandler.cpp:197]: Couldn't find texture file: gfx/interface/store/banner_subscription_anim.dds.
[texturehandler.cpp:197]: Couldn't find texture file: gfx/interface/store/banner_subscription_anim.dds.
[texturehandler.cpp:197]: Couldn't find texture file: gfx/interface/store/banner_subscription_anim.dds.
[texturehandler.cpp:197]: Couldn't find texture file: gfx/interface/store/banner_subscription_anim.dds.
[texturehandler.cpp:197]: Couldn't find texture file: gfx/interface/store/banner_subscription_anim.dds.
[texturehandler.cpp:197]: Couldn't find texture file: gfx/interface/store/banner_subscription_anim.dds.
[texturehandler.cpp:197]: Couldn't find texture file: gfx/interface/store/banner_subscription_anim.dds.
[texturehandler.cpp:197]: Couldn't find texture file: gfx/interface/store/banner_subscription_anim.dds.
[texturehandler.cpp:197]: Couldn't find texture file: gfx/interface/store/banner_subscription_anim.dds.
[texturehandler.cpp:197]: Couldn't find texture file: gfx/interface/store/banner_subscription_anim.dds.
[texturehandler.cpp:197]: Couldn't find texture file: gfx/interface/store/banner_subscription_anim.dds.
[texturehandler.cpp:197]: Couldn't find texture file: gfx/interface/store/banner_subscription_anim.dds.
[texturehandler.cpp:197]: Couldn't find texture file: gfx/interface/store/banner_subscription_anim.dds.
[texturehandler.cpp:197]: Couldn't find texture file: gfx/interface/store/banner_subscription_anim.dds.
[texturehandler.cpp:197]: Couldn't find texture file: gfx/interface/store/banner_subscription_anim.dds.
[texturehandler.cpp:197]: Couldn't find texture file: gfx/interface/store/banner_subscription_anim.dds.
[texturehandler.cpp:197]: Couldn't find texture file: gfx/interface/store/banner_subscription_anim.dds.
[texturehandler.cpp:197]: Couldn't find texture file: gfx/interface/store/banner_subscription_anim.dds.
[texturehandler.cpp:197]: Couldn't find texture file: gfx/interface/store/banner_subscription_anim.dds.
[texturehandler.cpp:197]: Couldn't find texture file: gfx/interface/store/banner_subscription_anim.dds.
[texturehandler.cpp:197]: Couldn't find texture file: gfx/interface/store/banner_subscription_anim.dds.
[texturehandler.cpp:197]: Couldn't find texture file: gfx/interface/store/banner_subscription_anim.dds.
[texturehandler.cpp:197]: Couldn't find texture file: gfx/interface/store/banner_subscription_anim.dds.
[texturehandler.cpp:197]: Couldn't find texture file: gfx/interface/store/banner_subscription_anim.dds.
[texturehandler.cpp:197]: Couldn't find texture file: gfx/interface/store/banner_subscription_anim.dds.
[texturehandler.cpp:197]: Couldn't find texture file: gfx/interface/store/banner_subscription_anim.dds.
[texturehandler.cpp:197]: Couldn't find texture file: gfx/interface/store/banner_subscription_anim.dds.
[texturehandler.cpp:197]: Couldn't find texture file: gfx/interface/store/banner_subscription_anim.dds.
[texturehandler.cpp:197]: Couldn't find texture file: gfx/interface/store/banner_subscription_anim.dds.
[texturehandler.cpp:197]: Couldn't find texture file: gfx/interface/store/banner_subscription_anim.dds.
[texturehandler.cpp:197]: Couldn't find texture file: gfx/interface/store/banner_subscription_anim.dds.
[texturehandler.cpp:197]: Couldn't find texture file: gfx/interface/store/banner_subscription_anim.dds.
[texturehandler.cpp:197]: Couldn't find texture file: gfx/interface/store/banner_subscription_anim.dds.
[texturehandler.cpp:197]: Couldn't find texture file: gfx/interface/store/banner_subscription_anim.dds.
[texturehandler.cpp:197]: Couldn't find texture file: gfx/interface/store/banner_subscription_anim.dds.
[texturehandler.cpp:197]: Couldn't find texture file: gfx/interface/store/banner_subscription_anim.dds.
[texturehandler.cpp:197]: Couldn't find texture file: gfx/interface/store/banner_subscription_anim.dds.
[texturehandler.cpp:197]: Couldn't find texture file: gfx/interface/store/banner_subscription_anim.dds.
[texturehandler.cpp:197]: Couldn't find texture file: gfx/interface/store/banner_subscription_anim.dds.
[texturehandler.cpp:197]: Couldn't find texture file: gfx/interface/store/banner_subscription_anim.dds.
[texturehandler.cpp:197]: Couldn't find texture file: gfx/interface/store/banner_subscription_anim.dds.
[texturehandler.cpp:197]: Couldn't find texture file: gfx/interface/store/banner_subscription_anim.dds.
[texturehandler.cpp:197]: Couldn't find texture file: gfx/interface/store/banner_subscription_anim.dds.
[texturehandler.cpp:197]: Couldn't find texture file: gfx/interface/store/banner_subscription_anim.dds.
[texturehandler.cpp:197]: Couldn't find texture file: gfx/interface/store/banner_subscription_anim.dds.
[texturehandler.cpp:197]: Couldn't find texture file: gfx/interface/store/banner_subscription_anim.dds.
[texturehandler.cpp:197]: Couldn't find texture file: gfx/interface/store/banner_subscription_anim.dds.
[texturehandler.cpp:197]: Couldn't find texture file: gfx/interface/store/banner_subscription_anim.dds.
[texturehandler.cpp:197]: Couldn't find texture file: gfx/interface/store/banner_subscription_anim.dds.
[texturehandler.cpp:197]: Couldn't find texture file: gfx/interface/store/banner_subscription_anim.dds.
[texturehandler.cpp:197]: Couldn't find texture file: gfx/interface/store/banner_subscription_anim.dds.
[texturehandler.cpp:197]: Couldn't find texture file: gfx/interface/store/banner_subscription_anim.dds.
[texturehandler.cpp:197]: Couldn't find texture file: gfx/interface/store/banner_subscription_anim.dds.
[texturehandler.cpp:197]: Couldn't find texture file: gfx/interface/store/banner_subscription_anim.dds.
[texturehandler.cpp:197]: Couldn't find texture file: gfx/interface/store/banner_subscription_anim.dds.
[texturehandler.cpp:197]: Couldn't find texture file: gfx/interface/store/banner_subscription_anim.dds.
[texturehandler.cpp:197]: Couldn't find texture file: gfx/interface/store/banner_subscription_anim.dds.
[texturehandler.cpp:197]: Couldn't find texture file: gfx/interface/store/banner_subscription_anim.dds.
[texturehandler.cpp:197]: Couldn't find texture file: gfx/interface/store/banner_subscription_anim.dds.
[texturehandler.cpp:197]: Couldn't find texture file: gfx/interface/store/banner_subscription_anim.dds.
[texturehandler.cpp:197]: Couldn't find texture file: gfx/interface/store/banner_subscription_anim.dds.
[texturehandler.cpp:197]: Couldn't find texture file: gfx/interface/store/banner_subscription_anim.dds.
[texturehandler.cpp:197]: Couldn't find texture file: gfx/interface/store/banner_subscription_anim.dds.
[texturehandler.cpp:197]: Couldn't find texture file: gfx/interface/store/banner_subscription_anim.dds.
[texturehandler.cpp:197]: Couldn't find texture file: gfx/interface/store/banner_subscription_anim.dds.
[texturehandler.cpp:197]: Couldn't find texture file: gfx/interface/store/banner_subscription_anim.dds.
[texturehandler.cpp:197]: Couldn't find texture file: gfx/interface/store/banner_subscription_anim.dds.
[texturehandler.cpp:197]: Couldn't find texture file: gfx/interface/store/banner_subscription_anim.dds.
[texturehandler.cpp:197]: Couldn't find texture file: gfx/interface/store/banner_subscription_anim.dds.
[texturehandler.cpp:197]: Couldn't find texture file: gfx/interface/store/banner_subscription_anim.dds.
[texturehandler.cpp:197]: Couldn't find texture file: gfx/interface/store/banner_subscription_anim.dds.
[texturehandler.cpp:197]: Couldn't find texture file: gfx/interface/store/banner_subscription_anim.dds.
[texturehandler.cpp:197]: Couldn't find texture file: gfx/interface/store/banner_subscription_anim.dds.
[texturehandler.cpp:197]: Couldn't find texture file: gfx/interface/store/banner_subscription_anim.dds.
[texturehandler.cpp:197]: Couldn't find texture file: gfx/interface/store/banner_subscription_anim.dds.
[texturehandler.cpp:197]: Couldn't find texture file: gfx/interface/store/banner_subscription_anim.dds.
[texturehandler.cpp:197]: Couldn't find texture file: gfx/interface/store/banner_subscription_anim.dds.
[texturehandler.cpp:197]: Couldn't find texture file: gfx/interface/store/banner_subscription_anim.dds.
[texturehandler.cpp:197]: Couldn't find texture file: gfx/interface/store/banner_subscription_anim.dds.
[texturehandler.cpp:197]: Couldn't find texture file: gfx/interface/store/banner_subscription_anim.dds.
[texturehandler.cpp:197]: Couldn't find texture file: gfx/interface/store/banner_subscription_anim.dds.
[texturehandler.cpp:197]: Couldn't find texture file: gfx/interface/store/banner_subscription_anim.dds.
[texturehandler.cpp:197]: Couldn't find texture file: gfx/interface/store/banner_subscription_anim.dds.
[texturehandler.cpp:197]: Couldn't find texture file: gfx/interface/store/banner_subscription_anim.dds.
[texturehandler.cpp:197]: Couldn't find texture file: gfx/interface/store/banner_subscription_anim.dds.
[texturehandler.cpp:197]: Couldn't find texture file: gfx/interface/store/banner_subscription_anim.dds.
[texturehandler.cpp:197]: Couldn't find texture file: gfx/interface/store/banner_subscription_anim.dds.
[texturehandler.cpp:197]: Couldn't find texture file: gfx/interface/store/banner_subscription_anim.dds.
[texturehandler.cpp:197]: Couldn't find texture file: gfx/interface/store/banner_subscription_anim.dds.
[texturehandler.cpp:197]: Couldn't find texture file: gfx/interface/store/banner_subscription_anim.dds.
[texturehandler.cpp:197]: Couldn't find texture file: gfx/interface/store/banner_subscription_anim.dds.
[texturehandler.cpp:197]: Couldn't find texture file: gfx/interface/store/banner_subscription_anim.dds.
[texturehandler.cpp:197]: Couldn't find texture file: gfx/interface/store/banner_subscription_anim.dds.
[texturehandler.cpp:197]: Couldn't find texture file: gfx/interface/store/banner_subscription_anim.dds.
[texturehandler.cpp:197]: Couldn't find texture file: gfx/interface/store/banner_subscription_anim.dds.
[texturehandler.cpp:197]: Couldn't find texture file: gfx/interface/store/banner_subscription_anim.dds.
[texturehandler.cpp:197]: Couldn't find texture file: gfx/interface/store/banner_subscription_anim.dds.
[texturehandler.cpp:197]: Couldn't find texture file: gfx/interface/store/banner_subscription_anim.dds.
[texturehandler.cpp:197]: Couldn't find texture file: gfx/interface/store/banner_subscription_anim.dds.
[texturehandler.cpp:197]: Couldn't find texture file: gfx/interface/store/banner_subscription_anim.dds.
[texturehandler.cpp:197]: Couldn't find texture file: gfx/interface/store/banner_subscription_anim.dds.
[texturehandler.cpp:197]: Couldn't find texture file: gfx/interface/store/banner_subscription_anim.dds.
[texturehandler.cpp:197]: Couldn't find texture file: gfx/interface/store/banner_subscription_anim.dds.
[texturehandler.cpp:197]: Couldn't find texture file: gfx/interface/store/banner_subscription_anim.dds.
[texturehandler.cpp:197]: Couldn't find texture file: gfx/interface/store/banner_subscription_anim.dds.
[texturehandler.cpp:197]: Couldn't find texture file: gfx/interface/store/banner_subscription_anim.dds.
[texturehandler.cpp:197]: Couldn't find texture file: gfx/interface/store/banner_subscription_anim.dds.
[texturehandler.cpp:197]: Couldn't find texture file: gfx/interface/store/banner_subscription_anim.dds.
[texturehandler.cpp:197]: Couldn't find texture file: gfx/interface/store/banner_subscription_anim.dds.
[texturehandler.cpp:197]: Couldn't find texture file: gfx/interface/store/banner_subscription_anim.dds.
[texturehandler.cpp:197]: Couldn't find texture file: gfx/interface/store/banner_subscription_anim.dds.
[texturehandler.cpp:197]: Couldn't find texture file: gfx/interface/store/banner_subscription_anim.dds.
[texturehandler.cpp:197]: Couldn't find texture file: gfx/interface/store/banner_subscription_anim.dds.
[texturehandler.cpp:197]: Couldn't find texture file: gfx/interface/store/banner_subscription_anim.dds.
[texturehandler.cpp:197]: Couldn't find texture file: gfx/interface/store/banner_subscription_anim.dds.
[texturehandler.cpp:197]: Couldn't find texture file: gfx/interface/store/banner_subscription_anim.dds.
[texturehandler.cpp:197]: Couldn't find texture file: gfx/interface/store/banner_subscription_anim.dds.
[texturehandler.cpp:197]: Couldn't find texture file: gfx/interface/store/banner_subscription_anim.dds.
[texturehandler.cpp:197]: Couldn't find texture file: gfx/interface/store/banner_subscription_anim.dds.
[texturehandler.cpp:197]: Couldn't find texture file: gfx/interface/store/banner_subscription_anim.dds.
[texturehandler.cpp:197]: Couldn't find texture file: gfx/interface/store/banner_subscription_anim.dds.
[texturehandler.cpp:197]: Couldn't find texture file: gfx/interface/store/banner_subscription_anim.dds.
[texturehandler.cpp:197]: Couldn't find texture file: gfx/interface/store/banner_subscription_anim.dds.
[texturehandler.cpp:197]: Couldn't find texture file: gfx/interface/store/banner_subscription_anim.dds.
[texturehandler.cpp:197]: Couldn't find texture file: gfx/interface/store/banner_subscription_anim.dds.
[texturehandler.cpp:197]: Couldn't find texture file: gfx/interface/store/banner_subscription_anim.dds.
[texturehandler.cpp:197]: Couldn't find texture file: gfx/interface/store/banner_subscription_anim.dds.
[texturehandler.cpp:197]: Couldn't find texture file: gfx/interface/store/banner_subscription_anim.dds.
[texturehandler.cpp:197]: Couldn't find texture file: gfx/interface/store/banner_subscription_anim.dds.
[texturehandler.cpp:197]: Couldn't find texture file: gfx/interface/store/banner_subscription_anim.dds.
[texturehandler.cpp:197]: Couldn't find texture file: gfx/interface/store/banner_subscription_anim.dds.
[texturehandler.cpp:197]: Couldn't find texture file: gfx/interface/store/banner_subscription_anim.dds.
[texturehandler.cpp:197]: Couldn't find texture file: gfx/interface/store/banner_subscription_anim.dds.
[texturehandler.cpp:197]: Couldn't find texture file: gfx/interface/store/banner_subscription_anim.dds.
[texturehandler.cpp:197]: Couldn't find texture file: gfx/interface/store/banner_subscription_anim.dds.
[texturehandler.cpp:197]: Couldn't find texture file: gfx/interface/store/banner_subscription_anim.dds.
[texturehandler.cpp:197]: Couldn't find texture file: gfx/interface/store/banner_subscription_anim.dds.
[texturehandler.cpp:197]: Couldn't find texture file: gfx/interface/store/banner_subscription_anim.dds.
[texturehandler.cpp:197]: Couldn't find texture file: gfx/interface/store/banner_subscription_anim.dds.
[texturehandler.cpp:197]: Couldn't find texture file: gfx/interface/store/banner_subscription_anim.dds.
[texturehandler.cpp:197]: Couldn't find texture file: gfx/interface/store/banner_subscription_anim.dds.
[texturehandler.cpp:197]: Couldn't find texture file: gfx/interface/store/banner_subscription_anim.dds.
[texturehandler.cpp:197]: Couldn't find texture file: gfx/interface/store/banner_subscription_anim.dds.
[texturehandler.cpp:197]: Couldn't find texture file: gfx/interface/store/banner_subscription_anim.dds.
[texturehandler.cpp:197]: Couldn't find texture file: gfx/interface/store/banner_subscription_anim.dds.
[texturehandler.cpp:197]: Couldn't find texture file: gfx/interface/store/banner_subscription_anim.dds.
[texturehandler.cpp:197]: Couldn't find texture file: gfx/interface/store/banner_subscription_anim.dds.
[texturehandler.cpp:197]: Couldn't find texture file: gfx/interface/store/banner_subscription_anim.dds.
[texturehandler.cpp:197]: Couldn't find texture file: gfx/interface/store/banner_subscription_anim.dds.
[texturehandler.cpp:197]: Couldn't find texture file: gfx/interface/store/banner_subscription_anim.dds.
[texturehandler.cpp:197]: Couldn't find texture file: gfx/interface/store/banner_subscription_anim.dds.
[texturehandler.cpp:197]: Couldn't find texture file: gfx/interface/store/banner_subscription_anim.dds.
[texturehandler.cpp:197]: Couldn't find texture file: gfx/interface/store/banner_subscription_anim.dds.
[texturehandler.cpp:197]: Couldn't find texture file: gfx/interface/store/banner_subscription_anim.dds.
[texturehandler.cpp:197]: Couldn't find texture file: gfx/interface/store/banner_subscription_anim.dds.
[texturehandler.cpp:197]: Couldn't find texture file: gfx/interface/store/banner_subscription_anim.dds.
[texturehandler.cpp:197]: Couldn't find texture file: gfx/interface/store/banner_subscription_anim.dds.
[texturehandler.cpp:197]: Couldn't find texture file: gfx/interface/store/banner_subscription_anim.dds.
[texturehandler.cpp:197]: Couldn't find texture file: gfx/interface/store/banner_subscription_anim.dds.
[texturehandler.cpp:197]: Couldn't find texture file: gfx/interface/store/banner_subscription_anim.dds.
[texturehandler.cpp:197]: Couldn't find texture file: gfx/interface/store/banner_subscription_anim.dds.
[texturehandler.cpp:197]: Couldn't find texture file: gfx/interface/store/banner_subscription_anim.dds.
[texturehandler.cpp:197]: Couldn't find texture file: gfx/interface/store/banner_subscription_anim.dds.
[texturehandler.cpp:197]: Couldn't find texture file: gfx/interface/store/banner_subscription_anim.dds.
[texturehandler.cpp:197]: Couldn't find texture file: gfx/interface/store/banner_subscription_anim.dds.
[texturehandler.cpp:197]: Couldn't find texture file: gfx/interface/store/banner_subscription_anim.dds.
[texturehandler.cpp:197]: Couldn't find texture file: gfx/interface/store/banner_subscription_anim.dds.
[texturehandler.cpp:197]: Couldn't find texture file: gfx/interface/store/banner_subscription_anim.dds.
[texturehandler.cpp:197]: Couldn't find texture file: gfx/interface/store/banner_subscription_anim.dds.
[texturehandler.cpp:197]: Couldn't find texture file: gfx/interface/store/banner_subscription_anim.dds.
[texturehandler.cpp:197]: Couldn't find texture file: gfx/interface/store/banner_subscription_anim.dds.
[texturehandler.cpp:197]: Couldn't find texture file: gfx/interface/store/banner_subscription_anim.dds.
[texturehandler.cpp:197]: Couldn't find texture file: gfx/interface/store/banner_subscription_anim.dds.
[texturehandler.cpp:197]: Couldn't find texture file: gfx/interface/store/banner_subscription_anim.dds.
[texturehandler.cpp:197]: Couldn't find texture file: gfx/interface/store/banner_subscription_anim.dds.
[texturehandler.cpp:197]: Couldn't find texture file: gfx/interface/store/banner_subscription_anim.dds.
[texturehandler.cpp:197]: Couldn't find texture file: gfx/interface/store/banner_subscription_anim.dds.
[texturehandler.cpp:197]: Couldn't find texture file: gfx/interface/store/banner_subscription_anim.dds.
[texturehandler.cpp:197]: Couldn't find texture file: gfx/interface/store/banner_subscription_anim.dds.
[texturehandler.cpp:197]: Couldn't find texture file: gfx/interface/store/banner_subscription_anim.dds.
[texturehandler.cpp:197]: Couldn't find texture file: gfx/interface/store/banner_subscription_anim.dds.
[texturehandler.cpp:197]: Couldn't find texture file: gfx/interface/store/banner_subscription_anim.dds.
[texturehandler.cpp:197]: Couldn't find texture file: gfx/interface/store/banner_subscription_anim.dds.
[texturehandler.cpp:197]: Couldn't find texture file: gfx/interface/store/banner_subscription_anim.dds.
[texturehandler.cpp:197]: Couldn't find texture file: gfx/interface/store/banner_subscription_anim.dds.
[texturehandler.cpp:197]: Couldn't find texture file: gfx/interface/store/banner_subscription_anim.dds.
[texturehandler.cpp:197]: Couldn't find texture file: gfx/interface/store/banner_subscription_anim.dds.
[texturehandler.cpp:197]: Couldn't find texture file: gfx/interface/store/banner_subscription_anim.dds.
[texturehandler.cpp:197]: Couldn't find texture file: gfx/interface/store/banner_subscription_anim.dds.
[texturehandler.cpp:197]: Couldn't find texture file: gfx/interface/store/banner_subscription_anim.dds.
[texturehandler.cpp:197]: Couldn't find texture file: gfx/interface/store/banner_subscription_anim.dds.
[texturehandler.cpp:197]: Couldn't find texture file: gfx/interface/store/banner_subscription_anim.dds.
[texturehandler.cpp:197]: Couldn't find texture file: gfx/interface/store/banner_subscription_anim.dds.
[texturehandler.cpp:197]: Couldn't find texture file: gfx/interface/store/banner_subscription_anim.dds.
[texturehandler.cpp:197]: Couldn't find texture file: gfx/interface/store/banner_subscription_anim.dds.
[texturehandler.cpp:197]: Couldn't find texture file: gfx/interface/store/banner_subscription_anim.dds.
[texturehandler.cpp:197]: Couldn't find texture file: gfx/interface/store/banner_subscription_anim.dds.
[texturehandler.cpp:197]: Couldn't find texture file: gfx/interface/store/banner_subscription_anim.dds.
[texturehandler.cpp:197]: Couldn't find texture file: gfx/interface/store/banner_subscription_anim.dds.
[texturehandler.cpp:197]: Couldn't find texture file: gfx/interface/store/banner_subscription_anim.dds.
[texturehandler.cpp:197]: Couldn't find texture file: gfx/interface/store/banner_subscription_anim.dds.
[texturehandler.cpp:197]: Couldn't find texture file: gfx/interface/store/banner_subscription_anim.dds.
[texturehandler.cpp:197]: Couldn't find texture file: gfx/interface/store/banner_subscription_anim.dds.
[texturehandler.cpp:197]: Couldn't find texture file: gfx/interface/store/banner_subscription_anim.dds.
[texturehandler.cpp:197]: Couldn't find texture file: gfx/interface/store/banner_subscription_anim.dds.
[texturehandler.cpp:197]: Couldn't find texture file: gfx/interface/store/banner_subscription_anim.dds.
[texturehandler.cpp:197]: Couldn't find texture file: gfx/interface/store/banner_subscription_anim.dds.
[texturehandler.cpp:197]: Couldn't find texture file: gfx/interface/store/banner_subscription_anim.dds.
[texturehandler.cpp:197]: Couldn't find texture file: gfx/interface/store/banner_subscription_anim.dds.
[texturehandler.cpp:197]: Couldn't find texture file: gfx/interface/store/banner_subscription_anim.dds.
[texturehandler.cpp:197]: Couldn't find texture file: gfx/interface/store/banner_subscription_anim.dds.
[texturehandler.cpp:197]: Couldn't find texture file: gfx/interface/store/banner_subscription_anim.dds.
[texturehandler.cpp:197]: Couldn't find texture file: gfx/interface/store/banner_subscription_anim.dds.
[texturehandler.cpp:197]: Couldn't find texture file: gfx/interface/store/banner_subscription_anim.dds.
[texturehandler.cpp:197]: Couldn't find texture file: gfx/interface/store/banner_subscription_anim.dds.
[texturehandler.cpp:197]: Couldn't find texture file: gfx/interface/store/banner_subscription_anim.dds.
[texturehandler.cpp:197]: Couldn't find texture file: gfx/interface/store/banner_subscription_anim.dds.
[texturehandler.cpp:197]: Couldn't find texture file: gfx/interface/store/banner_subscription_anim.dds.
[texturehandler.cpp:197]: Couldn't find texture file: gfx/interface/store/banner_subscription_anim.dds.
[texturehandler.cpp:197]: Couldn't find texture file: gfx/interface/store/banner_subscription_anim.dds.
[texturehandler.cpp:197]: Couldn't find texture file: gfx/interface/store/banner_subscription_anim.dds.
[texturehandler.cpp:197]: Couldn't find texture file: gfx/interface/store/banner_subscription_anim.dds.
[texturehandler.cpp:197]: Couldn't find texture file: gfx/interface/store/banner_subscription_anim.dds.
[texturehandler.cpp:197]: Couldn't find texture file: gfx/interface/store/banner_subscription_anim.dds.
[texturehandler.cpp:197]: Couldn't find texture file: gfx/interface/store/banner_subscription_anim.dds.
[texturehandler.cpp:197]: Couldn't find texture file: gfx/interface/store/banner_subscription_anim.dds.
[texturehandler.cpp:197]: Couldn't find texture file: gfx/interface/store/banner_subscription_anim.dds.
[texturehandler.cpp:197]: Couldn't find texture file: gfx/interface/store/banner_subscription_anim.dds.
[texturehandler.cpp:197]: Couldn't find texture file: gfx/interface/store/banner_subscription_anim.dds.
[texturehandler.cpp:197]: Couldn't find texture file: gfx/interface/store/banner_subscription_anim.dds.
[texturehandler.cpp:197]: Couldn't find texture file: gfx/interface/store/banner_subscription_anim.dds.
[texturehandler.cpp:197]: Couldn't find texture file: gfx/interface/store/banner_subscription_anim.dds.
[texturehandler.cpp:197]: Couldn't find texture file: gfx/interface/store/banner_subscription_anim.dds.
[texturehandler.cpp:197]: Couldn't find texture file: gfx/interface/store/banner_subscription_anim.dds.
[texturehandler.cpp:197]: Couldn't find texture file: gfx/interface/store/banner_subscription_anim.dds.
[texturehandler.cpp:197]: Couldn't find texture file: gfx/interface/store/banner_subscription_anim.dds.
[texturehandler.cpp:197]: Couldn't find texture file: gfx/interface/store/banner_subscription_anim.dds.
[texturehandler.cpp:197]: Couldn't find texture file: gfx/interface/store/banner_subscription_anim.dds.
[texturehandler.cpp:197]: Couldn't find texture file: gfx/interface/store/banner_subscription_anim.dds.
[texturehandler.cpp:197]: Couldn't find texture file: gfx/interface/store/banner_subscription_anim.dds.
[texturehandler.cpp:197]: Couldn't find texture file: gfx/interface/store/banner_subscription_anim.dds.
[texturehandler.cpp:197]: Couldn't find texture file: gfx/interface/store/banner_subscription_anim.dds.
[texturehandler.cpp:197]: Couldn't find texture file: gfx/interface/store/banner_subscription_anim.dds.
[texturehandler.cpp:197]: Couldn't find texture file: gfx/interface/store/banner_subscription_anim.dds.
[texturehandler.cpp:197]: Couldn't find texture file: gfx/interface/store/banner_subscription_anim.dds.
[texturehandler.cpp:197]: Couldn't find texture file: gfx/interface/store/banner_subscription_anim.dds.
[texturehandler.cpp:197]: Couldn't find texture file: gfx/interface/store/banner_subscription_anim.dds.
[texturehandler.cpp:197]: Couldn't find texture file: gfx/interface/store/banner_subscription_anim.dds.
[texturehandler.cpp:197]: Couldn't find texture file: gfx/interface/store/banner_subscription_anim.dds.
[texturehandler.cpp:197]: Couldn't find texture file: gfx/interface/store/banner_subscription_anim.dds.
[texturehandler.cpp:197]: Couldn't find texture file: gfx/interface/store/banner_subscription_anim.dds.
[texturehandler.cpp:197]: Couldn't find texture file: gfx/interface/store/banner_subscription_anim.dds.
[texturehandler.cpp:197]: Couldn't find texture file: gfx/interface/store/banner_subscription_anim.dds.
[texturehandler.cpp:197]: Couldn't find texture file: gfx/interface/store/banner_subscription_anim.dds.
[texturehandler.cpp:197]: Couldn't find texture file: gfx/interface/store/banner_subscription_anim.dds.
[texturehandler.cpp:197]: Couldn't find texture file: gfx/interface/store/banner_subscription_anim.dds.
[texturehandler.cpp:197]: Couldn't find texture file: gfx/interface/store/banner_subscription_anim.dds.
[texturehandler.cpp:197]: Couldn't find texture file: gfx/interface/store/banner_subscription_anim.dds.
[texturehandler.cpp:197]: Couldn't find texture file: gfx/interface/store/banner_subscription_anim.dds.
[texturehandler.cpp:197]: Couldn't find texture file: gfx/interface/store/banner_subscription_anim.dds.
[texturehandler.cpp:197]: Couldn't find texture file: gfx/interface/store/banner_subscription_anim.dds.
[texturehandler.cpp:197]: Couldn't find texture file: gfx/interface/store/banner_subscription_anim.dds.
[texturehandler.cpp:197]: Couldn't find texture file: gfx/interface/store/banner_subscription_anim.dds.
[texturehandler.cpp:197]: Couldn't find texture file: gfx/interface/store/banner_subscription_anim.dds.
[texturehandler.cpp:197]: Couldn't find texture file: gfx/interface/store/banner_subscription_anim.dds.
[texturehandler.cpp:197]: Couldn't find texture file: gfx/interface/store/banner_subscription_anim.dds.
[texturehandler.cpp:197]: Couldn't find texture file: gfx/interface/store/banner_subscription_anim.dds.
[texturehandler.cpp:197]: Couldn't find texture file: gfx/interface/store/banner_subscription_anim.dds.
[texturehandler.cpp:197]: Couldn't find texture file: gfx/interface/store/banner_subscription_anim.dds.
[texturehandler.cpp:197]: Couldn't find texture file: gfx/interface/store/banner_subscription_anim.dds.
[texturehandler.cpp:197]: Couldn't find texture file: gfx/interface/store/banner_subscription_anim.dds.
[texturehandler.cpp:197]: Couldn't find texture file: gfx/interface/store/banner_subscription_anim.dds.
[texturehandler.cpp:197]: Couldn't find texture file: gfx/interface/store/banner_subscription_anim.dds.
[texturehandler.cpp:197]: Couldn't find texture file: gfx/interface/store/banner_subscription_anim.dds.
[texturehandler.cpp:197]: Couldn't find texture file: gfx/interface/store/banner_subscription_anim.dds.
[texturehandler.cpp:197]: Couldn't find texture file: gfx/interface/store/banner_subscription_anim.dds.
[texturehandler.cpp:197]: Couldn't find texture file: gfx/interface/store/banner_subscription_anim.dds.
[texturehandler.cpp:197]: Couldn't find texture file: gfx/interface/store/banner_subscription_anim.dds.
[texturehandler.cpp:197]: Couldn't find texture file: gfx/interface/store/banner_subscription_anim.dds.
[texturehandler.cpp:197]: Couldn't find texture file: gfx/interface/store/banner_subscription_anim.dds.
[texturehandler.cpp:197]: Couldn't find texture file: gfx/interface/store/banner_subscription_anim.dds.
[texturehandler.cpp:197]: Couldn't find texture file: gfx/interface/store/banner_subscription_anim.dds.
[texturehandler.cpp:197]: Couldn't find texture file: gfx/interface/store/banner_subscription_anim.dds.
[texturehandler.cpp:197]: Couldn't find texture file: gfx/interface/store/banner_subscription_anim.dds.
[texturehandler.cpp:197]: Couldn't find texture file: gfx/interface/store/banner_subscription_anim.dds.
[texturehandler.cpp:197]: Couldn't find texture file: gfx/interface/store/banner_subscription_anim.dds.
[texturehandler.cpp:197]: Couldn't find texture file: gfx/interface/store/banner_subscription_anim.dds.
[texturehandler.cpp:197]: Couldn't find texture file: gfx/interface/store/banner_subscription_anim.dds.
[texturehandler.cpp:197]: Couldn't find texture file: gfx/interface/store/banner_subscription_anim.dds.
[texturehandler.cpp:197]: Couldn't find texture file: gfx/interface/store/banner_subscription_anim.dds.
[texturehandler.cpp:197]: Couldn't find texture file: gfx/interface/store/banner_subscription_anim.dds.
[texturehandler.cpp:197]: Couldn't find texture file: gfx/interface/store/banner_subscription_anim.dds.
[texturehandler.cpp:197]: Couldn't find texture file: gfx/interface/store/banner_subscription_anim.dds.
[texturehandler.cpp:197]: Couldn't find texture file: gfx/interface/store/banner_subscription_anim.dds.
[texturehandler.cpp:197]: Couldn't find texture file: gfx/interface/store/banner_subscription_anim.dds.
[texturehandler.cpp:197]: Couldn't find texture file: gfx/interface/store/banner_subscription_anim.dds.
[texturehandler.cpp:197]: Couldn't find texture file: gfx/interface/store/banner_subscription_anim.dds.
[texturehandler.cpp:197]: Couldn't find texture file: gfx/interface/store/banner_subscription_anim.dds.
[texturehandler.cpp:197]: Couldn't find texture file: gfx/interface/store/banner_subscription_anim.dds.
[texturehandler.cpp:197]: Couldn't find texture file: gfx/interface/store/banner_subscription_anim.dds.
[texturehandler.cpp:197]: Couldn't find texture file: gfx/interface/store/banner_subscription_anim.dds.
[texturehandler.cpp:197]: Couldn't find texture file: gfx/interface/store/banner_subscription_anim.dds.
[texturehandler.cpp:197]: Couldn't find texture file: gfx/interface/store/banner_subscription_anim.dds.
[texturehandler.cpp:197]: Couldn't find texture file: gfx/interface/store/banner_subscription_anim.dds.
[texturehandler.cpp:197]: Couldn't find texture file: gfx/interface/store/banner_subscription_anim.dds.
[texturehandler.cpp:197]: Couldn't find texture file: gfx/interface/store/banner_subscription_anim.dds.
[texturehandler.cpp:197]: Couldn't find texture file: gfx/interface/store/banner_subscription_anim.dds.
[texturehandler.cpp:197]: Couldn't find texture file: gfx/interface/store/banner_subscription_anim.dds.
[texturehandler.cpp:197]: Couldn't find texture file: gfx/interface/store/banner_subscription_anim.dds.
[texturehandler.cpp:197]: Couldn't find texture file: gfx/interface/store/banner_subscription_anim.dds.
[texturehandler.cpp:197]: Couldn't find texture file: gfx/interface/store/banner_subscription_anim.dds.
[texturehandler.cpp:197]: Couldn't find texture file: gfx/interface/store/banner_subscription_anim.dds.
[texturehandler.cpp:197]: Couldn't find texture file: gfx/interface/store/banner_subscription_anim.dds.
[texturehandler.cpp:197]: Couldn't find texture file: gfx/interface/store/banner_subscription_anim.dds.
[texturehandler.cpp:197]: Couldn't find texture file: gfx/interface/store/banner_subscription_anim.dds.
[texturehandler.cpp:197]: Couldn't find texture file: gfx/interface/store/banner_subscription_anim.dds.
[texturehandler.cpp:197]: Couldn't find texture file: gfx/interface/store/banner_subscription_anim.dds.
[texturehandler.cpp:197]: Couldn't find texture file: gfx/interface/store/banner_subscription_anim.dds.
[texturehandler.cpp:197]: Couldn't find texture file: gfx/interface/store/banner_subscription_anim.dds.
[texturehandler.cpp:197]: Couldn't find texture file: gfx/interface/store/banner_subscription_anim.dds.
[texturehandler.cpp:197]: Couldn't find texture file: gfx/interface/store/banner_subscription_anim.dds.
[texturehandler.cpp:197]: Couldn't find texture file: gfx/interface/store/banner_subscription_anim.dds.
[texturehandler.cpp:197]: Couldn't find texture file: gfx/interface/store/banner_subscription_anim.dds.
[texturehandler.cpp:197]: Couldn't find texture file: gfx/interface/store/banner_subscription_anim.dds.
[texturehandler.cpp:197]: Couldn't find texture file: gfx/interface/store/banner_subscription_anim.dds.
[texturehandler.cpp:197]: Couldn't find texture file: gfx/interface/store/banner_subscription_anim.dds.
[texturehandler.cpp:197]: Couldn't find texture file: gfx/interface/store/banner_subscription_anim.dds.
[texturehandler.cpp:197]: Couldn't find texture file: gfx/interface/store/banner_subscription_anim.dds.
[texturehandler.cpp:197]: Couldn't find texture file: gfx/interface/store/banner_subscription_anim.dds.
[texturehandler.cpp:197]: Couldn't find texture file: gfx/interface/store/banner_subscription_anim.dds.
[texturehandler.cpp:197]: Couldn't find texture file: gfx/interface/store/banner_subscription_anim.dds.
[texturehandler.cpp:197]: Couldn't find texture file: gfx/interface/store/banner_subscription_anim.dds.
[texturehandler.cpp:197]: Couldn't find texture file: gfx/interface/store/banner_subscription_anim.dds.
[texturehandler.cpp:197]: Couldn't find texture file: gfx/interface/store/banner_subscription_anim.dds.
[texturehandler.cpp:197]: Couldn't find texture file: gfx/interface/store/banner_subscription_anim.dds.
[texturehandler.cpp:197]: Couldn't find texture file: gfx/interface/store/banner_subscription_anim.dds.
[texturehandler.cpp:197]: Couldn't find texture file: gfx/interface/store/banner_subscription_anim.dds.
[texturehandler.cpp:197]: Couldn't find texture file: gfx/interface/store/banner_subscription_anim.dds.
[texturehandler.cpp:197]: Couldn't find texture file: gfx/interface/store/banner_subscription_anim.dds.
[texturehandler.cpp:197]: Couldn't find texture file: gfx/interface/store/banner_subscription_anim.dds.
[texturehandler.cpp:197]: Couldn't find texture file: gfx/interface/store/banner_subscription_anim.dds.
[texturehandler.cpp:197]: Couldn't find texture file: gfx/interface/store/banner_subscription_anim.dds.
[texturehandler.cpp:197]: Couldn't find texture file: gfx/interface/store/banner_subscription_anim.dds.
[texturehandler.cpp:197]: Couldn't find texture file: gfx/interface/store/banner_subscription_anim.dds.
[texturehandler.cpp:197]: Couldn't find texture file: gfx/interface/store/banner_subscription_anim.dds.
[texturehandler.cpp:197]: Couldn't find texture file: gfx/interface/store/banner_subscription_anim.dds.
[texturehandler.cpp:197]: Couldn't find texture file: gfx/interface/store/banner_subscription_anim.dds.
[texturehandler.cpp:197]: Couldn't find texture file: gfx/interface/store/banner_subscription_anim.dds.
[texturehandler.cpp:197]: Couldn't find texture file: gfx/interface/store/banner_subscription_anim.dds.
[texturehandler.cpp:197]: Couldn't find texture file: gfx/interface/store/banner_subscription_anim.dds.
[texturehandler.cpp:197]: Couldn't find texture file: gfx/interface/store/banner_subscription_anim.dds.
[texturehandler.cpp:197]: Couldn't find texture file: gfx/interface/store/banner_subscription_anim.dds.
[texturehandler.cpp:197]: Couldn't find texture file: gfx/interface/store/banner_subscription_anim.dds.
[texturehandler.cpp:197]: Couldn't find texture file: gfx/interface/store/banner_subscription_anim.dds.
[texturehandler.cpp:197]: Couldn't find texture file: gfx/interface/store/banner_subscription_anim.dds.
[texturehandler.cpp:197]: Couldn't find texture file: gfx/interface/store/banner_subscription_anim.dds.
[texturehandler.cpp:197]: Couldn't find texture file: gfx/interface/store/banner_subscription_anim.dds.
[texturehandler.cpp:197]: Couldn't find texture file: gfx/interface/store/banner_subscription_anim.dds.
[texturehandler.cpp:197]: Couldn't find texture file: gfx/interface/store/banner_subscription_anim.dds.
[texturehandler.cpp:197]: Couldn't find texture file: gfx/interface/store/banner_subscription_anim.dds.
[texturehandler.cpp:197]: Couldn't find texture file: gfx/interface/store/banner_subscription_anim.dds.
[texturehandler.cpp:197]: Couldn't find texture file: gfx/interface/store/banner_subscription_anim.dds.
[texturehandler.cpp:197]: Couldn't find texture file: gfx/interface/store/banner_subscription_anim.dds.
[texturehandler.cpp:197]: Couldn't find texture file: gfx/interface/store/banner_subscription_anim.dds.
[texturehandler.cpp:197]: Couldn't find texture file: gfx/interface/store/banner_subscription_anim.dds.
[texturehandler.cpp:197]: Couldn't find texture file: gfx/interface/store/banner_subscription_anim.dds.
[texturehandler.cpp:197]: Couldn't find texture file: gfx/interface/store/banner_subscription_anim.dds.
[texturehandler.cpp:197]: Couldn't find texture file: gfx/interface/store/banner_subscription_anim.dds.
[texturehandler.cpp:197]: Couldn't find texture file: gfx/interface/store/banner_subscription_anim.dds.
[texturehandler.cpp:197]: Couldn't find texture file: gfx/interface/store/banner_subscription_anim.dds.
[texturehandler.cpp:197]: Couldn't find texture file: gfx/interface/store/banner_subscription_anim.dds.
[texturehandler.cpp:197]: Couldn't find texture file: gfx/interface/store/banner_subscription_anim.dds.
[texturehandler.cpp:197]: Couldn't find texture file: gfx/interface/store/banner_subscription_anim.dds.
[texturehandler.cpp:197]: Couldn't find texture file: gfx/interface/store/banner_subscription_anim.dds.
[texturehandler.cpp:197]: Couldn't find texture file: gfx/interface/store/banner_subscription_anim.dds.
[texturehandler.cpp:197]: Couldn't find texture file: gfx/interface/store/banner_subscription_anim.dds.
[texturehandler.cpp:197]: Couldn't find texture file: gfx/interface/store/banner_subscription_anim.dds.
[texturehandler.cpp:197]: Couldn't find texture file: gfx/interface/store/banner_subscription_anim.dds.
[texturehandler.cpp:197]: Couldn't find texture file: gfx/interface/store/banner_subscription_anim.dds.
[texturehandler.cpp:197]: Couldn't find texture file: gfx/interface/store/banner_subscription_anim.dds.
[texturehandler.cpp:197]: Couldn't find texture file: gfx/interface/store/banner_subscription_anim.dds.
[texturehandler.cpp:197]: Couldn't find texture file: gfx/interface/store/banner_subscription_anim.dds.
[texturehandler.cpp:197]: Couldn't find texture file: gfx/interface/store/banner_subscription_anim.dds.
[texturehandler.cpp:197]: Couldn't find texture file: gfx/interface/store/banner_subscription_anim.dds.
[texturehandler.cpp:197]: Couldn't find texture file: gfx/interface/store/banner_subscription_anim.dds.
[texturehandler.cpp:197]: Couldn't find texture file: gfx/interface/store/banner_subscription_anim.dds.
[texturehandler.cpp:197]: Couldn't find texture file: gfx/interface/store/banner_subscription_anim.dds.
[texturehandler.cpp:197]: Couldn't find texture file: gfx/interface/store/banner_subscription_anim.dds.
[texturehandler.cpp:197]: Couldn't find texture file: gfx/interface/store/banner_subscription_anim.dds.
[texturehandler.cpp:197]: Couldn't find texture file: gfx/interface/store/banner_subscription_anim.dds.
[texturehandler.cpp:197]: Couldn't find texture file: gfx/interface/store/banner_subscription_anim.dds.
[texturehandler.cpp:197]: Couldn't find texture file: gfx/interface/store/banner_subscription_anim.dds.
[texturehandler.cpp:197]: Couldn't find texture file: gfx/interface/store/banner_subscription_anim.dds.
[texturehandler.cpp:197]: Couldn't find texture file: gfx/interface/store/banner_subscription_anim.dds.
[texturehandler.cpp:197]: Couldn't find texture file: gfx/interface/store/banner_subscription_anim.dds.
[texturehandler.cpp:197]: Couldn't find texture file: gfx/interface/store/banner_subscription_anim.dds.
[texturehandler.cpp:197]: Couldn't find texture file: gfx/interface/store/banner_subscription_anim.dds.
[texturehandler.cpp:197]: Couldn't find texture file: gfx/interface/store/banner_subscription_anim.dds.
[texturehandler.cpp:197]: Couldn't find texture file: gfx/interface/store/banner_subscription_anim.dds.
[texturehandler.cpp:197]: Couldn't find texture file: gfx/interface/store/banner_subscription_anim.dds.
[texturehandler.cpp:197]: Couldn't find texture file: gfx/interface/store/banner_subscription_anim.dds.
[texturehandler.cpp:197]: Couldn't find texture file: gfx/interface/store/banner_subscription_anim.dds.
[texturehandler.cpp:197]: Couldn't find texture file: gfx/interface/store/banner_subscription_anim.dds.
[texturehandler.cpp:197]: Couldn't find texture file: gfx/interface/store/banner_subscription_anim.dds.
[texturehandler.cpp:197]: Couldn't find texture file: gfx/interface/store/banner_subscription_anim.dds.
[texturehandler.cpp:197]: Couldn't find texture file: gfx/interface/store/banner_subscription_anim.dds.
[texturehandler.cpp:197]: Couldn't find texture file: gfx/interface/store/banner_subscription_anim.dds.
[texturehandler.cpp:197]: Couldn't find texture file: gfx/interface/store/banner_subscription_anim.dds.
[texturehandler.cpp:197]: Couldn't find texture file: gfx/interface/store/banner_subscription_anim.dds.
[texturehandler.cpp:197]: Couldn't find texture file: gfx/interface/store/banner_subscription_anim.dds.
[texturehandler.cpp:197]: Couldn't find texture file: gfx/interface/store/banner_subscription_anim.dds.
[texturehandler.cpp:197]: Couldn't find texture file: gfx/interface/store/banner_subscription_anim.dds.
[texturehandler.cpp:197]: Couldn't find texture file: gfx/interface/store/banner_subscription_anim.dds.
[texturehandler.cpp:197]: Couldn't find texture file: gfx/interface/store/banner_subscription_anim.dds.
[texturehandler.cpp:197]: Couldn't find texture file: gfx/interface/store/banner_subscription_anim.dds.
[texturehandler.cpp:197]: Couldn't find texture file: gfx/interface/store/banner_subscription_anim.dds.
[texturehandler.cpp:197]: Couldn't find texture file: gfx/interface/store/banner_subscription_anim.dds.
[texturehandler.cpp:197]: Couldn't find texture file: gfx/interface/store/banner_subscription_anim.dds.
[texturehandler.cpp:197]: Couldn't find texture file: gfx/interface/store/banner_subscription_anim.dds.
[texturehandler.cpp:197]: Couldn't find texture file: gfx/interface/store/banner_subscription_anim.dds.
[texturehandler.cpp:197]: Couldn't find texture file: gfx/interface/store/banner_subscription_anim.dds.
[texturehandler.cpp:197]: Couldn't find texture file: gfx/interface/store/banner_subscription_anim.dds.
[texturehandler.cpp:197]: Couldn't find texture file: gfx/interface/store/banner_subscription_anim.dds.
[texturehandler.cpp:197]: Couldn't find texture file: gfx/interface/store/banner_subscription_anim.dds.
[texturehandler.cpp:197]: Couldn't find texture file: gfx/interface/store/banner_subscription_anim.dds.
[texturehandler.cpp:197]: Couldn't find texture file: gfx/interface/store/banner_subscription_anim.dds.
[texturehandler.cpp:197]: Couldn't find texture file: gfx/interface/store/banner_subscription_anim.dds.
[texturehandler.cpp:197]: Couldn't find texture file: gfx/interface/store/banner_subscription_anim.dds.
[texturehandler.cpp:197]: Couldn't find texture file: gfx/interface/store/banner_subscription_anim.dds.
[texturehandler.cpp:197]: Couldn't find texture file: gfx/interface/store/banner_subscription_anim.dds.
[texturehandler.cpp:197]: Couldn't find texture file: gfx/interface/store/banner_subscription_anim.dds.
[texturehandler.cpp:197]: Couldn't find texture file: gfx/interface/store/banner_subscription_anim.dds.
[texturehandler.cpp:197]: Couldn't find texture file: gfx/interface/store/banner_subscription_anim.dds.
[texturehandler.cpp:197]: Couldn't find texture file: gfx/interface/store/banner_subscription_anim.dds.
[texturehandler.cpp:197]: Couldn't find texture file: gfx/interface/store/banner_subscription_anim.dds.
[texturehandler.cpp:197]: Couldn't find texture file: gfx/interface/store/banner_subscription_anim.dds.
[texturehandler.cpp:197]: Couldn't find texture file: gfx/interface/store/banner_subscription_anim.dds.
[texturehandler.cpp:197]: Couldn't find texture file: gfx/interface/store/banner_subscription_anim.dds.
[texturehandler.cpp:197]: Couldn't find texture file: gfx/interface/store/banner_subscription_anim.dds.
[texturehandler.cpp:197]: Couldn't find texture file: gfx/interface/store/banner_subscription_anim.dds.
[texturehandler.cpp:197]: Couldn't find texture file: gfx/interface/store/banner_subscription_anim.dds.
[texturehandler.cpp:197]: Couldn't find texture file: gfx/interface/store/banner_subscription_anim.dds.
[texturehandler.cpp:197]: Couldn't find texture file: gfx/interface/store/banner_subscription_anim.dds.
[texturehandler.cpp:197]: Couldn't find texture file: gfx/interface/store/banner_subscription_anim.dds.
[texturehandler.cpp:197]: Couldn't find texture file: gfx/interface/store/banner_subscription_anim.dds.
[texturehandler.cpp:197]: Couldn't find texture file: gfx/interface/store/banner_subscription_anim.dds.
[texturehandler.cpp:197]: Couldn't find texture file: gfx/interface/store/banner_subscription_anim.dds.
[texturehandler.cpp:197]: Couldn't find texture file: gfx/interface/store/banner_subscription_anim.dds.
[texturehandler.cpp:197]: Couldn't find texture file: gfx/interface/store/banner_subscription_anim.dds.
[texturehandler.cpp:197]: Couldn't find texture file: gfx/interface/store/banner_subscription_anim.dds.
[texturehandler.cpp:197]: Couldn't find texture file: gfx/interface/store/banner_subscription_anim.dds.
[texturehandler.cpp:197]: Couldn't find texture file: gfx/interface/store/banner_subscription_anim.dds.
[texturehandler.cpp:197]: Couldn't find texture file: gfx/interface/store/banner_subscription_anim.dds.
[texturehandler.cpp:197]: Couldn't find texture file: gfx/interface/store/banner_subscription_anim.dds.
[texturehandler.cpp:197]: Couldn't find texture file: gfx/interface/store/banner_subscription_anim.dds.
[texturehandler.cpp:197]: Couldn't find texture file: gfx/interface/store/banner_subscription_anim.dds.
[texturehandler.cpp:197]: Couldn't find texture file: gfx/interface/store/banner_subscription_anim.dds.
[texturehandler.cpp:197]: Couldn't find texture file: gfx/interface/store/banner_subscription_anim.dds.
[texturehandler.cpp:197]: Couldn't find texture file: gfx/interface/store/banner_subscription_anim.dds.
[texturehandler.cpp:197]: Couldn't find texture file: gfx/interface/store/banner_subscription_anim.dds.
[texturehandler.cpp:197]: Couldn't find texture file: gfx/interface/store/banner_subscription_anim.dds.
[texturehandler.cpp:197]: Couldn't find texture file: gfx/interface/store/banner_subscription_anim.dds.
[texturehandler.cpp:197]: Couldn't find texture file: gfx/interface/store/banner_subscription_anim.dds.
[texturehandler.cpp:197]: Couldn't find texture file: gfx/interface/store/banner_subscription_anim.dds.
[texturehandler.cpp:197]: Couldn't find texture file: gfx/interface/store/banner_subscription_anim.dds.
[texturehandler.cpp:197]: Couldn't find texture file: gfx/interface/store/banner_subscription_anim.dds.
[texturehandler.cpp:197]: Couldn't find texture file: gfx/interface/store/banner_subscription_anim.dds.
[texturehandler.cpp:197]: Couldn't find texture file: gfx/interface/store/banner_subscription_anim.dds.
[texturehandler.cpp:197]: Couldn't find texture file: gfx/interface/store/banner_subscription_anim.dds.
[texturehandler.cpp:197]: Couldn't find texture file: gfx/interface/store/banner_subscription_anim.dds.
[texturehandler.cpp:197]: Couldn't find texture file: gfx/interface/store/banner_subscription_anim.dds.
[texturehandler.cpp:197]: Couldn't find texture file: gfx/interface/store/banner_subscription_anim.dds.
[texturehandler.cpp:197]: Couldn't find texture file: gfx/interface/store/banner_subscription_anim.dds.
[texturehandler.cpp:197]: Couldn't find texture file: gfx/interface/store/banner_subscription_anim.dds.
[texturehandler.cpp:197]: Couldn't find texture file: gfx/interface/store/banner_subscription_anim.dds.
[texturehandler.cpp:197]: Couldn't find texture file: gfx/interface/store/banner_subscription_anim.dds.
[texturehandler.cpp:197]: Couldn't find texture file: gfx/interface/store/banner_subscription_anim.dds.
[texturehandler.cpp:197]: Couldn't find texture file: gfx/interface/store/banner_subscription_anim.dds.
[texturehandler.cpp:197]: Couldn't find texture file: gfx/interface/store/banner_subscription_anim.dds.
[texturehandler.cpp:197]: Couldn't find texture file: gfx/interface/store/banner_subscription_anim.dds.
[texturehandler.cpp:197]: Couldn't find texture file: gfx/interface/store/banner_subscription_anim.dds.
[texturehandler.cpp:197]: Couldn't find texture file: gfx/interface/store/banner_subscription_anim.dds.
[texturehandler.cpp:197]: Couldn't find texture file: gfx/interface/store/banner_subscription_anim.dds.
[texturehandler.cpp:197]: Couldn't find texture file: gfx/interface/store/banner_subscription_anim.dds.
[texturehandler.cpp:197]: Couldn't find texture file: gfx/interface/store/banner_subscription_anim.dds.
[texturehandler.cpp:197]: Couldn't find texture file: gfx/interface/store/banner_subscription_anim.dds.
[texturehandler.cpp:197]: Couldn't find texture file: gfx/interface/store/banner_subscription_anim.dds.
[texturehandler.cpp:197]: Couldn't find texture file: gfx/interface/store/banner_subscription_anim.dds.
[texturehandler.cpp:197]: Couldn't find texture file: gfx/interface/store/banner_subscription_anim.dds.
[texturehandler.cpp:197]: Couldn't find texture file: gfx/interface/store/banner_subscription_anim.dds.
[texturehandler.cpp:197]: Couldn't find texture file: gfx/interface/store/banner_subscription_anim.dds.
[texturehandler.cpp:197]: Couldn't find texture file: gfx/interface/store/banner_subscription_anim.dds.
[texturehandler.cpp:197]: Couldn't find texture file: gfx/interface/store/banner_subscription_anim.dds.
[texturehandler.cpp:197]: Couldn't find texture file: gfx/interface/store/banner_subscription_anim.dds.
[texturehandler.cpp:197]: Couldn't find texture file: gfx/interface/store/banner_subscription_anim.dds.
[texturehandler.cpp:197]: Couldn't find texture file: gfx/interface/store/banner_subscription_anim.dds.
[texturehandler.cpp:197]: Couldn't find texture file: gfx/interface/store/banner_subscription_anim.dds.
[texturehandler.cpp:197]: Couldn't find texture file: gfx/interface/store/banner_subscription_anim.dds.
[texturehandler.cpp:197]: Couldn't find texture file: gfx/interface/store/banner_subscription_anim.dds.
[texturehandler.cpp:197]: Couldn't find texture file: gfx/interface/store/banner_subscription_anim.dds.
[texturehandler.cpp:197]: Couldn't find texture file: gfx/interface/store/banner_subscription_anim.dds.
[texturehandler.cpp:197]: Couldn't find texture file: gfx/interface/store/banner_subscription_anim.dds.
[texturehandler.cpp:197]: Couldn't find texture file: gfx/interface/store/banner_subscription_anim.dds.
[texturehandler.cpp:197]: Couldn't find texture file: gfx/interface/store/banner_subscription_anim.dds.
[texturehandler.cpp:197]: Couldn't find texture file: gfx/interface/store/banner_subscription_anim.dds.
[texturehandler.cpp:197]: Couldn't find texture file: gfx/interface/store/banner_subscription_anim.dds.
[texturehandler.cpp:197]: Couldn't find texture file: gfx/interface/store/banner_subscription_anim.dds.
[texturehandler.cpp:197]: Couldn't find texture file: gfx/interface/store/banner_subscription_anim.dds.
[texturehandler.cpp:197]: Couldn't find texture file: gfx/interface/store/banner_subscription_anim.dds.
[texturehandler.cpp:197]: Couldn't find texture file: gfx/interface/store/banner_subscription_anim.dds.
[texturehandler.cpp:197]: Couldn't find texture file: gfx/interface/store/banner_subscription_anim.dds.
[texturehandler.cpp:197]: Couldn't find texture file: gfx/interface/store/banner_subscription_anim.dds.
[texturehandler.cpp:197]: Couldn't find texture file: gfx/interface/store/banner_subscription_anim.dds.
[texturehandler.cpp:197]: Couldn't find texture file: gfx/interface/store/banner_subscription_anim.dds.
[texturehandler.cpp:197]: Couldn't find texture file: gfx/interface/store/banner_subscription_anim.dds.
[texturehandler.cpp:197]: Couldn't find texture file: gfx/interface/store/banner_subscription_anim.dds.
[texturehandler.cpp:197]: Couldn't find texture file: gfx/interface/store/banner_subscription_anim.dds.
[texturehandler.cpp:197]: Couldn't find texture file: gfx/interface/store/banner_subscription_anim.dds.
[texturehandler.cpp:197]: Couldn't find texture file: gfx/interface/store/banner_subscription_anim.dds.
[texturehandler.cpp:197]: Couldn't find texture file: gfx/interface/store/banner_subscription_anim.dds.
[texturehandler.cpp:197]: Couldn't find texture file: gfx/interface/store/banner_subscription_anim.dds.
[texturehandler.cpp:197]: Couldn't find texture file: gfx/interface/store/banner_subscription_anim.dds.
[texturehandler.cpp:197]: Couldn't find texture file: gfx/interface/store/banner_subscription_anim.dds.
[texturehandler.cpp:197]: Couldn't find texture file: gfx/interface/store/banner_subscription_anim.dds.
[texturehandler.cpp:197]: Couldn't find texture file: gfx/interface/store/banner_subscription_anim.dds.
[texturehandler.cpp:197]: Couldn't find texture file: gfx/interface/store/banner_subscription_anim.dds.
[texturehandler.cpp:197]: Couldn't find texture file: gfx/interface/store/banner_subscription_anim.dds.
[texturehandler.cpp:197]: Couldn't find texture file: gfx/interface/store/banner_subscription_anim.dds.
