[main.cpp:1061]: 
------------ Initialization data --------------
Version: 3.3.3 (SOHY)
Hash: f516e46 (f516e462e59191b81830e60733feb085c12dc0ce)
Time stamp: 2020-05-06 12:57:06 +0200
-----------------------------------------------
[musicmanager.cpp:103]: Loaded 2 songs.
[musicmanager.cpp:103]: Loaded 6 songs.
[musicmanager.cpp:103]: Loaded 8 songs.
[musicmanager.cpp:103]: Loaded 13 songs.
[musicmanager.cpp:103]: Loaded 16 songs.
[musicmanager.cpp:103]: Loaded 18 songs.
[musicmanager.cpp:103]: Loaded 20 songs.
[musicmanager.cpp:103]: Loaded 24 songs.
[musicmanager.cpp:103]: Loaded 29 songs.
[musicmanager.cpp:103]: Loaded 32 songs.
[musicmanager.cpp:103]: Loaded 37 songs.
[musicmanager.cpp:103]: Loaded 41 songs.
[musicmanager.cpp:103]: Loaded 45 songs.
[musicmanager.cpp:103]: Loaded 48 songs.
[musicmanager.cpp:103]: Loaded 51 songs.
[musicmanager.cpp:103]: Loaded 76 songs.
[musicmanager.cpp:103]: Loaded 79 songs.
[musicmanager.cpp:103]: Loaded 80 songs.
[musicmanager.cpp:103]: Loaded 83 songs.
[musicmanager.cpp:103]: Loaded 87 songs.
[musicmanager.cpp:103]: Loaded 93 songs.
[special_troops.cpp:159]: Special troop Type #0 tag = 
[special_troops.cpp:159]: Special troop Type #1 tag = horse_archers
[special_troops.cpp:159]: Special troop Type #2 tag = war_elephants
[special_troops.cpp:159]: Special troop Type #3 tag = camel_cavalry
[ck_application.cpp:646]: Special Troops Types Initialized
[traderoute.cpp:588]: Trade route #0 tag = 
[traderoute.cpp:588]: Trade route #1 tag = silk_road
[traderoute.cpp:588]: Trade route #2 tag = trans_saharan_trade_route
[ck_application.cpp:650]: Trade routes Initialized
[ck_application.cpp:654]: Successions Initialized
[ck_application.cpp:683]: Loaded GUI Definition File: interface/DefaultDialog.gui
[ck_application.cpp:683]: Loaded GUI Definition File: interface/EU3_core.gui
[ck_application.cpp:683]: Loaded GUI Definition File: interface/EU3_credits.gui
[ck_application.cpp:683]: Loaded GUI Definition File: interface/EU3_nudge.gui
[ck_application.cpp:683]: Loaded GUI Definition File: interface/Find_province.gui
[ck_application.cpp:683]: Loaded GUI Definition File: interface/Frontend_settings.gui
[ck_application.cpp:683]: Loaded GUI Definition File: interface/Ingame_settings_menu.gui
[ck_application.cpp:683]: Loaded GUI Definition File: interface/alerts.gui
[ck_application.cpp:683]: Loaded GUI Definition File: interface/ally_orders.gui
[ck_application.cpp:683]: Loaded GUI Definition File: interface/alternate_start.gui
[ck_application.cpp:683]: Loaded GUI Definition File: interface/announcement_view.gui
[ck_application.cpp:683]: Loaded GUI Definition File: interface/bloodlinememberview.gui
[ck_application.cpp:683]: Loaded GUI Definition File: interface/bloodlines.gui
[ck_application.cpp:683]: Loaded GUI Definition File: interface/buildview.gui
[ck_application.cpp:683]: Loaded GUI Definition File: interface/char_mission_dialogs.gui
[ck_application.cpp:683]: Loaded GUI Definition File: interface/character_selection.gui
[ck_application.cpp:683]: Loaded GUI Definition File: interface/characterinteraction.gui
[ck_application.cpp:683]: Loaded GUI Definition File: interface/chat.gui
[ck_application.cpp:683]: Loaded GUI Definition File: interface/combat.gui
[ck_application.cpp:683]: Loaded GUI Definition File: interface/contentview.gui
[ck_application.cpp:683]: Loaded GUI Definition File: interface/crusades.gui
[ck_application.cpp:683]: Loaded GUI Definition File: interface/customize_dynasty.gui
[ck_application.cpp:683]: Loaded GUI Definition File: interface/dlcrecommendations_debugview.gui
[ck_application.cpp:683]: Loaded GUI Definition File: interface/domestic_characters.gui
[ck_application.cpp:683]: Loaded GUI Definition File: interface/domestic_court.gui
[ck_application.cpp:683]: Loaded GUI Definition File: interface/domestic_diplomacy.gui
[ck_application.cpp:683]: Loaded GUI Definition File: interface/domestic_dynastic.gui
[ck_application.cpp:683]: Loaded GUI Definition File: interface/domestic_factions.gui
[ck_application.cpp:683]: Loaded GUI Definition File: interface/domestic_law.gui
[ck_application.cpp:683]: Loaded GUI Definition File: interface/domestic_military.gui
[ck_application.cpp:683]: Loaded GUI Definition File: interface/domestic_missions.gui
[ck_application.cpp:683]: Loaded GUI Definition File: interface/domestic_nomad.gui
[ck_application.cpp:683]: Loaded GUI Definition File: interface/domestic_offmaps.gui
[ck_application.cpp:683]: Loaded GUI Definition File: interface/domestic_overview.gui
[ck_application.cpp:683]: Loaded GUI Definition File: interface/domestic_plots.gui
[ck_application.cpp:683]: Loaded GUI Definition File: interface/domestic_religion.gui
[ck_application.cpp:683]: Loaded GUI Definition File: interface/domestic_republic.gui
[ck_application.cpp:683]: Loaded GUI Definition File: interface/domestic_societies.gui
[ck_application.cpp:683]: Loaded GUI Definition File: interface/domestic_technology.gui
[ck_application.cpp:683]: Loaded GUI Definition File: interface/domestic_treasury.gui
[ck_application.cpp:683]: Loaded GUI Definition File: interface/dynasty_tree.gui
[ck_application.cpp:683]: Loaded GUI Definition File: interface/end_of_combat.gui
[ck_application.cpp:683]: Loaded GUI Definition File: interface/end_of_siege.gui
[ck_application.cpp:683]: Loaded GUI Definition File: interface/eventwindow.gui
[ck_application.cpp:683]: Loaded GUI Definition File: interface/focusview.gui
[ck_application.cpp:683]: Loaded GUI Definition File: interface/frontend.gui
[ck_application.cpp:683]: Loaded GUI Definition File: interface/frontend_subscription.gui
[ck_application.cpp:683]: Loaded GUI Definition File: interface/game_rules.gui
[ck_application.cpp:683]: Loaded GUI Definition File: interface/highlighted_ruler.gui
[ck_application.cpp:683]: Loaded GUI Definition File: interface/hints.gui
[ck_application.cpp:683]: Loaded GUI Definition File: interface/ingamelobby.gui
[ck_application.cpp:683]: Loaded GUI Definition File: interface/landing_pages.gui
[ck_application.cpp:683]: Loaded GUI Definition File: interface/language_selection.gui
[ck_application.cpp:683]: Loaded GUI Definition File: interface/ledger.gui
[ck_application.cpp:683]: Loaded GUI Definition File: interface/load_screen.gui
[ck_application.cpp:683]: Loaded GUI Definition File: interface/main.gui
[ck_application.cpp:683]: Loaded GUI Definition File: interface/mainmenu_rtt.gui
[ck_application.cpp:683]: Loaded GUI Definition File: interface/mainmenuview.gui
[ck_application.cpp:683]: Loaded GUI Definition File: interface/mapicons.gui
[ck_application.cpp:683]: Loaded GUI Definition File: interface/matchmaking.gui
[ck_application.cpp:683]: Loaded GUI Definition File: interface/matchmaking_chat.gui
[ck_application.cpp:683]: Loaded GUI Definition File: interface/menubar.gui
[ck_application.cpp:683]: Loaded GUI Definition File: interface/messagesettings.gui
[ck_application.cpp:683]: Loaded GUI Definition File: interface/metaserver.gui
[ck_application.cpp:683]: Loaded GUI Definition File: interface/outliner.gui
[ck_application.cpp:683]: Loaded GUI Definition File: interface/profiling_viewer.gui
[ck_application.cpp:683]: Loaded GUI Definition File: interface/province.gui
[ck_application.cpp:683]: Loaded GUI Definition File: interface/religion_reformation.gui
[ck_application.cpp:683]: Loaded GUI Definition File: interface/rename_title.gui
[ck_application.cpp:683]: Loaded GUI Definition File: interface/rightclickmenu.gui
[ck_application.cpp:683]: Loaded GUI Definition File: interface/singleplayerview.gui
[ck_application.cpp:683]: Loaded GUI Definition File: interface/store.gui
[ck_application.cpp:683]: Loaded GUI Definition File: interface/succession.gui
[ck_application.cpp:683]: Loaded GUI Definition File: interface/title_history.gui
[ck_application.cpp:683]: Loaded GUI Definition File: interface/tooltip.gui
[ck_application.cpp:683]: Loaded GUI Definition File: interface/tutorial.gui
[ck_application.cpp:683]: Loaded GUI Definition File: interface/tutorial_control.gui
[ck_application.cpp:683]: Loaded GUI Definition File: interface/unitpanel.gui
[ck_application.cpp:683]: Loaded GUI Definition File: interface/waroverview.gui
[ck_application.cpp:683]: Loaded GUI Definition File: interface/wonder.gui
[ck_application.cpp:701]: Loaded Portrait Offset File: byzantine_early_offsets.txt
[ck_application.cpp:701]: Loaded Portrait Offset File: byzantine_offsets.txt
[ck_application.cpp:1006]: Scripted Triggers Initialized
[ck_application.cpp:1014]: Scripted Effects Initialized
[ck_application.cpp:1023]: Scripted ScoreValues Initialized and Loaded
[modifier.cpp:1642]: StaticModifier #0 tag = very_easy_player name = Very Easy Difficulty
[modifier.cpp:1642]: StaticModifier #1 tag = easy_player name = Easy Difficulty
[modifier.cpp:1642]: StaticModifier #2 tag = normal_player name = dummy
[modifier.cpp:1642]: StaticModifier #3 tag = hard_player name = Hard Difficulty
[modifier.cpp:1642]: StaticModifier #4 tag = very_hard_player name = Very Hard Difficulty
[modifier.cpp:1642]: StaticModifier #5 tag = very_easy_ai name = Very Easy Difficulty
[modifier.cpp:1642]: StaticModifier #6 tag = easy_ai name = Easy Difficulty
[modifier.cpp:1642]: StaticModifier #7 tag = normal_ai name = dummy
[modifier.cpp:1642]: StaticModifier #8 tag = hard_ai name = Hard Difficulty
[modifier.cpp:1642]: StaticModifier #9 tag = very_hard_ai name = Very Hard Difficulty
[modifier.cpp:1642]: StaticModifier #10 tag = province_base_values name = Base
[modifier.cpp:1642]: StaticModifier #11 tag = coastal name = Coastal
[modifier.cpp:1642]: StaticModifier #12 tag = non_coastal name = Non Coastal
[modifier.cpp:1642]: StaticModifier #13 tag = coastal_sea name = Coastal Sea
[modifier.cpp:1642]: StaticModifier #14 tag = sea_zone name = Sea Zone
[modifier.cpp:1642]: StaticModifier #15 tag = land_province name = Base
[modifier.cpp:1642]: StaticModifier #16 tag = mild_winter name = Mild Winter
[modifier.cpp:1642]: StaticModifier #17 tag = normal_winter name = Normal Winter
[modifier.cpp:1642]: StaticModifier #18 tag = severe_winter name = Severe Winter
[modifier.cpp:1642]: StaticModifier #19 tag = out_of_supply name = Out of Supply
[modifier.cpp:1642]: StaticModifier #20 tag = no_adjacent_controlled name = No Adjacent Controlled
[modifier.cpp:1642]: StaticModifier #21 tag = same_culture_group name = Different Culture
[modifier.cpp:1642]: StaticModifier #22 tag = non_accepted_culture name = Different Culture Group
[modifier.cpp:1642]: StaticModifier #23 tag = same_religion_group name = Different Religion
[modifier.cpp:1642]: StaticModifier #24 tag = different_religion name = Different Religion Group
[modifier.cpp:1642]: StaticModifier #25 tag = county_heresy name = Heresy
[modifier.cpp:1642]: StaticModifier #26 tag = nomad_ruling_clan_too_powerful name = Minor Clans on the Rise
[modifier.cpp:1642]: StaticModifier #27 tag = county_isolated name = Isolated County
[modifier.cpp:1642]: StaticModifier #28 tag = new_administration name = New Administration
[modifier.cpp:1642]: StaticModifier #29 tag = recently_conquered name = Recently Conquered
[modifier.cpp:1642]: StaticModifier #30 tag = occupied name = Recently Conquered
[modifier.cpp:1642]: StaticModifier #31 tag = occupied_different_culture name = Recently conquered (different culture)
[modifier.cpp:1642]: StaticModifier #32 tag = occupied_different_culturegroup name = Recently conquered (different culture group)
[modifier.cpp:1642]: StaticModifier #33 tag = occupied_different_religion name = Recently conquered (different religion)
[modifier.cpp:1642]: StaticModifier #34 tag = occupied_different_religiongroup name = Recently conquered (different religious group)
[modifier.cpp:1642]: StaticModifier #35 tag = looted_modifier name = Looted
[modifier.cpp:1642]: StaticModifier #36 tag = maintaining_mercenary_band name = Maintaining Mercenary Band
[modifier.cpp:1642]: StaticModifier #37 tag = maintaining_mercenary_band_2 name = Maintaining Mercenary Band
[modifier.cpp:1642]: StaticModifier #38 tag = maintaining_mercenary_band_3 name = Maintaining Mercenary Band
[modifier.cpp:1642]: StaticModifier #39 tag = maintaining_mercenary_band_4 name = Maintaining Mercenary Band
[modifier.cpp:1642]: StaticModifier #40 tag = maintaining_mercenary_band_5 name = Maintaining Mercenary Band
[modifier.cpp:1642]: StaticModifier #41 tag = maintaining_mercenary_band_6 name = Maintaining Mercenary Band
[modifier.cpp:1642]: StaticModifier #42 tag = maintaining_mercenary_band_7 name = Maintaining Mercenary Band
[modifier.cpp:1642]: StaticModifier #43 tag = occupied_tutorial name = dummy
[modifier.cpp:1642]: StaticModifier #44 tag = troops_tutorial name = dummy
[modifier.cpp:1642]: StaticModifier #45 tag = under_siege name = Under Siege
[modifier.cpp:1642]: StaticModifier #46 tag = revolt_risk name = Revolt Risk
[modifier.cpp:1642]: StaticModifier #47 tag = foreign_rebels name = Foreign support of rebels 
[modifier.cpp:1642]: StaticModifier #48 tag = jizya_tax name = [GetJizyaNameCap] Tax
[modifier.cpp:1642]: StaticModifier #49 tag = settled_adventurer name = Settled Adventurer
[modifier.cpp:1642]: StaticModifier #50 tag = river_crossing name = River crossing
[modifier.cpp:1642]: StaticModifier #51 tag = major_river_crossing name = Major River crossing
[modifier.cpp:1642]: StaticModifier #52 tag = strait_crossing name = Strait crossing
[modifier.cpp:1642]: StaticModifier #53 tag = amphibious_landing name = Amphibious landing
[modifier.cpp:1642]: StaticModifier #54 tag = defenderbonus_mountain name = Mountains
[modifier.cpp:1642]: StaticModifier #55 tag = defenderbonus_hills name = Hills
[modifier.cpp:1642]: StaticModifier #56 tag = defenderbonus_jungle name = Jungle
[modifier.cpp:1642]: StaticModifier #57 tag = defenderbonus_forest name = Forest
[modifier.cpp:1642]: StaticModifier #58 tag = defenderbonus_desert name = Desert
[modifier.cpp:1642]: StaticModifier #59 tag = personally_leading_troops name = Ruler Personally Leading Troops
[modifier.cpp:1642]: StaticModifier #60 tag = static_diplomacy_mod name = Diplomacy Skill
[modifier.cpp:1642]: StaticModifier #61 tag = static_intrigue_mod name = Intrigue Skill
[modifier.cpp:1642]: StaticModifier #62 tag = static_stewardship_mod name = Stewardship Skill
[modifier.cpp:1642]: StaticModifier #63 tag = static_martial_mod name = Martial Skill
[modifier.cpp:1642]: StaticModifier #64 tag = static_learning_mod name = Learning
[modifier.cpp:1642]: StaticModifier #65 tag = base_values name = Base Values
[modifier.cpp:1642]: StaticModifier #66 tag = war name = War
[modifier.cpp:1642]: StaticModifier #67 tag = peace name = Peace
[modifier.cpp:1642]: StaticModifier #68 tag = pretender_modifier name = dummy
[modifier.cpp:1642]: StaticModifier #69 tag = castle name = Castle
[modifier.cpp:1642]: StaticModifier #70 tag = city name = City
[modifier.cpp:1642]: StaticModifier #71 tag = temple name = Temple
[modifier.cpp:1642]: StaticModifier #72 tag = tribal name = Tribe
[modifier.cpp:1642]: StaticModifier #73 tag = nomad name = Nomad
[modifier.cpp:1642]: StaticModifier #74 tag = trade_post name = Trade Post
[modifier.cpp:1642]: StaticModifier #75 tag = family_palace name = Palace
[modifier.cpp:1642]: StaticModifier #76 tag = fort name = Fort
[modifier.cpp:1642]: StaticModifier #77 tag = hospital name = Hospital
[modifier.cpp:1642]: StaticModifier #78 tag = age_child name = Child
[modifier.cpp:1642]: StaticModifier #79 tag = age_teen name = Teenager
[modifier.cpp:1642]: StaticModifier #80 tag = age_young name = Young Adult
[modifier.cpp:1642]: StaticModifier #81 tag = age_adult name = Adult
[modifier.cpp:1642]: StaticModifier #82 tag = age_old name = Old Age
[modifier.cpp:1642]: StaticModifier #83 tag = age_very_old name = Old Age
[modifier.cpp:1642]: StaticModifier #84 tag = statecraft_liege_mod name = Councilor: Statecraft
[modifier.cpp:1642]: StaticModifier #85 tag = apostate_liege_mod name = Councilor: Hunt Apostates
[modifier.cpp:1642]: StaticModifier #86 tag = organize_army_liege_mod name = Councilor: Organize Army
[modifier.cpp:1642]: StaticModifier #87 tag = successful_mission name = Successful Mission
[modifier.cpp:1642]: StaticModifier #88 tag = failed_mission name = Failed Mission
[modifier.cpp:1642]: StaticModifier #89 tag = nomad_horse_offensive_modifier name = Capital is in a Steppe, Desert or Plains county
[modifier.cpp:1642]: StaticModifier #90 tag = nomad_horse_defensive_modifier name = Capital is in a Mountains, Hills or Arctic county
[modifier.cpp:1642]: StaticModifier #91 tag = tribal_wrong_religion_group_modifier name = Wrong Religion
[modifier.cpp:1642]: StaticModifier #92 tag = tribal_wrong_religion_reformed_modifier name = Wrong Religion
[modifier.cpp:1642]: StaticModifier #93 tag = tribal_wrong_religion_modifier name = Wrong Religion
[modifier.cpp:1642]: StaticModifier #94 tag = tribal_wrong_culture_group_modifier name = Wrong Culture
[modifier.cpp:1642]: StaticModifier #95 tag = tribal_wrong_culture_modifier name = Wrong Culture
[modifier.cpp:1642]: StaticModifier #96 tag = capital_county_independent_holder name = Capital County
[modifier.cpp:1642]: StaticModifier #97 tag = capital_county_vassal_count name = Capital County
[modifier.cpp:1642]: StaticModifier #98 tag = capital_county_vassal name = Capital County
[modifier.cpp:1642]: StaticModifier #99 tag = capital_duchy_independent_holder name = Capital Duchy
[modifier.cpp:1642]: StaticModifier #100 tag = capital_duchy_vassal name = Capital Duchy
[modifier.cpp:1642]: StaticModifier #101 tag = capital_kingdom name = Capital Kingdom
[modifier.cpp:1642]: StaticModifier #102 tag = capital_empire name = Capital Empire
[modifier.cpp:1642]: StaticModifier #103 tag = outside_capital_empire name = Outside Capital Regions
[modifier.cpp:1642]: StaticModifier #104 tag = the_dungeon name = In the Dungeon
[modifier.cpp:1642]: StaticModifier #105 tag = the_oubliette name = In the Oubliette
[modifier.cpp:1642]: StaticModifier #106 tag = house_arrest name = Under House Arrest
[modifier.cpp:1642]: StaticModifier #107 tag = truce_breaker name = Truce Breaker
[modifier.cpp:1642]: StaticModifier #108 tag = nomad_agitation name = Nomad Agitation
[modifier.cpp:1642]: StaticModifier #109 tag = negative_money name = Lack of Funds
[modifier.cpp:1642]: StaticModifier #110 tag = promised_a_title name = Promised a Title
[modifier.cpp:1642]: StaticModifier #111 tag = promised_a_marriage name = Promised a Marriage
[modifier.cpp:1642]: StaticModifier #112 tag = the_merciful name = Merciful
[modifier.cpp:1642]: StaticModifier #113 tag = the_bountiful name = Bountiful
[modifier.cpp:1642]: StaticModifier #114 tag = illumination name = Illumination
[modifier.cpp:1642]: StaticModifier #115 tag = aspiring_poet name = Aspiring Poet
[modifier.cpp:1642]: StaticModifier #116 tag = aspiring_duelist name = Aspiring Duelist
[modifier.cpp:1642]: StaticModifier #117 tag = aspiring_hunter name = Aspiring Hunter
[modifier.cpp:1642]: StaticModifier #118 tag = aspiring_falconer name = Aspiring Falconer
[modifier.cpp:1642]: StaticModifier #119 tag = sweet_temptation name = Sweet Temptation
[modifier.cpp:1642]: StaticModifier #120 tag = stay_strong name = Stay Strong
[modifier.cpp:1642]: StaticModifier #121 tag = no_green_man name = No Green Man
[modifier.cpp:1642]: StaticModifier #122 tag = dead_green_man name = Dead Green Man
[modifier.cpp:1642]: StaticModifier #123 tag = hidden_green_man name = Hidden Green Man
[modifier.cpp:1642]: StaticModifier #124 tag = headof_green_man name = The Head of The Green Man
[modifier.cpp:1642]: StaticModifier #125 tag = green_man name = Green Man
[modifier.cpp:1642]: StaticModifier #126 tag = green_mans_ghost name = The Ghost of the Green Man
[modifier.cpp:1642]: StaticModifier #127 tag = noble_heart name = Noble Heart
[modifier.cpp:1642]: StaticModifier #128 tag = fear_of_the_stag name = Fear of the Stag
[modifier.cpp:1642]: StaticModifier #129 tag = a_mighty_trophy name = A Mighty Trophy
[modifier.cpp:1642]: StaticModifier #130 tag = one_celibate name = Pleasures in the after-life: Celibacy
[modifier.cpp:1642]: StaticModifier #131 tag = one_hedonist name = Pleasures in life: Hedonism
[modifier.cpp:1642]: StaticModifier #132 tag = true_christian_knight name = True Christian Knight
[modifier.cpp:1642]: StaticModifier #133 tag = diligent_on_cost name = Diligent on Cost
[modifier.cpp:1642]: StaticModifier #134 tag = diligent_on_time name = Diligent on Time
[modifier.cpp:1642]: StaticModifier #135 tag = diligent_liege_size name = Diligent Liege
[modifier.cpp:1642]: StaticModifier #136 tag = diligent_liege_morale name = Diligent Liege
[modifier.cpp:1642]: StaticModifier #137 tag = mercy_to_sinners name = Mercy to Sinners
[modifier.cpp:1642]: StaticModifier #138 tag = unrighteous_spouse name = Unrighteous Spouse
[modifier.cpp:1642]: StaticModifier #139 tag = offended_moneylenders name = Offended Moneylenders
[modifier.cpp:1642]: StaticModifier #140 tag = diplomacy_advice name = Diplomacy Advice
[modifier.cpp:1642]: StaticModifier #141 tag = martial_advice name = Martial Advice
[modifier.cpp:1642]: StaticModifier #142 tag = stewardship_advice name = Stewardship Advice
[modifier.cpp:1642]: StaticModifier #143 tag = intrigue_advice name = Intrigue Advice
[modifier.cpp:1642]: StaticModifier #144 tag = learning_advice name = Learning Advice
[modifier.cpp:1642]: StaticModifier #145 tag = for_the_sake_of_love name = For the sake of love
[modifier.cpp:1642]: StaticModifier #146 tag = chaste_learning name = Chastity Learning
[modifier.cpp:1642]: StaticModifier #147 tag = defer_to_church_decision name = Defers to Church
[modifier.cpp:1642]: StaticModifier #148 tag = imprison_lawbreakers name = Imprison Lawbreakers
[modifier.cpp:1642]: StaticModifier #149 tag = kill_lawbreakers name = Kill Lawbreakers
[modifier.cpp:1642]: StaticModifier #150 tag = modifier_witch name = Found a Witch!
[modifier.cpp:1642]: StaticModifier #151 tag = tortured_witch name = Tortured Witch
[modifier.cpp:1642]: StaticModifier #152 tag = punish_cook name = Punish the Cook
[modifier.cpp:1642]: StaticModifier #153 tag = the_strong name = Strong
[modifier.cpp:1642]: StaticModifier #154 tag = spy_imprison name = A Spy in your Prison
[modifier.cpp:1642]: StaticModifier #155 tag = the_content name = The Contented One
[modifier.cpp:1642]: StaticModifier #156 tag = the_fainthearted name = Fainthearted
[modifier.cpp:1642]: StaticModifier #157 tag = mod_poachers name = Poachers
[modifier.cpp:1642]: StaticModifier #158 tag = the_cynical name = Cynical
[modifier.cpp:1642]: StaticModifier #159 tag = the_pompous name = Pompous
[modifier.cpp:1642]: StaticModifier #160 tag = the_pitiful name = Pitiful
[modifier.cpp:1642]: StaticModifier #161 tag = the_judger name = Just
[modifier.cpp:1642]: StaticModifier #162 tag = mod_ashamed name = Ashamed
[modifier.cpp:1642]: StaticModifier #163 tag = the_greedy name = Greedy One
[modifier.cpp:1642]: StaticModifier #164 tag = the_suspicious name = Suspicious
[modifier.cpp:1642]: StaticModifier #165 tag = the_kind name = Kind
[modifier.cpp:1642]: StaticModifier #166 tag = the_sullen name = Sullen
[modifier.cpp:1642]: StaticModifier #167 tag = the_prude name = Prude
[modifier.cpp:1642]: StaticModifier #168 tag = the_reveller name = Reveller
[modifier.cpp:1642]: StaticModifier #169 tag = the_compassionate name = Compassionate
[modifier.cpp:1642]: StaticModifier #170 tag = church_unfunny name = Unfunny Church
[modifier.cpp:1642]: StaticModifier #171 tag = mod_confused name = Confused
[modifier.cpp:1642]: StaticModifier #172 tag = the_vicious name = Vicious
[modifier.cpp:1642]: StaticModifier #173 tag = the_impaler name = Impaler
[modifier.cpp:1642]: StaticModifier #174 tag = the_gardener name = Gardener
[modifier.cpp:1642]: StaticModifier #175 tag = kings_stipend name = The King's Stipend
[modifier.cpp:1642]: StaticModifier #176 tag = emperors_stipend name = The Emperor's Stipend
[modifier.cpp:1642]: StaticModifier #177 tag = wine_meat name = Wine and Meat
[modifier.cpp:1642]: StaticModifier #178 tag = modifier_positive name = Positive Trait
[modifier.cpp:1642]: StaticModifier #179 tag = modifier_negative name = Negative Trait
[modifier.cpp:1642]: StaticModifier #180 tag = mod_interrogated name = Interrogated
[modifier.cpp:1642]: StaticModifier #181 tag = interrogation_success name = Successful interrogation of prisoner!
[modifier.cpp:1642]: StaticModifier #182 tag = evil_rumours name = Evil Rumors
[modifier.cpp:1642]: StaticModifier #183 tag = iron_shackles name = Iron Shackles
[modifier.cpp:1642]: StaticModifier #184 tag = lighter_shackles name = Lighter Shackles
[modifier.cpp:1642]: StaticModifier #185 tag = no_shackles name = No Shackles
[modifier.cpp:1642]: StaticModifier #186 tag = master_builder name = Master Builder
[modifier.cpp:1642]: StaticModifier #187 tag = sabotaged_building name = Sabotaged Building
[modifier.cpp:1642]: StaticModifier #188 tag = great_inventor name = Great Inventor
[modifier.cpp:1642]: StaticModifier #189 tag = secret_mil_invention name = Secret Military Invention
[modifier.cpp:1642]: StaticModifier #190 tag = the_idle name = Idle
[modifier.cpp:1642]: StaticModifier #191 tag = slothful_ruler name = Slothful Ruler
[modifier.cpp:1642]: StaticModifier #192 tag = levy_reinforcements name = Levy Reinforcements
[modifier.cpp:1642]: StaticModifier #193 tag = unintentional_saboteur name = Unintentional Saboteur
[modifier.cpp:1642]: StaticModifier #194 tag = missing_reinforcements name = Lost Reinforcements
[modifier.cpp:1642]: StaticModifier #195 tag = the_perturbed name = Perturbed
[modifier.cpp:1642]: StaticModifier #196 tag = the_apologetic name = Apologetic
[modifier.cpp:1642]: StaticModifier #197 tag = the_sincere name = Sincere
[modifier.cpp:1642]: StaticModifier #198 tag = the_regretful name = Regretful
[modifier.cpp:1642]: StaticModifier #199 tag = the_cruel name = Cruel
[modifier.cpp:1642]: StaticModifier #200 tag = the_bookaddict name = Book Addict
[modifier.cpp:1642]: StaticModifier #201 tag = the_bibliophage name = Bibliophage
[modifier.cpp:1642]: StaticModifier #202 tag = flower_power name = Power of Flowers
[modifier.cpp:1642]: StaticModifier #203 tag = the_naturalist name = Naturalist
[modifier.cpp:1642]: StaticModifier #204 tag = the_natural_addict name = Nature Addict
[modifier.cpp:1642]: StaticModifier #205 tag = magnanimous_person name = Magnanimous Person
[modifier.cpp:1642]: StaticModifier #206 tag = the_paranoid name = Paranoia
[modifier.cpp:1642]: StaticModifier #207 tag = mod_bloodlust name = Bloodlust
[modifier.cpp:1642]: StaticModifier #208 tag = intriguing_book name = Intriguing Book
[modifier.cpp:1642]: StaticModifier #209 tag = esoteric_religion name = Esoteric Religion
[modifier.cpp:1642]: StaticModifier #210 tag = the_pious name = Pious
[modifier.cpp:1642]: StaticModifier #211 tag = the_curious name = Curious
[modifier.cpp:1642]: StaticModifier #212 tag = the_alchemist name = Alchemist
[modifier.cpp:1642]: StaticModifier #213 tag = brazen_bull name = Brazen Bull
[modifier.cpp:1642]: StaticModifier #214 tag = tortured_prisoner name = Tortured
[modifier.cpp:1642]: StaticModifier #215 tag = master_impaler name = Master Impaler
[modifier.cpp:1642]: StaticModifier #216 tag = mother_daughter name = Such mother, such daughter
[modifier.cpp:1642]: StaticModifier #217 tag = father_son name = Such father, such son
[modifier.cpp:1642]: StaticModifier #218 tag = mother_son name = Such mother, such son
[modifier.cpp:1642]: StaticModifier #219 tag = father_daughter name = Such father, such daughter
[modifier.cpp:1642]: StaticModifier #220 tag = master_duelist name = Master Duelist
[modifier.cpp:1642]: StaticModifier #221 tag = averted_duel name = Averted Duel
[modifier.cpp:1642]: StaticModifier #222 tag = the_dour_duellist name = Dour Duellist
[modifier.cpp:1642]: StaticModifier #223 tag = master_hunter name = Master Hunter
[modifier.cpp:1642]: StaticModifier #224 tag = wild_hunter name = Wild Hunter
[modifier.cpp:1642]: StaticModifier #225 tag = tortured name = Tortured
[modifier.cpp:1642]: StaticModifier #226 tag = the_ruthless name = Ruthless
[modifier.cpp:1642]: StaticModifier #227 tag = the_eager name = Eager
[modifier.cpp:1642]: StaticModifier #228 tag = the_amiable name = Amiable
[modifier.cpp:1642]: StaticModifier #229 tag = the_naive name = Naïve
[modifier.cpp:1642]: StaticModifier #230 tag = big_spender name = Spending Money on Baubles
[modifier.cpp:1642]: StaticModifier #231 tag = war_knowledge name = War Knowledge
[modifier.cpp:1642]: StaticModifier #232 tag = recent_revolt name = Recent Revolt
[modifier.cpp:1642]: StaticModifier #233 tag = religious_tension name = Religious Tension
[modifier.cpp:1642]: StaticModifier #234 tag = force_converting name = Forced Conversion
[modifier.cpp:1642]: StaticModifier #235 tag = heretic_stronghold name = Heretic Stronghold
[modifier.cpp:1642]: StaticModifier #236 tag = high_taxes name = High Taxes
[modifier.cpp:1642]: StaticModifier #237 tag = incompetent_rule name = Incompetent Ruler
[modifier.cpp:1642]: StaticModifier #238 tag = thieves_guild name = Thieves' Guild
[modifier.cpp:1642]: StaticModifier #239 tag = smugglers_ring name = Smugglers' Ring
[modifier.cpp:1642]: StaticModifier #240 tag = highway_robber_band name = Highway Robber Band
[modifier.cpp:1642]: StaticModifier #241 tag = excessive_bureaucracy name = Excessive Bureaucracy
[modifier.cpp:1642]: StaticModifier #242 tag = suspected_impaler name = Suspected Impaler
[modifier.cpp:1642]: StaticModifier #243 tag = student_of_language name = Student of Language
[modifier.cpp:1642]: StaticModifier #244 tag = multilingual name = Multilingual
[modifier.cpp:1642]: StaticModifier #245 tag = bad_breath name = Bad Breath
[modifier.cpp:1642]: StaticModifier #246 tag = sanctuary name = Sanctuary
[modifier.cpp:1642]: StaticModifier #247 tag = harbour_the_homeless name = Harboring the homeless
[modifier.cpp:1642]: StaticModifier #248 tag = appeased_religious name = Blessed People
[modifier.cpp:1642]: StaticModifier #249 tag = prepared_home name = Home Defense
[modifier.cpp:1642]: StaticModifier #250 tag = guard_dogs name = Guard Dogs
[modifier.cpp:1642]: StaticModifier #251 tag = realm_religious_fervor name = The entire realm is gripped by religious fervor and an unquestioning belief in the ruler's divine mandate.
[modifier.cpp:1642]: StaticModifier #252 tag = thugs_rampant name = Strange disappearances...
[modifier.cpp:1642]: StaticModifier #253 tag = neglected_development name = Neglected development.
[modifier.cpp:1642]: StaticModifier #254 tag = peasants_protected name = Subjects Are Feeling Protected
[modifier.cpp:1642]: StaticModifier #255 tag = merchants_unhappy name = The merchants are unhappy
[modifier.cpp:1642]: StaticModifier #256 tag = temple_corruption name = Temple Corruption
[modifier.cpp:1642]: StaticModifier #257 tag = local_death_cult name = Local Death Cult
[modifier.cpp:1642]: StaticModifier #258 tag = pyramid name = Pyramid
[modifier.cpp:1642]: StaticModifier #259 tag = trade_route name = Trade Route
[modifier.cpp:1642]: StaticModifier #260 tag = stone_quarry name = Stone Quarry
[modifier.cpp:1642]: StaticModifier #261 tag = magnificent_maze name = Magnificent Maze
[modifier.cpp:1642]: StaticModifier #262 tag = leaning_tower_bad name = Leaning Tower
[modifier.cpp:1642]: StaticModifier #263 tag = leaning_tower name = Leaning Tower
[modifier.cpp:1642]: StaticModifier #264 tag = caravan_raiders name = Caravan Raiders
[modifier.cpp:1642]: StaticModifier #265 tag = caravan_guards name = Caravan Guards
[modifier.cpp:1642]: StaticModifier #266 tag = invading_population_halt name = dummy
[modifier.cpp:1642]: StaticModifier #267 tag = chinese_embargo name = Chinese Embargo
[modifier.cpp:1642]: StaticModifier #268 tag = publicly_humiliated name = Publicly Humiliated
[modifier.cpp:1642]: StaticModifier #269 tag = dung_collector name = Dung Collector
[modifier.cpp:1642]: StaticModifier #270 tag = trade_governor name = Trade Governor
[modifier.cpp:1642]: StaticModifier #271 tag = surge_of_traders name = Surge of traders
[modifier.cpp:1642]: StaticModifier #272 tag = aspiring_trader name = Aspiring Trader
[modifier.cpp:1642]: StaticModifier #273 tag = trader name = Trader
[modifier.cpp:1642]: StaticModifier #274 tag = maze_pavilion name = Pavilion
[modifier.cpp:1642]: StaticModifier #275 tag = construction_accident name = Construction Accident
[modifier.cpp:1642]: StaticModifier #276 tag = maze_fountain name = Fountain
[modifier.cpp:1642]: StaticModifier #277 tag = maze_fountain_extravagant name = Fountain
[modifier.cpp:1642]: StaticModifier #278 tag = business_contacts name = Business Contacts
[modifier.cpp:1642]: StaticModifier #279 tag = decadent_timer name = dummy
[modifier.cpp:1642]: StaticModifier #280 tag = bribed_by_noble_timer name = dummy
[modifier.cpp:1642]: StaticModifier #281 tag = fabricated_claim_timer name = dummy
[modifier.cpp:1642]: StaticModifier #282 tag = spouse_active_timer name = dummy
[modifier.cpp:1642]: StaticModifier #283 tag = suitable_father_timer name = dummy
[modifier.cpp:1642]: StaticModifier #284 tag = petition_release_prisoner_timer name = dummy
[modifier.cpp:1642]: StaticModifier #285 tag = laughing_timer name = dummy
[modifier.cpp:1642]: StaticModifier #286 tag = missing_child_timer name = dummy
[modifier.cpp:1642]: StaticModifier #287 tag = voice_in_darkness_timer name = dummy
[modifier.cpp:1642]: StaticModifier #288 tag = confessor_and_occultist_timer name = dummy
[modifier.cpp:1642]: StaticModifier #289 tag = unchristian_timer name = dummy
[modifier.cpp:1642]: StaticModifier #290 tag = suspected_of_incest_timer name = dummy
[modifier.cpp:1642]: StaticModifier #291 tag = dabble_dark_arts_timer name = dummy
[modifier.cpp:1642]: StaticModifier #292 tag = taken_by_rebels_timer name = dummy
[modifier.cpp:1642]: StaticModifier #293 tag = compliment_food_timer name = dummy
[modifier.cpp:1642]: StaticModifier #294 tag = complain_food_timer name = dummy
[modifier.cpp:1642]: StaticModifier #295 tag = summer_fair_timer name = dummy
[modifier.cpp:1642]: StaticModifier #296 tag = large_feast_timer name = dummy
[modifier.cpp:1642]: StaticModifier #297 tag = poetry_timer name = dummy
[modifier.cpp:1642]: StaticModifier #298 tag = used_poetry_timer name = dummy
[modifier.cpp:1642]: StaticModifier #299 tag = lustful_affair_timer name = dummy
[modifier.cpp:1642]: StaticModifier #300 tag = blissful_timer name = dummy
[modifier.cpp:1642]: StaticModifier #301 tag = friend_at_war_timer name = dummy
[modifier.cpp:1642]: StaticModifier #302 tag = heretic_friend_timer name = dummy
[modifier.cpp:1642]: StaticModifier #303 tag = friend_diplomacy_timer name = dummy
[modifier.cpp:1642]: StaticModifier #304 tag = friend_martial_timer name = dummy
[modifier.cpp:1642]: StaticModifier #305 tag = friend_stewardship_timer name = dummy
[modifier.cpp:1642]: StaticModifier #306 tag = friend_intrigue_timer name = dummy
[modifier.cpp:1642]: StaticModifier #307 tag = friend_learning_timer name = dummy
[modifier.cpp:1642]: StaticModifier #308 tag = greedy_steward_timer name = dummy
[modifier.cpp:1642]: StaticModifier #309 tag = recalculate_rivalry_modifier name = dummy
[modifier.cpp:1642]: StaticModifier #310 tag = religious_rival_timer name = dummy
[modifier.cpp:1642]: StaticModifier #311 tag = hunting_rival_timer name = dummy
[modifier.cpp:1642]: StaticModifier #312 tag = revenge_seeker_timer name = dummy
[modifier.cpp:1642]: StaticModifier #313 tag = killed_father_timer name = dummy
[modifier.cpp:1642]: StaticModifier #314 tag = nomuslim_timer name = dummy
[modifier.cpp:1642]: StaticModifier #315 tag = qadi_divorce_timer name = dummy
[modifier.cpp:1642]: StaticModifier #316 tag = suggested_qadi_timer name = dummy
[modifier.cpp:1642]: StaticModifier #317 tag = suggested_new_qadi_timer name = dummy
[modifier.cpp:1642]: StaticModifier #318 tag = suggested_calligrapher_timer name = dummy
[modifier.cpp:1642]: StaticModifier #319 tag = mosque_calligrapher_timer name = dummy
[modifier.cpp:1642]: StaticModifier #320 tag = calligrapher_swindle_timer name = dummy
[modifier.cpp:1642]: StaticModifier #321 tag = musician_song_timer name = dummy
[modifier.cpp:1642]: StaticModifier #322 tag = poet_verse_timer name = dummy
[modifier.cpp:1642]: StaticModifier #323 tag = cupbearer_poison_timer name = dummy
[modifier.cpp:1642]: StaticModifier #324 tag = architect_improvement_timer name = dummy
[modifier.cpp:1642]: StaticModifier #325 tag = food_taster_poison_timer name = dummy
[modifier.cpp:1642]: StaticModifier #326 tag = lustful_chancellor_timer name = dummy
[modifier.cpp:1642]: StaticModifier #327 tag = famous_muslim_timer name = dummy
[modifier.cpp:1642]: StaticModifier #328 tag = muslim_famous_timer name = dummy
[modifier.cpp:1642]: StaticModifier #329 tag = fatwa_timer name = dummy
[modifier.cpp:1642]: StaticModifier #330 tag = hunt_timer name = dummy
[modifier.cpp:1642]: StaticModifier #331 tag = went_out_of_hiding_timer name = dummy
[modifier.cpp:1642]: StaticModifier #332 tag = adopted_faith_timer name = dummy
[modifier.cpp:1642]: StaticModifier #333 tag = spear_throwing_timer name = dummy
[modifier.cpp:1642]: StaticModifier #334 tag = run_training_timer name = dummy
[modifier.cpp:1642]: StaticModifier #335 tag = recent_duel_timer name = dummy
[modifier.cpp:1642]: StaticModifier #336 tag = declined_prestige_duel_timer name = dummy
[modifier.cpp:1642]: StaticModifier #337 tag = wargame_timer name = dummy
[modifier.cpp:1642]: StaticModifier #338 tag = relative_treatment_reaction_timer name = dummy
[modifier.cpp:1642]: StaticModifier #339 tag = picked_main_deity_timer name = dummy
[modifier.cpp:1642]: StaticModifier #340 tag = epic_tournament name = dummy
[modifier.cpp:1642]: StaticModifier #341 tag = epic_tournament_furusiyya name = dummy
[modifier.cpp:1642]: StaticModifier #342 tag = recruitment_timer name = dummy
[modifier.cpp:1642]: StaticModifier #343 tag = recruitment_delay_timer name = dummy
[modifier.cpp:1642]: StaticModifier #344 tag = drugs_timer name = dummy
[modifier.cpp:1642]: StaticModifier #345 tag = quest_cooldown_timer name = dummy
[modifier.cpp:1642]: StaticModifier #346 tag = summon_familiar_cooldown name = dummy
[modifier.cpp:1642]: StaticModifier #347 tag = secret_religion_induction_timer name = dummy
[modifier.cpp:1642]: StaticModifier #348 tag = secret_religion_sympathy_timer name = dummy
[modifier.cpp:1642]: StaticModifier #349 tag = secret_religions_recruitment_timer name = dummy
[modifier.cpp:1642]: StaticModifier #350 tag = secret_religions_induct_child_timer name = dummy
[modifier.cpp:1642]: StaticModifier #351 tag = gardening_cooldown_timer name = dummy
[modifier.cpp:1642]: StaticModifier #352 tag = fell_asleep_in_church_cooldown_timer name = dummy
[modifier.cpp:1642]: StaticModifier #353 tag = acquire_ingredients_decision_cooldown_timer name = dummy
[modifier.cpp:1642]: StaticModifier #354 tag = scrying_cooldown name = dummy
[modifier.cpp:1642]: StaticModifier #355 tag = horoscope_cooldown name = dummy
[modifier.cpp:1642]: StaticModifier #356 tag = stargazing_timer name = dummy
[modifier.cpp:1642]: StaticModifier #357 tag = hermetics_infiltrate_laboratory_timer name = dummy
[modifier.cpp:1642]: StaticModifier #358 tag = write_theory_paper_decision_cooldown_timer name = dummy
[modifier.cpp:1642]: StaticModifier #359 tag = chinese_grace_send_gift_timer name = dummy
[modifier.cpp:1642]: StaticModifier #360 tag = chinese_grace_send_eunuch_timer name = dummy
[modifier.cpp:1642]: StaticModifier #361 tag = chinese_grace_send_commander_timer name = dummy
[modifier.cpp:1642]: StaticModifier #362 tag = chinese_grace_send_concubine_timer name = dummy
[modifier.cpp:1642]: StaticModifier #363 tag = chinese_grace_tributary_timer name = dummy
[modifier.cpp:1642]: StaticModifier #364 tag = jd_china_boon_cd name = dummy
[modifier.cpp:1642]: StaticModifier #365 tag = jd_china_tribute_cd name = dummy
[modifier.cpp:1642]: StaticModifier #366 tag = china_force_open_cooldown name = dummy
[modifier.cpp:1642]: StaticModifier #367 tag = baptism_request_cooldown name = Has recently asked for a mass conversion
[modifier.cpp:1642]: StaticModifier #368 tag = coronation_request_cooldown name = dummy
[modifier.cpp:1642]: StaticModifier #369 tag = lost_rank_up_duel_cooldown name = dummy
[modifier.cpp:1642]: StaticModifier #370 tag = antagonize_sins_1_cooldown name = dummy
[modifier.cpp:1642]: StaticModifier #371 tag = antagonize_sins_2_cooldown name = dummy
[modifier.cpp:1642]: StaticModifier #372 tag = antagonize_sins_3_cooldown name = dummy
[modifier.cpp:1642]: StaticModifier #373 tag = antagonize_sins_4_cooldown name = dummy
[modifier.cpp:1642]: StaticModifier #374 tag = antagonize_sins_5_cooldown name = dummy
[modifier.cpp:1642]: StaticModifier #375 tag = antagonize_sins_6_cooldown name = dummy
[modifier.cpp:1642]: StaticModifier #376 tag = antagonize_sins_7_cooldown name = dummy
[modifier.cpp:1642]: StaticModifier #377 tag = battle_events_1_cooldown name = dummy
[modifier.cpp:1642]: StaticModifier #378 tag = battle_events_2_cooldown name = dummy
[modifier.cpp:1642]: StaticModifier #379 tag = battle_events_3_cooldown name = dummy
[modifier.cpp:1642]: StaticModifier #380 tag = battle_events_4_cooldown name = dummy
[modifier.cpp:1642]: StaticModifier #381 tag = battle_events_5_cooldown name = dummy
[modifier.cpp:1642]: StaticModifier #382 tag = battle_events_6_cooldown name = dummy
[modifier.cpp:1642]: StaticModifier #383 tag = battle_events_7_cooldown name = dummy
[modifier.cpp:1642]: StaticModifier #384 tag = battle_events_8_cooldown name = dummy
[modifier.cpp:1642]: StaticModifier #385 tag = battle_events_9_cooldown name = dummy
[modifier.cpp:1642]: StaticModifier #386 tag = northern_crusade_targeted_decision_cooldown name = dummy
[modifier.cpp:1642]: StaticModifier #387 tag = teaching_moment_cooldown name = dummy
[modifier.cpp:1642]: StaticModifier #388 tag = drank_from_fountain_cooldown name = dummy
[modifier.cpp:1642]: StaticModifier #389 tag = voice_of_jesus name = Voice Of Jesus
[modifier.cpp:1642]: StaticModifier #390 tag = holy_comet name = Holy Comet
[modifier.cpp:1642]: StaticModifier #391 tag = voice_of_satan name = Voice of Satan
[modifier.cpp:1642]: StaticModifier #392 tag = stressed_commander name = Stressed Commander
[modifier.cpp:1642]: StaticModifier #393 tag = misplaced_food name = Misplaced the troop's food
[modifier.cpp:1642]: StaticModifier #394 tag = one_year_fasting name = One year of fasting
[modifier.cpp:1642]: StaticModifier #395 tag = religious_tract name = Religious Tract
[modifier.cpp:1642]: StaticModifier #396 tag = rats_in_cell name = Rats in cell
[modifier.cpp:1642]: StaticModifier #397 tag = slept_in_church name = Slept drunk in Church
[modifier.cpp:1642]: StaticModifier #398 tag = drunk_commander name = Drunk Commander
[modifier.cpp:1642]: StaticModifier #399 tag = peasants_scorned name = Peasant traditions scorned
[modifier.cpp:1642]: StaticModifier #400 tag = peasant_unrest name = Peasant Unrest
[modifier.cpp:1642]: StaticModifier #401 tag = religious_unrest name = Religious Unrest
[modifier.cpp:1642]: StaticModifier #402 tag = cultural_unrest name = Cultural Unrest
[modifier.cpp:1642]: StaticModifier #403 tag = minor_pagan_border_raids name = Pagan Border Raids
[modifier.cpp:1642]: StaticModifier #404 tag = major_pagan_border_raids name = Major Pagan Border Raids
[modifier.cpp:1642]: StaticModifier #405 tag = gambler name = Gambler
[modifier.cpp:1642]: StaticModifier #406 tag = whoremaster name = Whoremaster
[modifier.cpp:1642]: StaticModifier #407 tag = good_deeds name = Good Deeds
[modifier.cpp:1642]: StaticModifier #408 tag = proving_bravery name = Proving Bravery
[modifier.cpp:1642]: StaticModifier #409 tag = suspected_coward name = Suspected Coward
[modifier.cpp:1642]: StaticModifier #410 tag = ignored_confessor name = Ignored Confessor's advice
[modifier.cpp:1642]: StaticModifier #411 tag = peasants_upset name = The Peasants are Upset
[modifier.cpp:1642]: StaticModifier #412 tag = public_execution name = Public Execution
[modifier.cpp:1642]: StaticModifier #413 tag = restricted_peasant_access name = Restricted Peasant Access
[modifier.cpp:1642]: StaticModifier #414 tag = military_jesus name = Jesus Gives Military Advice
[modifier.cpp:1642]: StaticModifier #415 tag = speaking_in_tounges name = Speaking in Tongues
[modifier.cpp:1642]: StaticModifier #416 tag = town_appreciate name = Townspeople Approve
[modifier.cpp:1642]: StaticModifier #417 tag = castle_appreciate name = Castle Denizens Approve
[modifier.cpp:1642]: StaticModifier #418 tag = troops_likes_marshal name = Marshal increases Morale
[modifier.cpp:1642]: StaticModifier #419 tag = troops_increases name = Marshal recruits Soldiers
[modifier.cpp:1642]: StaticModifier #420 tag = steward_taxincome name = Steward increases Tax Income
[modifier.cpp:1642]: StaticModifier #421 tag = steward_revoltrisk name = Steward Calms Peasants
[modifier.cpp:1642]: StaticModifier #422 tag = increase_arrest_chance name = Spymaster Increases Arrest Chance
[modifier.cpp:1642]: StaticModifier #423 tag = increase_plot_power name = Spymaster increases plot power
[modifier.cpp:1642]: StaticModifier #424 tag = church_appreciates name = The Church Approves
[modifier.cpp:1642]: StaticModifier #425 tag = religious_appreciate name = The Religious Authorities Approve
[modifier.cpp:1642]: StaticModifier #426 tag = spiritual_increase_piety name = Pious Person
[modifier.cpp:1642]: StaticModifier #427 tag = arbitrary_steward name = Peasants Complain About the Arbitrary Steward
[modifier.cpp:1642]: StaticModifier #428 tag = just_steward name = Justice Prevails
[modifier.cpp:1642]: StaticModifier #429 tag = intelligent_steward name = Economic Innovations
[modifier.cpp:1642]: StaticModifier #430 tag = marshal_highway_robbers name = Marshal chased highway robbers away
[modifier.cpp:1642]: StaticModifier #431 tag = marshal_improves_capital name = Military Innovations
[modifier.cpp:1642]: StaticModifier #432 tag = lovers_retreat name = Lovers Retreat
[modifier.cpp:1642]: StaticModifier #433 tag = lovers_entertainment name = Entertainment from my lover
[modifier.cpp:1642]: StaticModifier #434 tag = holding_large_feast name = Holding a Large Feast
[modifier.cpp:1642]: StaticModifier #435 tag = holding_grand_hunt name = Holding Grand Hunt
[modifier.cpp:1642]: StaticModifier #436 tag = holding_summer_fair name = Holding a Summer Fair
[modifier.cpp:1642]: StaticModifier #437 tag = love_poem name = Love Poem
[modifier.cpp:1642]: StaticModifier #438 tag = beautiful_flower name = Beautiful Flower
[modifier.cpp:1642]: StaticModifier #439 tag = precious_item name = Precious Item
[modifier.cpp:1642]: StaticModifier #440 tag = stop_commerce name = Stopped Commerce in all Church Squares
[modifier.cpp:1642]: StaticModifier #441 tag = prima_noctae name = Prima Noctae
[modifier.cpp:1642]: StaticModifier #442 tag = peasants_forbidden_sale name = Peasants are forbidden to sell goods within City walls
[modifier.cpp:1642]: StaticModifier #443 tag = clergy_extra_tithe name = The Church collect an extra tithe on free peasants
[modifier.cpp:1642]: StaticModifier #444 tag = the_flagellant name = The Flagellant
[modifier.cpp:1642]: StaticModifier #445 tag = deceitful_martial name = Appearing Martial
[modifier.cpp:1642]: StaticModifier #446 tag = deceitful_stewardship name = Faking Stewardship
[modifier.cpp:1642]: StaticModifier #447 tag = deceitful_diplomacy name = Appearing Diplomatic
[modifier.cpp:1642]: StaticModifier #448 tag = deceitful_learning name = Faking Learning
[modifier.cpp:1642]: StaticModifier #449 tag = modifier_outfoxed name = Outfoxed by the Merry Men
[modifier.cpp:1642]: StaticModifier #450 tag = met_merry_men name = Met the Merry Men
[modifier.cpp:1642]: StaticModifier #451 tag = flaming_gap name = A Flaming Gap
[modifier.cpp:1642]: StaticModifier #452 tag = wailing_gap name = A Wailing Gap
[modifier.cpp:1642]: StaticModifier #453 tag = gates_hell name = Gates of Hell
[modifier.cpp:1642]: StaticModifier #454 tag = exorcism_gateshell name = Closed Gates of Hell
[modifier.cpp:1642]: StaticModifier #455 tag = cattle_gateshell name = Sacrificed Cattle to Close Gates of Hell
[modifier.cpp:1642]: StaticModifier #456 tag = stones_gateshell name = Filled Gates of Hell with Stones
[modifier.cpp:1642]: StaticModifier #457 tag = sacrifice_gateshell name = Human Sacrifice Closed Gates of Hell
[modifier.cpp:1642]: StaticModifier #458 tag = friendly_innovations name = Friendly Innovations
[modifier.cpp:1642]: StaticModifier #459 tag = pious_priests name = Money-loving priests
[modifier.cpp:1642]: StaticModifier #460 tag = greatest_of_khans name = Greatest of Khans
[modifier.cpp:1642]: StaticModifier #461 tag = war_taxes name = War Taxes
[modifier.cpp:1642]: StaticModifier #462 tag = extra_tax_kind name = Necessary Extra Tax
[modifier.cpp:1642]: StaticModifier #463 tag = extra_tax name = Triple Taxation!
[modifier.cpp:1642]: StaticModifier #464 tag = seize_church_assets name = Church Assets Plundered
[modifier.cpp:1642]: StaticModifier #465 tag = war_chest_timer name = dummy
[modifier.cpp:1642]: StaticModifier #466 tag = extort_timer name = dummy
[modifier.cpp:1642]: StaticModifier #467 tag = seize_church_assets_timer name = dummy
[modifier.cpp:1642]: StaticModifier #468 tag = donation_offer_timer name = dummy
[modifier.cpp:1642]: StaticModifier #469 tag = support_mercenary_band_1 name = dummy
[modifier.cpp:1642]: StaticModifier #470 tag = support_mercenary_band_2 name = dummy
[modifier.cpp:1642]: StaticModifier #471 tag = support_mercenary_band_3 name = dummy
[modifier.cpp:1642]: StaticModifier #472 tag = support_mercenary_band_4 name = dummy
[modifier.cpp:1642]: StaticModifier #473 tag = support_mercenary_band_5 name = dummy
[modifier.cpp:1642]: StaticModifier #474 tag = support_mercenary_band_6 name = dummy
[modifier.cpp:1642]: StaticModifier #475 tag = support_mercenary_band_7 name = dummy
[modifier.cpp:1642]: StaticModifier #476 tag = support_mercenary_band_8 name = dummy
[modifier.cpp:1642]: StaticModifier #477 tag = support_mercenary_band_9 name = dummy
[modifier.cpp:1642]: StaticModifier #478 tag = the_failed_poisoner name = Failed Poisoner
[modifier.cpp:1642]: StaticModifier #479 tag = master_poisoner name = Master Poisoner
[modifier.cpp:1642]: StaticModifier #480 tag = mod_forgives_poisoner name = Forgives poisoner
[modifier.cpp:1642]: StaticModifier #481 tag = entertaining_entertainment name = Entertaining Entertainment
[modifier.cpp:1642]: StaticModifier #482 tag = fabulous_feast name = Fabulous Feast
[modifier.cpp:1642]: StaticModifier #483 tag = poor_revenge_seeker name = Poor Revenge Seeker
[modifier.cpp:1642]: StaticModifier #484 tag = hot_revenge name = Revenge served cold
[modifier.cpp:1642]: StaticModifier #485 tag = imam_appreciates name = The Imams Approve
[modifier.cpp:1642]: StaticModifier #486 tag = pious_imams name = Money-loving Imams
[modifier.cpp:1642]: StaticModifier #487 tag = unfunny_imam name = Disregards Blasphemy
[modifier.cpp:1642]: StaticModifier #488 tag = muslim_hedonist name = Tasting the forbidden wine of Hedonism
[modifier.cpp:1642]: StaticModifier #489 tag = muslim_poet name = Making the world more poetic
[modifier.cpp:1642]: StaticModifier #490 tag = iddah_period name = Iddah Period
[modifier.cpp:1642]: StaticModifier #491 tag = ignored_muslim_sins name = Averted my eyes from the sins of others
[modifier.cpp:1642]: StaticModifier #492 tag = mod_satisfied_work_calligrapher name = Satisfactory Calligraphy Work
[modifier.cpp:1642]: StaticModifier #493 tag = mod_perfect_work_calligrapher name = Perfect Calligraphic Designs
[modifier.cpp:1642]: StaticModifier #494 tag = mod_bad_work_calligrapher name = Bad Calligraphy Work
[modifier.cpp:1642]: StaticModifier #495 tag = mod_dissatisfied_calligrapher name = Dissatisfying Calligraphic Designs
[modifier.cpp:1642]: StaticModifier #496 tag = beautiful_hilya name = Beautiful Hilya
[modifier.cpp:1642]: StaticModifier #497 tag = diligent_musician name = Diligent Musician
[modifier.cpp:1642]: StaticModifier #498 tag = diligent_poet name = Diligent Poet
[modifier.cpp:1642]: StaticModifier #499 tag = diligent_architect name = Diligent Chief Architect
[modifier.cpp:1642]: StaticModifier #500 tag = architect_improvements name = Chief Architect Improvements
[modifier.cpp:1642]: StaticModifier #501 tag = observed_ramadan name = Observed Ramadan
[modifier.cpp:1642]: StaticModifier #502 tag = aspiring_hafiz name = Aspiring Hafiz: committing the Qur'an to memory
[modifier.cpp:1642]: StaticModifier #503 tag = aspiring_faqih name = A Student of Fiqh, Islamic Law
[modifier.cpp:1642]: StaticModifier #504 tag = morale_from_nerge name = Held Nerge
[modifier.cpp:1642]: StaticModifier #505 tag = held_blot_modifier name = Sacrificed to the Gods
[modifier.cpp:1642]: StaticModifier #506 tag = killed_an_old_one name = Godslayer
[modifier.cpp:1642]: StaticModifier #507 tag = raised_runestone name = Raised Runestone
[modifier.cpp:1642]: StaticModifier #508 tag = broken_spirit name = Broken Spirit
[modifier.cpp:1642]: StaticModifier #509 tag = expelled_jewish name = Expelled [GetJewsName]
[modifier.cpp:1642]: StaticModifier #510 tag = defied_church name = You have defied the will of the holy church. They are not pleased.
[modifier.cpp:1642]: StaticModifier #511 tag = annoyed_religious name = Annoyed Religious Authorities
[modifier.cpp:1642]: StaticModifier #512 tag = owns_relic name = Owns a Holy Relic
[modifier.cpp:1642]: StaticModifier #513 tag = crushed_revolt name = Crushed Revolt
[modifier.cpp:1642]: StaticModifier #514 tag = crushed_major_revolt name = Crushed Major Revolt
[modifier.cpp:1642]: StaticModifier #515 tag = raider_buy_land_timer name = dummy
[modifier.cpp:1642]: StaticModifier #516 tag = held_nerge_timer name = dummy
[modifier.cpp:1642]: StaticModifier #517 tag = held_bema_timer name = dummy
[modifier.cpp:1642]: StaticModifier #518 tag = held_sadah_feast_timer name = dummy
[modifier.cpp:1642]: StaticModifier #519 tag = held_blot_timer name = dummy
[modifier.cpp:1642]: StaticModifier #520 tag = held_ukon_juhla_timer name = dummy
[modifier.cpp:1642]: StaticModifier #521 tag = held_uzgavenes_timer name = dummy
[modifier.cpp:1642]: StaticModifier #522 tag = held_jarilo_timer name = dummy
[modifier.cpp:1642]: StaticModifier #523 tag = held_passover_timer name = dummy
[modifier.cpp:1642]: StaticModifier #524 tag = expelled_jews_timer name = dummy
[modifier.cpp:1642]: StaticModifier #525 tag = refresh_trade_route_timer name = dummy
[modifier.cpp:1642]: StaticModifier #526 tag = faction_succ_seniority_ultimatum_timer name = dummy
[modifier.cpp:1642]: StaticModifier #527 tag = faction_succ_primogeniture_ultimatum_timer name = dummy
[modifier.cpp:1642]: StaticModifier #528 tag = faction_succ_ultimogeniture_ultimatum_timer name = dummy
[modifier.cpp:1642]: StaticModifier #529 tag = faction_succ_feudal_elective_ultimatum_timer name = dummy
[modifier.cpp:1642]: StaticModifier #530 tag = faction_succ_gavelkind_ultimatum_timer name = dummy
[modifier.cpp:1642]: StaticModifier #531 tag = faction_lower_CA_ultimatum_timer name = dummy
[modifier.cpp:1642]: StaticModifier #532 tag = faction_lower_TO_ultimatum_timer name = dummy
[modifier.cpp:1642]: StaticModifier #533 tag = faction_independence_ultimatum_timer name = dummy
[modifier.cpp:1642]: StaticModifier #534 tag = faction_claimant_timer name = dummy
[modifier.cpp:1642]: StaticModifier #535 tag = faction_antiking_ultimatum_timer name = dummy
[modifier.cpp:1642]: StaticModifier #536 tag = faction_council_power_ultimatum_timer name = dummy
[modifier.cpp:1642]: StaticModifier #537 tag = faction_powerful_vassal_takeover_ultimatum_timer name = dummy
[modifier.cpp:1642]: StaticModifier #538 tag = planning_claimant_adventure name = dummy
[modifier.cpp:1642]: StaticModifier #539 tag = planning_duchy_adventure name = dummy
[modifier.cpp:1642]: StaticModifier #540 tag = launched_prepared_invasion name = dummy
[modifier.cpp:1642]: StaticModifier #541 tag = launched_subjugation name = dummy
[modifier.cpp:1642]: StaticModifier #542 tag = expelled_d_knights_templar name = Expelled the Knights Templar
[modifier.cpp:1642]: StaticModifier #543 tag = expelled_d_knights_hospitaller name = Expelled the Knights Hospitaller
[modifier.cpp:1642]: StaticModifier #544 tag = expelled_d_teutonic_order name = Expelled the Teutonic Order
[modifier.cpp:1642]: StaticModifier #545 tag = expelled_k_teutonic_state name = Expelled the Teutonic State
[modifier.cpp:1642]: StaticModifier #546 tag = expelled_d_jomsvikings name = Expelled the Jomsvikings
[modifier.cpp:1642]: StaticModifier #547 tag = expelled_d_bektashi name = Expelled the Bektashi Order
[modifier.cpp:1642]: StaticModifier #548 tag = expelled_d_fedayeen name = Expelled the Hashshashins
[modifier.cpp:1642]: StaticModifier #549 tag = expelled_d_holy_sepulchre name = Expelled the Holy Sepulchre
[modifier.cpp:1642]: StaticModifier #550 tag = expelled_d_immortals name = Expelled the Immortals
[modifier.cpp:1642]: StaticModifier #551 tag = expelled_d_zealots name = Expelled the Zealots
[modifier.cpp:1642]: StaticModifier #552 tag = expelled_d_saint_anthony name = Expelled the Order of Saint Anthony
[modifier.cpp:1642]: StaticModifier #553 tag = expelled_d_sky_lords name = Expelled the Lords of the Sky
[modifier.cpp:1642]: StaticModifier #554 tag = expelled_d_spirit_guardians name = Expelled the Spirit Guardians
[modifier.cpp:1642]: StaticModifier #555 tag = expelled_d_warriors_perun name = Expelled the Warriors of Perun
[modifier.cpp:1642]: StaticModifier #556 tag = expelled_d_chosen_perkunas name = Expelled the Chosen of Perkunas
[modifier.cpp:1642]: StaticModifier #557 tag = expelled_d_sons_kaleva name = Expelled the Sons of Kaleva
[modifier.cpp:1642]: StaticModifier #558 tag = expelled_d_huitzilopochtli name = Expelled the Cult of Huitzilopochtli
[modifier.cpp:1642]: StaticModifier #559 tag = expelled_d_knights_santiago name = Expelled the Knights of Santiago
[modifier.cpp:1642]: StaticModifier #560 tag = expelled_d_knights_calatrava name = Expelled the Knights of Calatrava
[modifier.cpp:1642]: StaticModifier #561 tag = expelled_d_saint_addai name = Expelled the Order of St Addai
[modifier.cpp:1642]: StaticModifier #562 tag = expelled_d_zun_warriors name = Expelled the Knights of the Sun
[modifier.cpp:1642]: StaticModifier #563 tag = expelled_d_haruriyyah name = Expelled the Haruriyyah
[modifier.cpp:1642]: StaticModifier #564 tag = active_inquisition name = Ongoing Inquisition
[modifier.cpp:1642]: StaticModifier #565 tag = theological_dialogue name = Theological Dialogue
[modifier.cpp:1642]: StaticModifier #566 tag = borrowed_from_knights_templar name = Owes 300¤ to the Knights Templar
[modifier.cpp:1642]: StaticModifier #567 tag = borrowed_from_assassins name = Owes 300¤ to the Hashshashins
[modifier.cpp:1642]: StaticModifier #568 tag = borrowed_from_bektashi name = Owes 300¤ to the Bektashi Order
[modifier.cpp:1642]: StaticModifier #569 tag = borrowed_from_jews name = Owes [GoldOwedToJews]¤ to [jewish.GetName] Moneylenders
[modifier.cpp:1642]: StaticModifier #570 tag = borrowed_from_haruriyyah name = Owes 300¤ to the Haruriyyah
[modifier.cpp:1642]: StaticModifier #571 tag = donated_to_holy_order name = Donations to Holy Order
[modifier.cpp:1642]: StaticModifier #572 tag = promised_to_clear_out_heresy name = Promised to clear out heresy
[modifier.cpp:1642]: StaticModifier #573 tag = suspected_murder_plot name = dummy
[modifier.cpp:1642]: StaticModifier #574 tag = bad_rel_head name = dummy
[modifier.cpp:1642]: StaticModifier #575 tag = demon_child_non_pagan name = dummy
[modifier.cpp:1642]: StaticModifier #576 tag = suspected_demon_spawn name = Suspected Demon Spawn
[modifier.cpp:1642]: StaticModifier #577 tag = suspected_witch name = Suspected Witch
[modifier.cpp:1642]: StaticModifier #578 tag = known_witch name = Witch
[modifier.cpp:1642]: StaticModifier #579 tag = patron_shiva name = Patron Deity: Shiva
[modifier.cpp:1642]: StaticModifier #580 tag = patron_vishnu name = Patron Deity: Vishnu
[modifier.cpp:1642]: StaticModifier #581 tag = patron_brahma name = Patron Deity: Brahma
[modifier.cpp:1642]: StaticModifier #582 tag = patron_kali name = Patron Deity: Kali
[modifier.cpp:1642]: StaticModifier #583 tag = patron_ganesha name = Patron Deity: Ganesha
[modifier.cpp:1642]: StaticModifier #584 tag = patron_ganga name = Patron Deity: Ganga
[modifier.cpp:1642]: StaticModifier #585 tag = holding_diwali_feast name = Holding Diwali Feast
[modifier.cpp:1642]: StaticModifier #586 tag = holding_kali_puja_feast name = Holding Kali Puja Feast
[modifier.cpp:1642]: StaticModifier #587 tag = married_monkey name = This [GetGirlWomanBoyMan] Married a Monkey...
[modifier.cpp:1642]: StaticModifier #588 tag = good_times name = Cheery
[modifier.cpp:1642]: StaticModifier #589 tag = good_hunt name = A Successful Hunt
[modifier.cpp:1642]: StaticModifier #590 tag = troops_war_weary name = War weary troops
[modifier.cpp:1642]: StaticModifier #591 tag = hindu_ascetic name = Ascetic
[modifier.cpp:1642]: StaticModifier #592 tag = buddhist_ascetic name = Ascetic
[modifier.cpp:1642]: StaticModifier #593 tag = jain_naked_ascetic name = Walks Naked
[modifier.cpp:1642]: StaticModifier #594 tag = the_diamond_thief name = Diamond thief
[modifier.cpp:1642]: StaticModifier #595 tag = holding_zun_feast name = Holding Festival of the Sun
[modifier.cpp:1642]: StaticModifier #596 tag = zun_judgement name = Being Judged by Zun
[modifier.cpp:1642]: StaticModifier #597 tag = incestuous_adulterer name = Incestuous Adulterer
[modifier.cpp:1642]: StaticModifier #598 tag = incestuous_adulteress name = Incestuous Adulteress
[modifier.cpp:1642]: StaticModifier #599 tag = adulterer name = Adulterer
[modifier.cpp:1642]: StaticModifier #600 tag = adulteress name = Adulteress
[modifier.cpp:1642]: StaticModifier #601 tag = known_sodomite name = Known Sodomite
[modifier.cpp:1642]: StaticModifier #602 tag = known_sodomite_pagan name = Effeminate Man Lover
[modifier.cpp:1642]: StaticModifier #603 tag = cradle_robber name = Cradle Robber
[modifier.cpp:1642]: StaticModifier #604 tag = adulterous_priest name = Adulterous Priest
[modifier.cpp:1642]: StaticModifier #605 tag = wol_patriarch_1 name = Family Man
[modifier.cpp:1642]: StaticModifier #606 tag = wol_patriarch_2 name = Family Patriarch
[modifier.cpp:1642]: StaticModifier #607 tag = wol_matriarch_1 name = Family Woman
[modifier.cpp:1642]: StaticModifier #608 tag = wol_matriarch_2 name = Family Matriarch
[modifier.cpp:1642]: StaticModifier #609 tag = wol_schemer_1 name = Amateur Schemer
[modifier.cpp:1642]: StaticModifier #610 tag = wol_schemer_2 name = Schemer
[modifier.cpp:1642]: StaticModifier #611 tag = wol_seducer_1 name = Aspiring Seducer
[modifier.cpp:1642]: StaticModifier #612 tag = wol_seducer_2 name = Seducer
[modifier.cpp:1642]: StaticModifier #613 tag = wol_court_tomcat name = Court Tomcat
[modifier.cpp:1642]: StaticModifier #614 tag = wol_court_vixen name = Court Vixen
[modifier.cpp:1642]: StaticModifier #615 tag = wol_warrior name = Warrior
[modifier.cpp:1642]: StaticModifier #616 tag = wol_great_warrior name = Great Warrior
[modifier.cpp:1642]: StaticModifier #617 tag = wol_duel_training name = Duel Training
[modifier.cpp:1642]: StaticModifier #618 tag = wol_refused_duel name = Refused to Duel
[modifier.cpp:1642]: StaticModifier #619 tag = recent_duel_victory name = Duel Victory
[modifier.cpp:1642]: StaticModifier #620 tag = aspiring_gardener name = Aspiring Gardener
[modifier.cpp:1642]: StaticModifier #621 tag = carpenters_guild name = Carpenters Guild
[modifier.cpp:1642]: StaticModifier #622 tag = outlawed_guild name = Outlawed Guild
[modifier.cpp:1642]: StaticModifier #623 tag = sold_off_land name = Sold Off Land to Burgher
[modifier.cpp:1642]: StaticModifier #624 tag = artisan_workshop name = Artisan Workshop
[modifier.cpp:1642]: StaticModifier #625 tag = despised_aristocrat name = Despised Aristocrat
[modifier.cpp:1642]: StaticModifier #626 tag = wol_steward_1 name = Amateur Steward
[modifier.cpp:1642]: StaticModifier #627 tag = wol_steward_2 name = Steward
[modifier.cpp:1642]: StaticModifier #628 tag = wol_raja_dharma name = Great Raja Dharma
[modifier.cpp:1642]: StaticModifier #629 tag = wol_respected_ruler name = Respected Ruler
[modifier.cpp:1642]: StaticModifier #630 tag = wol_legendary_wisdom name = Legendary Wisdom
[modifier.cpp:1642]: StaticModifier #631 tag = hunting_white_stag name = The White Stag Eludes Me...
[modifier.cpp:1642]: StaticModifier #632 tag = hunting_white_bear name = The White Bear Eludes Me...
[modifier.cpp:1642]: StaticModifier #633 tag = hunting_white_tiger name = The White Tiger Eludes Me...
[modifier.cpp:1642]: StaticModifier #634 tag = hunting_white_lion name = The White Lion Eludes Me...
[modifier.cpp:1642]: StaticModifier #635 tag = hidden_seduced_bodyguard name = dummy
[modifier.cpp:1642]: StaticModifier #636 tag = hidden_seduced_maid name = dummy
[modifier.cpp:1642]: StaticModifier #637 tag = hidden_seduced_prisoner name = dummy
[modifier.cpp:1642]: StaticModifier #638 tag = hidden_seduced_tree name = dummy
[modifier.cpp:1642]: StaticModifier #639 tag = hidden_seduced_gaoler name = dummy
[modifier.cpp:1642]: StaticModifier #640 tag = seduced_loyal_bodyguard name = Bodyguard Lover
[modifier.cpp:1642]: StaticModifier #641 tag = seduced_loyal_spy_maid name = Maidservant Lover
[modifier.cpp:1642]: StaticModifier #642 tag = pet_hunting_dog name = Hunting Dog
[modifier.cpp:1642]: StaticModifier #643 tag = organizing_party name = Preparing a Small Feast
[modifier.cpp:1642]: StaticModifier #644 tag = party_timer name = Recent Carousing
[modifier.cpp:1642]: StaticModifier #645 tag = party_carousing name = Carousing!
[modifier.cpp:1642]: StaticModifier #646 tag = carouser name = Carouser
[modifier.cpp:1642]: StaticModifier #647 tag = dedicated_carouser name = Dedicated Carouser
[modifier.cpp:1642]: StaticModifier #648 tag = great_tower name = Great Tower
[modifier.cpp:1642]: StaticModifier #649 tag = beaten_up name = Beaten Up
[modifier.cpp:1642]: StaticModifier #650 tag = epic_hangover name = Epic Hangover
[modifier.cpp:1642]: StaticModifier #651 tag = vicious_rumors name = Vicious Rumors
[modifier.cpp:1642]: StaticModifier #652 tag = vicious_rumors_2 name = Scandalous Rumors
[modifier.cpp:1642]: StaticModifier #653 tag = unfaithful_rumors name = Unfaithful Rumors
[modifier.cpp:1642]: StaticModifier #654 tag = known_murderer name = Known Murderer
[modifier.cpp:1642]: StaticModifier #655 tag = studying_the_stars name = Studying the Stars
[modifier.cpp:1642]: StaticModifier #656 tag = heliocentrist_scholar name = Heliocentrist Scholar
[modifier.cpp:1642]: StaticModifier #657 tag = weird_scholar name = Weird Scholar
[modifier.cpp:1642]: StaticModifier #658 tag = the_necronomicon name = The Necronomicon
[modifier.cpp:1642]: StaticModifier #659 tag = failed_escape name = Failed Escape
[modifier.cpp:1642]: StaticModifier #660 tag = ancient_wisdom name = Ancient Wisdom
[modifier.cpp:1642]: StaticModifier #661 tag = merciless name = Merciless
[modifier.cpp:1642]: StaticModifier #662 tag = apprentice_boardgamer name = Apprentice Boardgamer
[modifier.cpp:1642]: StaticModifier #663 tag = religious_studies name = Religious Studies
[modifier.cpp:1642]: StaticModifier #664 tag = religious_philosopher name = Religious Philosopher
[modifier.cpp:1642]: StaticModifier #665 tag = comfort_of_lover name = Comforted by Lover
[modifier.cpp:1642]: StaticModifier #666 tag = thrill_of_lover name = Thrill of Illicit Love
[modifier.cpp:1642]: StaticModifier #667 tag = started_mercenary_company name = Started Mercenary Company
[modifier.cpp:1642]: StaticModifier #668 tag = mercenary_traditions name = Mercenary Traditions
[modifier.cpp:1642]: StaticModifier #669 tag = wol_debase_timer name = dummy
[modifier.cpp:1642]: StaticModifier #670 tag = student_of_strategy name = Student of Strategy
[modifier.cpp:1642]: StaticModifier #671 tag = adept_of_strategy name = Adept of Strategy
[modifier.cpp:1642]: StaticModifier #672 tag = strategic_innovation name = Strategic Innovation
[modifier.cpp:1642]: StaticModifier #673 tag = rampaging_nomads name = Rampaging Horde
[modifier.cpp:1642]: StaticModifier #674 tag = stop_burning_land name = dummy
[modifier.cpp:1642]: StaticModifier #675 tag = pillage_cooldown name = dummy
[modifier.cpp:1642]: StaticModifier #676 tag = burnt_the_land name = Ravaged Lands
[modifier.cpp:1642]: StaticModifier #677 tag = recently_burnt_the_land name = Recently Pillaged
[modifier.cpp:1642]: StaticModifier #678 tag = recently_burnt_the_land_not_owner name = Plundered by Savages
[modifier.cpp:1642]: StaticModifier #679 tag = throne_of_skulls name = Throne of Skulls
[modifier.cpp:1642]: StaticModifier #680 tag = nomadic_rites name = Nomadic Rites
[modifier.cpp:1642]: StaticModifier #681 tag = nomads_exploited_land name = Nomads Exploited Land
[modifier.cpp:1642]: StaticModifier #682 tag = nomad_population_boom name = Population Boom
[modifier.cpp:1642]: StaticModifier #683 tag = nomad_population_boom_spillover name = Population Boom Spillover
[modifier.cpp:1642]: StaticModifier #684 tag = wolf_child name = Wolf Child
[modifier.cpp:1642]: StaticModifier #685 tag = wolf_blood name = Wolf's Blood
[modifier.cpp:1642]: StaticModifier #686 tag = sleep_deprivation name = Not Sleeping Well
[modifier.cpp:1642]: StaticModifier #687 tag = lycanthropy name = Werewolf
[modifier.cpp:1642]: StaticModifier #688 tag = werewolf_killed name = Full Moon Fever
[modifier.cpp:1642]: StaticModifier #689 tag = hoarse name = Hoarse
[modifier.cpp:1642]: StaticModifier #690 tag = manly_skill_wrestling name = Wrestling Master
[modifier.cpp:1642]: StaticModifier #691 tag = denied_wrestling name = Declined Wrestling Contest
[modifier.cpp:1642]: StaticModifier #692 tag = nomad_warhorse name = Impressive Warhorse
[modifier.cpp:1642]: StaticModifier #693 tag = hidden_extra_tribute name = dummy
[modifier.cpp:1642]: StaticModifier #694 tag = recent_county_uprising name = Recent Uprising
[modifier.cpp:1642]: StaticModifier #695 tag = holding_nomad_wargames name = Holding Wargames
[modifier.cpp:1642]: StaticModifier #696 tag = held_nomad_wargames name = Held Wargames
[modifier.cpp:1642]: StaticModifier #697 tag = wont_let_spouse_touch_me name = dummy
[modifier.cpp:1642]: StaticModifier #698 tag = disloyal_peasantry name = Disloyal Peasantry
[modifier.cpp:1642]: StaticModifier #699 tag = spiritual_refused_pagans name = Refused to Preach Among the Pagans
[modifier.cpp:1642]: StaticModifier #700 tag = hard_of_hearing name = Hard of Hearing
[modifier.cpp:1642]: StaticModifier #701 tag = marauding_pirates name = Marauding Pirates
[modifier.cpp:1642]: StaticModifier #702 tag = councillors_changed_jobs name = Changed Council Position Recently
[modifier.cpp:1642]: StaticModifier #703 tag = peasants_subdued name = dummy
[modifier.cpp:1642]: StaticModifier #704 tag = mysterious_charm name = Mysterious Charm
[modifier.cpp:1642]: StaticModifier #705 tag = silence_is_golden name = Silence is Golden
[modifier.cpp:1642]: StaticModifier #706 tag = playing_dice name = Playing Dice
[modifier.cpp:1642]: StaticModifier #707 tag = pet_rat_dungeon name = Pet Rat
[modifier.cpp:1642]: StaticModifier #708 tag = found_dark_stones name = Dark Stones of Sorcery
[modifier.cpp:1642]: StaticModifier #709 tag = defeated_dread_king name = Defeated the Dread King of Darkness
[modifier.cpp:1642]: StaticModifier #710 tag = dismissed_proposal name = Rejecting Seduction Attempts
[modifier.cpp:1642]: StaticModifier #711 tag = suicide name = Suicide
[modifier.cpp:1642]: StaticModifier #712 tag = out_of_patience name = Out of Patience
[modifier.cpp:1642]: StaticModifier #713 tag = chattermouth name = Chattermouth
[modifier.cpp:1642]: StaticModifier #714 tag = too_honest name = Too Honest
[modifier.cpp:1642]: StaticModifier #715 tag = impious_teachings name = Impious Teachings
[modifier.cpp:1642]: StaticModifier #716 tag = groomed_to_perfection name = Groomed to Perfection
[modifier.cpp:1642]: StaticModifier #717 tag = depopulated_1 name = Minor Depopulation
[modifier.cpp:1642]: StaticModifier #718 tag = depopulated_2 name = Significant Depopulation
[modifier.cpp:1642]: StaticModifier #719 tag = depopulated_3 name = Severe Depopulation
[modifier.cpp:1642]: StaticModifier #720 tag = mystic_treatment_decent name = Mystically Altered
[modifier.cpp:1642]: StaticModifier #721 tag = mystic_treatment_poor name = Mystically Altered
[modifier.cpp:1642]: StaticModifier #722 tag = mystic_treatment_terrible name = Mystically Altered
[modifier.cpp:1642]: StaticModifier #723 tag = symptom_treatment_1 name = Minor Symptom Treatment
[modifier.cpp:1642]: StaticModifier #724 tag = symptom_treatment_2 name = Decent Symptom Treatment
[modifier.cpp:1642]: StaticModifier #725 tag = symptom_treatment_3 name = Good Symptom Treatment
[modifier.cpp:1642]: StaticModifier #726 tag = symptom_treatment_4 name = Excellent Symptom Treatment
[modifier.cpp:1642]: StaticModifier #727 tag = successful_treatment_1 name = Mild Treatment
[modifier.cpp:1642]: StaticModifier #728 tag = successful_treatment_2 name = Successful Treatment
[modifier.cpp:1642]: StaticModifier #729 tag = successful_treatment_3 name = Successful Experimental Treatment
[modifier.cpp:1642]: StaticModifier #730 tag = failed_treatment_1 name = Ill-Treatment
[modifier.cpp:1642]: StaticModifier #731 tag = failed_treatment_2 name = Horrible Mistreatment
[modifier.cpp:1642]: StaticModifier #732 tag = good_care name = Good Care
[modifier.cpp:1642]: StaticModifier #733 tag = bad_care name = Bad Care
[modifier.cpp:1642]: StaticModifier #734 tag = in_seclusion name = Secluded with Courtiers
[modifier.cpp:1642]: StaticModifier #735 tag = commoners_abandoned name = Commoners Abandoned
[modifier.cpp:1642]: StaticModifier #736 tag = alliance_breaker name = Alliance-Breaker
[modifier.cpp:1642]: StaticModifier #737 tag = broken_non_aggression_pact_char_modifier name = Non-Aggression Pact Breaker
[modifier.cpp:1642]: StaticModifier #738 tag = tiny_food_shortage name = Trivial Food Shortage
[modifier.cpp:1642]: StaticModifier #739 tag = minor_food_shortage name = Minor Food Shortage
[modifier.cpp:1642]: StaticModifier #740 tag = normal_food_shortage name = Food Shortage
[modifier.cpp:1642]: StaticModifier #741 tag = starving_food_shortage name = Starving!
[modifier.cpp:1642]: StaticModifier #742 tag = greedy_food_shortage name = Greedy
[modifier.cpp:1642]: StaticModifier #743 tag = recently_opened_gates name = Abandoned the Commoners
[modifier.cpp:1642]: StaticModifier #744 tag = crushed_rebels_from_seclusion name = Crushed Castle Rebellion
[modifier.cpp:1642]: StaticModifier #745 tag = suspected_assassin name = Suspected Assassin
[modifier.cpp:1642]: StaticModifier #746 tag = survived_assassination name = Killed an Assassin
[modifier.cpp:1642]: StaticModifier #747 tag = consorts_with_mystics name = Consorts With Mystics
[modifier.cpp:1642]: StaticModifier #748 tag = consorts_with_infidels name = Consorts With Infidels
[modifier.cpp:1642]: StaticModifier #749 tag = peasant_crisis name = Peasant Crisis
[modifier.cpp:1642]: StaticModifier #750 tag = peasant_pleased_witch_hunt name = Peasants Pleased With Witch Hunt
[modifier.cpp:1642]: StaticModifier #751 tag = renewed_faith name = Renewed Faith
[modifier.cpp:1642]: StaticModifier #752 tag = no_more_cats name = Cats Exterminated
[modifier.cpp:1642]: StaticModifier #753 tag = pet_cat name = Pet Cat
[modifier.cpp:1642]: StaticModifier #754 tag = dancing_queen name = Dancing Queen
[modifier.cpp:1642]: StaticModifier #755 tag = dancing_king name = Dancing King
[modifier.cpp:1642]: StaticModifier #756 tag = cant_stop_dancing name = Can't Stop Dancing
[modifier.cpp:1642]: StaticModifier #757 tag = devoted_worshiper name = Devoted Worshiper
[modifier.cpp:1642]: StaticModifier #758 tag = fake_worshiper name = Visiting Temple
[modifier.cpp:1642]: StaticModifier #759 tag = fake_worshiper_felt_guilty name = Visited Temple
[modifier.cpp:1642]: StaticModifier #760 tag = failed_temple_ruse name = Deceitful Ruler
[modifier.cpp:1642]: StaticModifier #761 tag = epidemic_blame_1 name = Civil Unrest
[modifier.cpp:1642]: StaticModifier #762 tag = epidemic_blame_2 name = Furious Peasants
[modifier.cpp:1642]: StaticModifier #763 tag = scandalous_councillor_1 name = Scandalous Councillor
[modifier.cpp:1642]: StaticModifier #764 tag = scandalous_councillor_2 name = Scandalous Councillor
[modifier.cpp:1642]: StaticModifier #765 tag = scandalous_councillor_3 name = Scandalous Councillor
[modifier.cpp:1642]: StaticModifier #766 tag = hunting_dead name = Hunting the Dead
[modifier.cpp:1642]: StaticModifier #767 tag = invigorated name = Invigorated
[modifier.cpp:1642]: StaticModifier #768 tag = good_listener name = Good Listener
[modifier.cpp:1642]: StaticModifier #769 tag = confident name = Confident
[modifier.cpp:1642]: StaticModifier #770 tag = new_insights name = New Insights
[modifier.cpp:1642]: StaticModifier #771 tag = bargainer name = Bargainer
[modifier.cpp:1642]: StaticModifier #772 tag = overtaxed_subjects name = Overtaxed Subjects
[modifier.cpp:1642]: StaticModifier #773 tag = respected_by_the_people name = Respected by the People
[modifier.cpp:1642]: StaticModifier #774 tag = inspired_warriors name = Inspired Warriors
[modifier.cpp:1642]: StaticModifier #775 tag = gave_funny_speech name = Smooth Talker
[modifier.cpp:1642]: StaticModifier #776 tag = gave_pious_speech name = Agent of Virtue
[modifier.cpp:1642]: StaticModifier #777 tag = gave_scary_speech name = Belligerent Ruler
[modifier.cpp:1642]: StaticModifier #778 tag = prosperity_modifier_1 name = Prospering
[modifier.cpp:1642]: StaticModifier #779 tag = prosperity_modifier_2 name = Flourishing
[modifier.cpp:1642]: StaticModifier #780 tag = prosperity_modifier_3 name = Booming
[modifier.cpp:1642]: StaticModifier #781 tag = bad_person name = Bad Person
[modifier.cpp:1642]: StaticModifier #782 tag = blessing_of_health name = Blessing of Health
[modifier.cpp:1642]: StaticModifier #783 tag = deaths_gift name = Death's Gift
[modifier.cpp:1642]: StaticModifier #784 tag = worshipped_ancestors_timer name = dummy
[modifier.cpp:1642]: StaticModifier #785 tag = escaped_execution name = Escaped Execution
[modifier.cpp:1642]: StaticModifier #786 tag = ordered_our_prophet_executed name = Prophet Was Set to Burn
[modifier.cpp:1642]: StaticModifier #787 tag = friends_in_high_places name = Friends in High Places
[modifier.cpp:1642]: StaticModifier #788 tag = raiding_adventurer_nomad_timer name = dummy
[modifier.cpp:1642]: StaticModifier #789 tag = raiding_adventurer_tribal_timer name = dummy
[modifier.cpp:1642]: StaticModifier #790 tag = pet_parrot name = Loyal Parrot
[modifier.cpp:1642]: StaticModifier #791 tag = bad_crisis_management name = Bad Crisis Management
[modifier.cpp:1642]: StaticModifier #792 tag = jewish_settlement_province name = Jewish Settlement
[modifier.cpp:1642]: StaticModifier #793 tag = religious_settlement_province name = Minority Settlement
[modifier.cpp:1642]: StaticModifier #794 tag = glorious_monument_province name = Glorious Monument
[modifier.cpp:1642]: StaticModifier #795 tag = merchant_harbor_province name = Merchant Harbor
[modifier.cpp:1642]: StaticModifier #796 tag = scholar_foundation_province name = Scholar's Foundation
[modifier.cpp:1642]: StaticModifier #797 tag = great_library_province name = Great Library
[modifier.cpp:1642]: StaticModifier #798 tag = center_of_worship_province name = Center of Worship
[modifier.cpp:1642]: StaticModifier #799 tag = pet_owl name = Pet Owl
[modifier.cpp:1642]: StaticModifier #800 tag = crazy_cannibal name = Crazy Cannibal
[modifier.cpp:1642]: StaticModifier #801 tag = taking_it_easy name = Taking it Easy
[modifier.cpp:1642]: StaticModifier #802 tag = guide_dog name = Guide Dog
[modifier.cpp:1642]: StaticModifier #803 tag = lovers_memento name = Lover's Memento
[modifier.cpp:1642]: StaticModifier #804 tag = skull_trophy name = Skull Trophy
[modifier.cpp:1642]: StaticModifier #805 tag = skull_trophies name = Skull Trophies
[modifier.cpp:1642]: StaticModifier #806 tag = graverobber name = Graverobber
[modifier.cpp:1642]: StaticModifier #807 tag = grief_timer name = dummy
[modifier.cpp:1642]: StaticModifier #808 tag = logging_company_province name = Logging Company
[modifier.cpp:1642]: StaticModifier #809 tag = ore_mine_province name = Mining Network
[modifier.cpp:1642]: StaticModifier #810 tag = golden_mask name = Golden Mask
[modifier.cpp:1642]: StaticModifier #811 tag = glass_eye name = Glass Eye
[modifier.cpp:1642]: StaticModifier #812 tag = martially_ambidextrous name = Martially Ambidextrous
[modifier.cpp:1642]: StaticModifier #813 tag = golden_hand name = Golden Hand
[modifier.cpp:1642]: StaticModifier #814 tag = iron_hand name = Iron Hand
[modifier.cpp:1642]: StaticModifier #815 tag = prosthetic_leg name = Prosthetic Leg
[modifier.cpp:1642]: StaticModifier #816 tag = peg_leg name = Peg Leg
[modifier.cpp:1642]: StaticModifier #817 tag = lucky_to_be_alive name = Lucky To Be Alive
[modifier.cpp:1642]: StaticModifier #818 tag = fell_into_the_river name = Fell Into The River
[modifier.cpp:1642]: StaticModifier #819 tag = fake_it_til_you_make_it name = Shiny New Armor
[modifier.cpp:1642]: StaticModifier #820 tag = lost_dog name = Missing Dog
[modifier.cpp:1642]: StaticModifier #821 tag = phantom_pain name = Phantom Pain
[modifier.cpp:1642]: StaticModifier #822 tag = favored_shieldmaiden name = Favored Shieldmaiden
[modifier.cpp:1642]: StaticModifier #823 tag = bad_shieldmaiden name = Bad Bodyguard
[modifier.cpp:1642]: StaticModifier #824 tag = clumsy_shieldmaiden name = Clumsy Shieldmaiden
[modifier.cpp:1642]: StaticModifier #825 tag = inattentive_soldier name = Inattentive Soldier
[modifier.cpp:1642]: StaticModifier #826 tag = forced_mask name = Forced to Wear Mask
[modifier.cpp:1642]: StaticModifier #827 tag = attending_masquerade name = Attending Masquerade Ball
[modifier.cpp:1642]: StaticModifier #828 tag = great_dancer name = Great Dancer
[modifier.cpp:1642]: StaticModifier #829 tag = loot_prosperity_boost name = Influx of Loot
[modifier.cpp:1642]: StaticModifier #830 tag = recently_relieved_shieldmaiden_timer name = dummy
[modifier.cpp:1642]: StaticModifier #831 tag = resigned_in_anger name = Resigned in Anger
[modifier.cpp:1642]: StaticModifier #832 tag = messenger_stations name = Messenger Stations
[modifier.cpp:1642]: StaticModifier #833 tag = harvest_festivals name = Harvest Festivals
[modifier.cpp:1642]: StaticModifier #834 tag = inspired_peasantry name = Inspired Peasantry
[modifier.cpp:1642]: StaticModifier #835 tag = new_roads name = New Roads
[modifier.cpp:1642]: StaticModifier #836 tag = new_shrines name = Local Shrines
[modifier.cpp:1642]: StaticModifier #837 tag = regimental_ground_province name = Regimental Grounds
[modifier.cpp:1642]: StaticModifier #838 tag = prosper_ambition_timer name = dummy
[modifier.cpp:1642]: StaticModifier #839 tag = prosperity_5_year name = See the Realm Prosper
[modifier.cpp:1642]: StaticModifier #840 tag = crazy_cat_lady name = Crazy Cat Lady
[modifier.cpp:1642]: StaticModifier #841 tag = crazy_cat_lord name = Crazy Cat Lord
[modifier.cpp:1642]: StaticModifier #842 tag = successful_treatment name = Successful Treatment
[modifier.cpp:1642]: StaticModifier #843 tag = damaged_hospital name = Hospital Damaged
[modifier.cpp:1642]: StaticModifier #844 tag = mild_illness name = Mild Illness
[modifier.cpp:1642]: StaticModifier #845 tag = severe_illness name = Severe Illness
[modifier.cpp:1642]: StaticModifier #846 tag = bedridden_illness name = Bedridden
[modifier.cpp:1642]: StaticModifier #847 tag = will_not_marry name = Will Not Marry
[modifier.cpp:1642]: StaticModifier #848 tag = pet_best_friends name = Pet Best Friends
[modifier.cpp:1642]: StaticModifier #849 tag = savoring_the_end_days name = Savoring the End Days
[modifier.cpp:1642]: StaticModifier #850 tag = seizing_the_day name = Seizing the Day
[modifier.cpp:1642]: StaticModifier #851 tag = bright_eyed name = Bright-Eyed
[modifier.cpp:1642]: StaticModifier #852 tag = secluded_revelry name = Secluded Revelry
[modifier.cpp:1642]: StaticModifier #853 tag = follower_of_perun name = Follower of Perun
[modifier.cpp:1642]: StaticModifier #854 tag = follower_of_veles name = Follower of Veles
[modifier.cpp:1642]: StaticModifier #855 tag = follower_of_jarilo name = Follower of Jarilo
[modifier.cpp:1642]: StaticModifier #856 tag = follower_of_morana name = Follower of Morana
[modifier.cpp:1642]: StaticModifier #857 tag = follower_of_ayyur name = Follower of Ayyur
[modifier.cpp:1642]: StaticModifier #858 tag = follower_of_bida name = Follower of Bida
[modifier.cpp:1642]: StaticModifier #859 tag = follower_of_tsumburbura name = Follower of Tsumburbura
[modifier.cpp:1642]: StaticModifier #860 tag = follower_of_dongo name = Follower of Dongo
[modifier.cpp:1642]: StaticModifier #861 tag = follower_of_anansi name = Follower of Anansi
[modifier.cpp:1642]: StaticModifier #862 tag = follower_of_dan name = Follower of Dan
[modifier.cpp:1642]: StaticModifier #863 tag = follower_of_ukko name = Follower of Ukko
[modifier.cpp:1642]: StaticModifier #864 tag = follower_of_akka name = Follower of Akka
[modifier.cpp:1642]: StaticModifier #865 tag = follower_of_taipo_and_mielikki name = Follower of Tapio and Mielikki
[modifier.cpp:1642]: StaticModifier #866 tag = follower_of_lempo name = Follower of Lempo
[modifier.cpp:1642]: StaticModifier #867 tag = follower_of_dievas name = Follower of Dievas
[modifier.cpp:1642]: StaticModifier #868 tag = follower_of_velnias name = Follower of Velnias
[modifier.cpp:1642]: StaticModifier #869 tag = follower_of_perkunas name = Follower of Perkunas
[modifier.cpp:1642]: StaticModifier #870 tag = follower_of_zemyna name = Follower of Zemyna
[modifier.cpp:1642]: StaticModifier #871 tag = struck_by_lightning name = Struck by Lightning
[modifier.cpp:1642]: StaticModifier #872 tag = zemynas_blessing name = Zemyna's Blessing
[modifier.cpp:1642]: StaticModifier #873 tag = tsumburburas_blessing name = Tsumburbura's Blessing
[modifier.cpp:1642]: StaticModifier #874 tag = akkas_blessing name = Akka's Blessing
[modifier.cpp:1642]: StaticModifier #875 tag = voice_of_akka name = Voice of Akka
[modifier.cpp:1642]: StaticModifier #876 tag = voice_of_ayyur name = Voice of Ayyur
[modifier.cpp:1642]: StaticModifier #877 tag = voice_of_dievas name = Voice of Dievas
[modifier.cpp:1642]: StaticModifier #878 tag = blessed_lands name = Blessed Lands
[modifier.cpp:1642]: StaticModifier #879 tag = hunters_physique name = Hunter's Physique
[modifier.cpp:1642]: StaticModifier #880 tag = building_monument name = Building Monument
[modifier.cpp:1642]: StaticModifier #881 tag = holy_monument name = Holy Monument
[modifier.cpp:1642]: StaticModifier #882 tag = ancestral_monument name = Ancestral Monument
[modifier.cpp:1642]: StaticModifier #883 tag = trapped_immortal name = Perpetual Motion Machine
[modifier.cpp:1642]: StaticModifier #884 tag = assassins_debt_modifier name = Owes Debt to Assassins
[modifier.cpp:1642]: StaticModifier #885 tag = astounding_visions name = Astounding Visions
[modifier.cpp:1642]: StaticModifier #886 tag = uplifting_visions name = Uplifting Visions
[modifier.cpp:1642]: StaticModifier #887 tag = frightening_visions name = Frightening Visions
[modifier.cpp:1642]: StaticModifier #888 tag = hashish_addict name = Hashish Addict
[modifier.cpp:1642]: StaticModifier #889 tag = withdrawal_symptoms name = Withdrawal Symptoms
[modifier.cpp:1642]: StaticModifier #890 tag = foolish_behavior name = Foolish Behavior
[modifier.cpp:1642]: StaticModifier #891 tag = trade_district_fire name = Trade District Fire
[modifier.cpp:1642]: StaticModifier #892 tag = bandaged_arm name = Bandaged Arm
[modifier.cpp:1642]: StaticModifier #893 tag = cat_familiar name = Cat Familiar
[modifier.cpp:1642]: StaticModifier #894 tag = wolf_familiar name = Wolf Familiar
[modifier.cpp:1642]: StaticModifier #895 tag = raven_familiar name = Raven Familiar
[modifier.cpp:1642]: StaticModifier #896 tag = owl_familiar name = Owl Familiar
[modifier.cpp:1642]: StaticModifier #897 tag = corrupting_magic_minor name = Magical Corruption
[modifier.cpp:1642]: StaticModifier #898 tag = corrupting_magic_major name = Magical Corruption
[modifier.cpp:1642]: StaticModifier #899 tag = recently_did_dark_divorce name = Recently did Dark Divorce
[modifier.cpp:1642]: StaticModifier #900 tag = known_satanist name = Known Demon Worshiper
[modifier.cpp:1642]: StaticModifier #901 tag = known_secret_society_member name = Known Member of a Secret Society
[modifier.cpp:1642]: StaticModifier #902 tag = dark_healing_recent name = Exhausted from Demonic Healing
[modifier.cpp:1642]: StaticModifier #903 tag = recent_induction_attempt name = Recent Induction Attempt
[modifier.cpp:1642]: StaticModifier #904 tag = recently_donated_to_charity name = Recently Donated to Charity
[modifier.cpp:1642]: StaticModifier #905 tag = desecrated_temple name = Desecrated Temple
[modifier.cpp:1642]: StaticModifier #906 tag = stolen_life_minor name = Stolen Health
[modifier.cpp:1642]: StaticModifier #907 tag = stolen_life_medium name = Stolen Vitality
[modifier.cpp:1642]: StaticModifier #908 tag = stolen_life_major name = Stolen Life
[modifier.cpp:1642]: StaticModifier #909 tag = doing_penance name = Doing Penance
[modifier.cpp:1642]: StaticModifier #910 tag = in_meditation name = In Meditation
[modifier.cpp:1642]: StaticModifier #911 tag = rampant_sinner_christian name = Rampant Sinner
[modifier.cpp:1642]: StaticModifier #912 tag = rampant_sinner_dharmic name = Rampant Sinner
[modifier.cpp:1642]: StaticModifier #913 tag = promise_of_celibacy name = Promise of Celibacy
[modifier.cpp:1642]: StaticModifier #914 tag = relic_rumor_minor name = Rumor of Artifact
[modifier.cpp:1642]: StaticModifier #915 tag = relic_rumor_medium name = Rumor of Rare Artifact
[modifier.cpp:1642]: StaticModifier #916 tag = relic_rumor_major name = Rumor of Extraordinary Artifact
[modifier.cpp:1642]: StaticModifier #917 tag = treasure_hunting_diplomats name = Occupied Diplomats
[modifier.cpp:1642]: StaticModifier #918 tag = treasure_hunting_soldiers name = Adventuring Soldiers
[modifier.cpp:1642]: StaticModifier #919 tag = treasure_hunting_stewards name = Decree of Appropriation
[modifier.cpp:1642]: StaticModifier #920 tag = treasure_hunting_spies name = Occupied Spies
[modifier.cpp:1642]: StaticModifier #921 tag = treasure_hunting_scholars name = Occupied Scholars
[modifier.cpp:1642]: StaticModifier #922 tag = pays_for_artifact_hunt_minor name = Paying for Artifact Search
[modifier.cpp:1642]: StaticModifier #923 tag = pays_for_artifact_hunt_medium name = Paying for Artifact Search
[modifier.cpp:1642]: StaticModifier #924 tag = pays_for_artifact_hunt_major name = Paying for Artifact Search
[modifier.cpp:1642]: StaticModifier #925 tag = patron_of_the_arts name = Patron of the Arts
[modifier.cpp:1642]: StaticModifier #926 tag = preserver_of_poetry name = Preserver of Poetry
[modifier.cpp:1642]: StaticModifier #927 tag = published_poet name = Published Poet
[modifier.cpp:1642]: StaticModifier #928 tag = secret_catholic_community name = Secret [catholic.GetName] Community
[modifier.cpp:1642]: StaticModifier #929 tag = secret_cathar_community name = Secret [cathar.GetName] Community
[modifier.cpp:1642]: StaticModifier #930 tag = secret_fraticelli_community name = Secret [fraticelli.GetName] Community
[modifier.cpp:1642]: StaticModifier #931 tag = secret_waldensian_community name = Secret [waldensian.GetName] Community
[modifier.cpp:1642]: StaticModifier #932 tag = secret_lollard_community name = Secret [lollard.GetName] Community
[modifier.cpp:1642]: StaticModifier #933 tag = secret_orthodox_community name = Secret [orthodox.GetName] Community
[modifier.cpp:1642]: StaticModifier #934 tag = secret_miaphysite_community name = Secret [miaphysite.GetName] Community
[modifier.cpp:1642]: StaticModifier #935 tag = secret_monophysite_community name = Secret [monophysite.GetName] Community
[modifier.cpp:1642]: StaticModifier #936 tag = secret_bogomilist_community name = Secret [bogomilist.GetName] Community
[modifier.cpp:1642]: StaticModifier #937 tag = secret_monothelite_community name = Secret [monothelite.GetName] Community
[modifier.cpp:1642]: StaticModifier #938 tag = secret_iconoclast_community name = Secret [iconoclast.GetName] Community
[modifier.cpp:1642]: StaticModifier #939 tag = secret_paulician_community name = Secret [paulician.GetName] Community
[modifier.cpp:1642]: StaticModifier #940 tag = secret_nestorian_community name = Secret [nestorian.GetName] Community
[modifier.cpp:1642]: StaticModifier #941 tag = secret_messalian_community name = Secret [messalian.GetName] Community
[modifier.cpp:1642]: StaticModifier #942 tag = secret_sunni_community name = Secret [sunni.GetName] Community
[modifier.cpp:1642]: StaticModifier #943 tag = secret_zikri_community name = Secret [zikri.GetName] Community
[modifier.cpp:1642]: StaticModifier #944 tag = secret_yazidi_community name = Secret [yazidi.GetName] Community
[modifier.cpp:1642]: StaticModifier #945 tag = secret_ibadi_community name = Secret [ibadi.GetName] Community
[modifier.cpp:1642]: StaticModifier #946 tag = secret_kharijite_community name = Secret [kharijite.GetName] Community
[modifier.cpp:1642]: StaticModifier #947 tag = secret_shiite_community name = Secret [shiite.GetName] Community
[modifier.cpp:1642]: StaticModifier #948 tag = secret_druze_community name = Secret [druze.GetName] Community
[modifier.cpp:1642]: StaticModifier #949 tag = secret_hurufi_community name = Secret [hurufi.GetName] Community
[modifier.cpp:1642]: StaticModifier #950 tag = secret_qarmatian_community name = Secret [qarmatian.GetName] Community
[modifier.cpp:1642]: StaticModifier #951 tag = secret_norse_pagan_community name = Secret [norse_pagan.GetName] Community
[modifier.cpp:1642]: StaticModifier #952 tag = secret_tengri_pagan_community name = Secret [tengri_pagan.GetName] Community
[modifier.cpp:1642]: StaticModifier #953 tag = secret_baltic_pagan_community name = Secret [baltic_pagan.GetName] Community
[modifier.cpp:1642]: StaticModifier #954 tag = secret_finnish_pagan_community name = Secret [finnish_pagan.GetName] Community
[modifier.cpp:1642]: StaticModifier #955 tag = secret_aztec_pagan_community name = Secret [aztec_pagan.GetName] Community
[modifier.cpp:1642]: StaticModifier #956 tag = secret_aztec_pagan_reformed_community name = Secret [aztec_pagan_reformed.GetName] Community
[modifier.cpp:1642]: StaticModifier #957 tag = secret_slavic_pagan_community name = Secret [slavic_pagan.GetName] Community
[modifier.cpp:1642]: StaticModifier #958 tag = secret_west_african_pagan_community name = Secret [west_african_pagan.GetName] Community
[modifier.cpp:1642]: StaticModifier #959 tag = secret_zun_pagan_community name = Secret [zun_pagan.GetName] Community
[modifier.cpp:1642]: StaticModifier #960 tag = secret_jewish_community name = Secret [jewish.GetName] Community
[modifier.cpp:1642]: StaticModifier #961 tag = secret_samaritan_community name = Secret [samaritan.GetName] Community
[modifier.cpp:1642]: StaticModifier #962 tag = secret_karaite_community name = Secret [karaite.GetName] Community
[modifier.cpp:1642]: StaticModifier #963 tag = secret_zoroastrian_community name = Secret [zoroastrian.GetName] Community
[modifier.cpp:1642]: StaticModifier #964 tag = secret_mazdaki_community name = Secret [mazdaki.GetName] Community
[modifier.cpp:1642]: StaticModifier #965 tag = secret_manichaean_community name = Secret [manichaean.GetName] Community
[modifier.cpp:1642]: StaticModifier #966 tag = secret_khurmazta_community name = Secret [khurmazta.GetName] Community
[modifier.cpp:1642]: StaticModifier #967 tag = secret_bon_pagan_community name = Secret [bon_pagan.GetName] Community
[modifier.cpp:1642]: StaticModifier #968 tag = secret_bon_pagan_reformed_community name = [bon_pagan_reformed.GetName] Community
[modifier.cpp:1642]: StaticModifier #969 tag = secret_hellenic_pagan_community name = [hellenic_pagan.GetName] Community
[modifier.cpp:1642]: StaticModifier #970 tag = secret_hellenic_pagan_reformed_community name = [hellenic_pagan_reformed.GetName] Community
[modifier.cpp:1642]: StaticModifier #971 tag = secret_taoist_community name = Secret [taoist.GetName] Community
[modifier.cpp:1642]: StaticModifier #972 tag = secret_hindu_community name = Secret [hindu.GetName] Community
[modifier.cpp:1642]: StaticModifier #973 tag = secret_buddhist_community name = Secret [buddhist.GetName] Community
[modifier.cpp:1642]: StaticModifier #974 tag = secret_jain_community name = Secret [jain.GetName] Community
[modifier.cpp:1642]: StaticModifier #975 tag = secret_norse_pagan_reformed_community name = Secret [norse_pagan_reformed.GetName] Community
[modifier.cpp:1642]: StaticModifier #976 tag = secret_baltic_pagan_reformed_community name = Secret [baltic_pagan_reformed.GetName] Community
[modifier.cpp:1642]: StaticModifier #977 tag = secret_finnish_pagan_reformed_community name = Secret [finnish_pagan_reformed.GetName] Community
[modifier.cpp:1642]: StaticModifier #978 tag = secret_slavic_pagan_reformed_community name = Secret [slavic_pagan_reformed.GetName] Community
[modifier.cpp:1642]: StaticModifier #979 tag = secret_tengri_pagan_reformed_community name = Secret [tengri_pagan_reformed.GetName] Community
[modifier.cpp:1642]: StaticModifier #980 tag = secret_west_african_pagan_reformed_community name = Secret [west_african_pagan_reformed.GetName] Community
[modifier.cpp:1642]: StaticModifier #981 tag = secret_zun_pagan_reformed_community name = Secret [zun_pagan_reformed.GetName] Community
[modifier.cpp:1642]: StaticModifier #982 tag = attempting_to_blend_in name = Eager Believer
[modifier.cpp:1642]: StaticModifier #983 tag = conducted_secret_ceremony name = Conducted Secret Ceremony
[modifier.cpp:1642]: StaticModifier #984 tag = awkward_believer name = Hesitant Believer
[modifier.cpp:1642]: StaticModifier #985 tag = great_believer name = Devout Believer
[modifier.cpp:1642]: StaticModifier #986 tag = embarrassed_believer name = Embarrassed Believer
[modifier.cpp:1642]: StaticModifier #987 tag = satyric_blessing name = Satyric Blessing
[modifier.cpp:1642]: StaticModifier #988 tag = blessing_of_lilith name = Blessing of Lilith
[modifier.cpp:1642]: StaticModifier #989 tag = blessing_of_berith name = Blessing of Baalberith
[modifier.cpp:1642]: StaticModifier #990 tag = hallucinating name = Hallucinating
[modifier.cpp:1642]: StaticModifier #991 tag = rumors_of_witchcraft name = Rumors of Witchcraft
[modifier.cpp:1642]: StaticModifier #992 tag = blessing_of_azazel name = Blessing of Azazel
[modifier.cpp:1642]: StaticModifier #993 tag = blessing_of_avnas name = Blessing of Avnas
[modifier.cpp:1642]: StaticModifier #994 tag = blessing_of_belial name = Blessing of Belial
[modifier.cpp:1642]: StaticModifier #995 tag = blessing_of_mammon name = Blessing of Mammon
[modifier.cpp:1642]: StaticModifier #996 tag = blessing_of_vetis name = Blessing of Vetis
[modifier.cpp:1642]: StaticModifier #997 tag = popular_ruler name = Popular Ruler
[modifier.cpp:1642]: StaticModifier #998 tag = sabotaged_buildings name = Sabotaged Buildings
[modifier.cpp:1642]: StaticModifier #999 tag = sabotaged_defences name = Sabotaged Defenses
[modifier.cpp:1642]: StaticModifier #1000 tag = sabotaged_unrest name = Incited Unrest
[modifier.cpp:1642]: StaticModifier #1001 tag = focused_on_training name = Focused on Training
[modifier.cpp:1642]: StaticModifier #1002 tag = won_duel name = Won Duel
[modifier.cpp:1642]: StaticModifier #1003 tag = outwitted_opponent name = Outwitted Opponent
[modifier.cpp:1642]: StaticModifier #1004 tag = under_suspicion name = Under Suspicion
[modifier.cpp:1642]: StaticModifier #1005 tag = highly_suspect name = Highly Suspicious
[modifier.cpp:1642]: StaticModifier #1006 tag = played_strategy_game name = Played a Game of Strategy
[modifier.cpp:1642]: StaticModifier #1007 tag = discussed_scripture name = Discussed Holy Text
[modifier.cpp:1642]: StaticModifier #1008 tag = discussed_realm_management name = Discussed Realm Management
[modifier.cpp:1642]: StaticModifier #1009 tag = took_stroll_small_talk name = Practiced Small Talk
[modifier.cpp:1642]: StaticModifier #1010 tag = focused_on_monastic_studies name = Focused on Monastic Studies
[modifier.cpp:1642]: StaticModifier #1011 tag = caught_red_handed name = Caught Red-Handed
[modifier.cpp:1642]: StaticModifier #1012 tag = caught_stealing_artifact_penance name = Doing Penance
[modifier.cpp:1642]: StaticModifier #1013 tag = artifact_patron name = Patron of a Relic
[modifier.cpp:1642]: StaticModifier #1014 tag = green_fingers name = Green Fingers
[modifier.cpp:1642]: StaticModifier #1015 tag = dirty_hands name = Dirty Hands
[modifier.cpp:1642]: StaticModifier #1016 tag = the_name_of_the_rose name = The Name of the Rose
[modifier.cpp:1642]: StaticModifier #1017 tag = rose_gardens name = Rose Gardens
[modifier.cpp:1642]: StaticModifier #1018 tag = bruised_knuckles name = Bruised Knuckles
[modifier.cpp:1642]: StaticModifier #1019 tag = mediator name = Mediator
[modifier.cpp:1642]: StaticModifier #1020 tag = well_fed name = Well-Fed
[modifier.cpp:1642]: StaticModifier #1021 tag = apathetic name = Apathetic
[modifier.cpp:1642]: StaticModifier #1022 tag = cheap_laboratory name = Simple Laboratory
[modifier.cpp:1642]: StaticModifier #1023 tag = normal_laboratory name = Laboratory
[modifier.cpp:1642]: StaticModifier #1024 tag = good_laboratory name = Impressive Laboratory
[modifier.cpp:1642]: StaticModifier #1025 tag = great_laboratory name = State of the Art Laboratory
[modifier.cpp:1642]: StaticModifier #1026 tag = best_laboratory name = Famous Laboratory
[modifier.cpp:1642]: StaticModifier #1027 tag = good_battle_omen name = Encouraging Vision
[modifier.cpp:1642]: StaticModifier #1028 tag = bad_battle_omen name = Fearful Vision
[modifier.cpp:1642]: StaticModifier #1029 tag = good_relationship_omen name = Pleasing Vision
[modifier.cpp:1642]: StaticModifier #1030 tag = bad_relationship_omen name = Distressing Vision
[modifier.cpp:1642]: StaticModifier #1031 tag = good_power_omen name = Reassuring Vision
[modifier.cpp:1642]: StaticModifier #1032 tag = bad_power_omen name = Upsetting Vision
[modifier.cpp:1642]: StaticModifier #1033 tag = fulfilled_vision_great name = Confident Seer
[modifier.cpp:1642]: StaticModifier #1034 tag = fulfilled_vision_ok name = Aspiring Seer
[modifier.cpp:1642]: StaticModifier #1035 tag = fulfilled_vision_bad name = Hesitant Seer
[modifier.cpp:1642]: StaticModifier #1036 tag = fulfilled_vision_worst name = Distraught Seer
[modifier.cpp:1642]: StaticModifier #1037 tag = stargazer name = Stargazer
[modifier.cpp:1642]: StaticModifier #1038 tag = theoretical_alchemist name = Theoretical Alchemist
[modifier.cpp:1642]: StaticModifier #1039 tag = experimenting_alchemist name = Experimenting Alchemist
[modifier.cpp:1642]: StaticModifier #1040 tag = divine_spirit_alliance name = Divine Alliance
[modifier.cpp:1642]: StaticModifier #1041 tag = demon_alliance name = Demon Alliance
[modifier.cpp:1642]: StaticModifier #1042 tag = writing_magnum_opus name = Writing Magnum Opus
[modifier.cpp:1642]: StaticModifier #1043 tag = disappointing_hunt name = Disappointing Hunt
[modifier.cpp:1642]: StaticModifier #1044 tag = inviting_to_stargazing name = dummy
[modifier.cpp:1642]: StaticModifier #1045 tag = alchemy_good_ste_bonus name = Divine Advice
[modifier.cpp:1642]: StaticModifier #1046 tag = alchemy_ste_bonus name = Divine Advice
[modifier.cpp:1642]: StaticModifier #1047 tag = alchemy_ste_penalty name = Divine Advice
[modifier.cpp:1642]: StaticModifier #1048 tag = alchemy_bad_ste_penalty name = Divine Advice
[modifier.cpp:1642]: StaticModifier #1049 tag = astrology_good_dip_bonus name = Divine Advice
[modifier.cpp:1642]: StaticModifier #1050 tag = astrology_dip_bonus name = Divine Advice
[modifier.cpp:1642]: StaticModifier #1051 tag = astrology_dip_penalty name = Divine Advice
[modifier.cpp:1642]: StaticModifier #1052 tag = astrology_bad_dip_penalty name = Divine Advice
[modifier.cpp:1642]: StaticModifier #1053 tag = open_mind_good_lea_bonus name = Divine Advice
[modifier.cpp:1642]: StaticModifier #1054 tag = open_mind_lea_bonus name = Divine Advice
[modifier.cpp:1642]: StaticModifier #1055 tag = open_mind_lea_penalty name = Divine Advice
[modifier.cpp:1642]: StaticModifier #1056 tag = open_mind_bad_lea_penalty name = Divine Advice
[modifier.cpp:1642]: StaticModifier #1057 tag = hidden_truth_good_int_bonus name = Divine Advice
[modifier.cpp:1642]: StaticModifier #1058 tag = hidden_truth_int_bonus name = Divine Advice
[modifier.cpp:1642]: StaticModifier #1059 tag = hidden_truth_int_penalty name = Divine Advice
[modifier.cpp:1642]: StaticModifier #1060 tag = hidden_truth_bad_int_penalty name = Divine Advice
[modifier.cpp:1642]: StaticModifier #1061 tag = divine_summoning_failed name = Unworthy Hermetic
[modifier.cpp:1642]: StaticModifier #1062 tag = divine_summoning_succeeded name = Divine Epiphany
[modifier.cpp:1642]: StaticModifier #1063 tag = theory_paper_heavy_investment name = Focusing on Theorem Paper
[modifier.cpp:1642]: StaticModifier #1064 tag = brilliant_insight name = Brilliant Insight
[modifier.cpp:1642]: StaticModifier #1065 tag = giant_crossbow name = Gigantic Crossbow
[modifier.cpp:1642]: StaticModifier #1066 tag = blast_furnace name = Advanced Blast Furnace
[modifier.cpp:1642]: StaticModifier #1067 tag = great_mill name = Advanced Wind Mill
[modifier.cpp:1642]: StaticModifier #1068 tag = debater name = Debater
[modifier.cpp:1642]: StaticModifier #1069 tag = successful_mission name = Successful Mission
[modifier.cpp:1642]: StaticModifier #1070 tag = failed_mission name = Failed Mission
[modifier.cpp:1642]: StaticModifier #1071 tag = declined_mission name = Declined Mission
[modifier.cpp:1642]: StaticModifier #1072 tag = held_grand_debate_modifier name = Held a Grand Debate
[modifier.cpp:1642]: StaticModifier #1073 tag = guided_by_horoscope_diplomacy name = Destined Diplomat
[modifier.cpp:1642]: StaticModifier #1074 tag = guided_by_horoscope_martial name = Destined Fighter
[modifier.cpp:1642]: StaticModifier #1075 tag = guided_by_horoscope_stewardship name = Destined Steward
[modifier.cpp:1642]: StaticModifier #1076 tag = guided_by_horoscope_intrigue name = Destined Schemer
[modifier.cpp:1642]: StaticModifier #1077 tag = guided_by_horoscope_learning name = Destined Scholar
[modifier.cpp:1642]: StaticModifier #1078 tag = guided_by_horoscope_diplomacy_adult name = Destined Diplomat
[modifier.cpp:1642]: StaticModifier #1079 tag = guided_by_horoscope_martial_adult name = Destined Fighter
[modifier.cpp:1642]: StaticModifier #1080 tag = guided_by_horoscope_stewardship_adult name = Destined Steward
[modifier.cpp:1642]: StaticModifier #1081 tag = guided_by_horoscope_intrigue_adult name = Destined Schemer
[modifier.cpp:1642]: StaticModifier #1082 tag = guided_by_horoscope_learning_adult name = Destined Scholar
[modifier.cpp:1642]: StaticModifier #1083 tag = horoscope_outcome_artist name = Tortured Artist
[modifier.cpp:1642]: StaticModifier #1084 tag = horoscope_outcome_scatterbrain name = Scatterbrain
[modifier.cpp:1642]: StaticModifier #1085 tag = horoscope_outcome_brute name = Brutish Manners
[modifier.cpp:1642]: StaticModifier #1086 tag = horoscope_outcome_arrogant name = Know-It-All
[modifier.cpp:1642]: StaticModifier #1087 tag = horoscope_outcome_jittery name = Anxious To Please
[modifier.cpp:1642]: StaticModifier #1088 tag = astronomical_insights_1 name = Head In The Clouds
[modifier.cpp:1642]: StaticModifier #1089 tag = astronomical_insights_2 name = Night-owl
[modifier.cpp:1642]: StaticModifier #1090 tag = astronomical_insights_3 name = Starry Eyed
[modifier.cpp:1642]: StaticModifier #1091 tag = astronomical_insights_4 name = Stellar Navigator
[modifier.cpp:1642]: StaticModifier #1092 tag = got_named_star name = Star-struck
[modifier.cpp:1642]: StaticModifier #1093 tag = lost_in_the_stars name = dummy
[modifier.cpp:1642]: StaticModifier #1094 tag = neglected_accounting name = Neglected Accounting
[modifier.cpp:1642]: StaticModifier #1095 tag = failed_to_predict_star_fall name = Failed Prediction
[modifier.cpp:1642]: StaticModifier #1096 tag = published_theorem name = Published a Theorem Paper
[modifier.cpp:1642]: StaticModifier #1097 tag = endorsed_theorem name = Endorsed Successful Paper
[modifier.cpp:1642]: StaticModifier #1098 tag = masterless_dog name = Vohunazga Guardian
[modifier.cpp:1642]: StaticModifier #1099 tag = house_dog name = House Dog
[modifier.cpp:1642]: StaticModifier #1100 tag = pet_masterless_dog name = Vohunazga Guardian
[modifier.cpp:1642]: StaticModifier #1101 tag = pet_house_dog name = House Dog
[modifier.cpp:1642]: StaticModifier #1102 tag = pet_hedgehog name = Vanghapara Pet
[modifier.cpp:1642]: StaticModifier #1103 tag = pet_otter name = Sag-e Aabi Guardian
[modifier.cpp:1642]: StaticModifier #1104 tag = drill_cooldown_timer name = dummy
[modifier.cpp:1642]: StaticModifier #1105 tag = curse_cooldown_timer name = dummy
[modifier.cpp:1642]: StaticModifier #1106 tag = bad_nights_sleep name = Bad Nights
[modifier.cpp:1642]: StaticModifier #1107 tag = nocturnal_studies name = Nocturnal Studies
[modifier.cpp:1642]: StaticModifier #1108 tag = mischievous_deeds name = Mischievous Deeds
[modifier.cpp:1642]: StaticModifier #1109 tag = childish_prankster name = Childish Prankster
[modifier.cpp:1642]: StaticModifier #1110 tag = tarnished_reputation name = Tarnished Reputation
[modifier.cpp:1642]: StaticModifier #1111 tag = diplomatic_insight name = Glance of Understanding
[modifier.cpp:1642]: StaticModifier #1112 tag = martial_insight name = Stare of Blood and Blade
[modifier.cpp:1642]: StaticModifier #1113 tag = intrigue_insight name = Squint of Smoke and Shadow
[modifier.cpp:1642]: StaticModifier #1114 tag = learning_insight name = Truth-seeking Gaze
[modifier.cpp:1642]: StaticModifier #1115 tag = stewardship_insight name = Gold-shimmer Eyes
[modifier.cpp:1642]: StaticModifier #1116 tag = devout_leader name = Devout Leader
[modifier.cpp:1642]: StaticModifier #1117 tag = accused_apostate name = Branded Apostate
[modifier.cpp:1642]: StaticModifier #1118 tag = nauseous_from_potion name = Nauseous
[modifier.cpp:1642]: StaticModifier #1119 tag = proud_hunters_spirit name = Proud Hunting Parties
[modifier.cpp:1642]: StaticModifier #1120 tag = patron_desi name = Patron Deity: Desi
[modifier.cpp:1642]: StaticModifier #1121 tag = patron_parn name = Patron Deity: Parn
[modifier.cpp:1642]: StaticModifier #1122 tag = patron_nanaiya name = Patron Deity: Nanaiya
[modifier.cpp:1642]: StaticModifier #1123 tag = patron_weshparkar name = Patron Deity: Weshparkar
[modifier.cpp:1642]: StaticModifier #1124 tag = patron_wishaghn name = Patron Deity: Wishaghn
[modifier.cpp:1642]: StaticModifier #1125 tag = patron_zurvan name = Patron Deity: Zurvan
[modifier.cpp:1642]: StaticModifier #1126 tag = patron_damchen name = Patron Deity: Damchen
[modifier.cpp:1642]: StaticModifier #1127 tag = patron_shenla_okar name = Patron Deity: Shenlha Okar
[modifier.cpp:1642]: StaticModifier #1128 tag = patron_shinje name = Patron Deity: Shinje
[modifier.cpp:1642]: StaticModifier #1129 tag = patron_kula_kari name = Patron Deity: Kula Kari
[modifier.cpp:1642]: StaticModifier #1130 tag = patron_lamlha name = Patron Deity: Lamlha
[modifier.cpp:1642]: StaticModifier #1131 tag = patron_sangpo_bumtri name = Patron Deity: Sangpo Bumtri
[modifier.cpp:1642]: StaticModifier #1132 tag = jd_master_engineer name = Master Engineer
[modifier.cpp:1642]: StaticModifier #1133 tag = jd_administrator name = Scholar-Bureaucrat
[modifier.cpp:1642]: StaticModifier #1134 tag = employing_jd_administrator name = Employing Scholar-Bureaucrat
[modifier.cpp:1642]: StaticModifier #1135 tag = employing_jd_administrator_golden_age name = Employing Scholar-Bureaucrat
[modifier.cpp:1642]: StaticModifier #1136 tag = peace_deal_with_china name = Peace Deal With China
[modifier.cpp:1642]: StaticModifier #1137 tag = jd_paper_mill name = Paper Mill
[modifier.cpp:1642]: StaticModifier #1138 tag = jd_fireworks_guild name = Fireworks Guild
[modifier.cpp:1642]: StaticModifier #1139 tag = jd_dry_docks name = Dry Dock
[modifier.cpp:1642]: StaticModifier #1140 tag = jd_administrative_outpost name = Administrative Outpost
[modifier.cpp:1642]: StaticModifier #1141 tag = jd_blast_furnace name = Blast Furnace
[modifier.cpp:1642]: StaticModifier #1142 tag = jd_strategist name = Chinese Strategist
[modifier.cpp:1642]: StaticModifier #1143 tag = jd_prince name = Chinese Prince
[modifier.cpp:1642]: StaticModifier #1144 tag = jd_princess name = Chinese Princess
[modifier.cpp:1642]: StaticModifier #1145 tag = jd_held_sadah_timer name = Held Jashn-e Sadeh
[modifier.cpp:1642]: StaticModifier #1146 tag = out_traveling name = On a Journey
[modifier.cpp:1642]: StaticModifier #1147 tag = reprimanded_merchants name = Reprimanded Merchants
[modifier.cpp:1642]: StaticModifier #1148 tag = dealing_with_dishonest_traders name = Dealing with Dishonest Traders
[modifier.cpp:1642]: StaticModifier #1149 tag = defending_vassal_rights name = Defending Vassal Rights
[modifier.cpp:1642]: StaticModifier #1150 tag = strengthen_religion_ambition name = Religious Champion
[modifier.cpp:1642]: StaticModifier #1151 tag = jd_chinese_honor_guard_timer name = dummy
[modifier.cpp:1642]: StaticModifier #1152 tag = jd_chinese_regiment_timer name = dummy
[modifier.cpp:1642]: StaticModifier #1153 tag = chinese_imperial_trade_contract name = Imperial Trade Contract
[modifier.cpp:1642]: StaticModifier #1154 tag = chinese_favored_in_trade name = Favored on the Silk Road
[modifier.cpp:1642]: StaticModifier #1155 tag = trade_competition_count name = dummy
[modifier.cpp:1642]: StaticModifier #1156 tag = trade_competition_duke name = dummy
[modifier.cpp:1642]: StaticModifier #1157 tag = trade_competition_king name = dummy
[modifier.cpp:1642]: StaticModifier #1158 tag = trade_competition_emperor name = dummy
[modifier.cpp:1642]: StaticModifier #1159 tag = trade_competition_in_progress name = dummy
[modifier.cpp:1642]: StaticModifier #1160 tag = school_zhengyi name = Follower of Zhengyi Taoism
[modifier.cpp:1642]: StaticModifier #1161 tag = school_quanzhen name = Follower of Quanzhen Taoism
[modifier.cpp:1642]: StaticModifier #1162 tag = school_shangqing name = Follower of Shangqing Taoism
[modifier.cpp:1642]: StaticModifier #1163 tag = china_send_relief name = Sending Relief to China
[modifier.cpp:1642]: StaticModifier #1164 tag = angered_china_modifier name = Angered China
[modifier.cpp:1642]: StaticModifier #1165 tag = war_with_china_modifier name = War With China
[modifier.cpp:1642]: StaticModifier #1166 tag = failed_invasion_of_china name = Failed Invasion of China
[modifier.cpp:1642]: StaticModifier #1167 tag = china_supply_horses name = Supplying Horses to China
[modifier.cpp:1642]: StaticModifier #1168 tag = china_raid_active name = Raiding China
[modifier.cpp:1642]: StaticModifier #1169 tag = china_raid_grace_cd name = dummy
[modifier.cpp:1642]: StaticModifier #1170 tag = panda_pet name = Pandas
[modifier.cpp:1642]: StaticModifier #1171 tag = adventurer_negotiate_cd name = dummy
[modifier.cpp:1642]: StaticModifier #1172 tag = employ_a_smith_cd name = dummy
[modifier.cpp:1642]: StaticModifier #1173 tag = writing_a_book name = Writing a Book
[modifier.cpp:1642]: StaticModifier #1174 tag = borrowed_from_radhanites name = Borrowed Money from the Radhanites
[modifier.cpp:1642]: StaticModifier #1175 tag = borrowed_from_jews_special name = Borrowed Money from the Banks of Israel
[modifier.cpp:1642]: StaticModifier #1176 tag = hired_body_guards name = Hired Body Guards
[modifier.cpp:1642]: StaticModifier #1177 tag = radhanite_favor name = Radhanite Favored Route
[modifier.cpp:1642]: StaticModifier #1178 tag = radhanite_favor_big name = Primary Radhanite Route
[modifier.cpp:1642]: StaticModifier #1179 tag = honoring_the_dead name = Honoring the Dead
[modifier.cpp:1642]: StaticModifier #1180 tag = carrying_on name = Carrying On
[modifier.cpp:1642]: StaticModifier #1181 tag = good_nights_sleep name = Good Night's Sleep
[modifier.cpp:1642]: StaticModifier #1182 tag = poisoned name = Poisoned
[modifier.cpp:1642]: StaticModifier #1183 tag = uninspired name = Uninspired
[modifier.cpp:1642]: StaticModifier #1184 tag = sell_land_cd name = dummy
[modifier.cpp:1642]: StaticModifier #1185 tag = giant_health_problems name = Escalating Gigantism
[modifier.cpp:1642]: StaticModifier #1186 tag = badly_bruised name = Badly Bruised
[modifier.cpp:1642]: StaticModifier #1187 tag = black_eye name = Black Eye
[modifier.cpp:1642]: StaticModifier #1188 tag = swollen_ankle name = Swollen Ankle
[modifier.cpp:1642]: StaticModifier #1189 tag = swollen_wrist name = Swollen Wrist
[modifier.cpp:1642]: StaticModifier #1190 tag = sore_muscles name = Sore Muscles
[modifier.cpp:1642]: StaticModifier #1191 tag = cracked_ribs name = Cracked Ribs
[modifier.cpp:1642]: StaticModifier #1192 tag = concussion name = Concussion
[modifier.cpp:1642]: StaticModifier #1193 tag = fueled_by_rage name = Fueled By Rage
[modifier.cpp:1642]: StaticModifier #1194 tag = hardened_resolve name = Hardened Resolve
[modifier.cpp:1642]: StaticModifier #1195 tag = carrying_torch name = Carrying a Torch for Someone
[modifier.cpp:1642]: StaticModifier #1196 tag = crowned_in_barn name = Crowned in a Barn
[modifier.cpp:1642]: StaticModifier #1197 tag = crowned_in_war name = Battlefield Coronation
[modifier.cpp:1642]: StaticModifier #1198 tag = extravagant_coronation name = Extravagant Coronation
[modifier.cpp:1642]: StaticModifier #1199 tag = uncrowned_modifier name = Uncrowned
[modifier.cpp:1642]: StaticModifier #1200 tag = coronation_improved_trade name = Flourishing Trade
[modifier.cpp:1642]: StaticModifier #1201 tag = coronation_peasants_happy name = Peasants Celebrating
[modifier.cpp:1642]: StaticModifier #1202 tag = chancellor_of_uncrowned name = Diplomatic Complications
[modifier.cpp:1642]: StaticModifier #1203 tag = impressive_treasury name = Impressive Treasury
[modifier.cpp:1642]: StaticModifier #1204 tag = mother_praying_health name = Pregnancy: Praying
[modifier.cpp:1642]: StaticModifier #1205 tag = mother_resting_health name = Pregnancy: Resting
[modifier.cpp:1642]: StaticModifier #1206 tag = mother_partying_health name = Pregnancy: Relaxing
[modifier.cpp:1642]: StaticModifier #1207 tag = mother_minor_rest name = Pregnancy: Minor Rest
[modifier.cpp:1642]: StaticModifier #1208 tag = mother_good_omen name = Pregnancy: Good Omen
[modifier.cpp:1642]: StaticModifier #1209 tag = mother_bad_omen name = Pregnancy: Bad Omen
[modifier.cpp:1642]: StaticModifier #1210 tag = mother_vow_chastity name = Pregnancy: Vow of Chastity
[modifier.cpp:1642]: StaticModifier #1211 tag = mother_vow_humility name = Pregnancy: Vow of Humility
[modifier.cpp:1642]: StaticModifier #1212 tag = mother_vow_charity name = Pregnancy: Vow of Charity
[modifier.cpp:1642]: StaticModifier #1213 tag = mother_vow_temperance name = Pregnancy: Vow of Temperance
[modifier.cpp:1642]: StaticModifier #1214 tag = mother_exposed_to_elements name = Exposed to Elements
[modifier.cpp:1642]: StaticModifier #1215 tag = mother_comforted name = Comforted
[modifier.cpp:1642]: StaticModifier #1216 tag = mother_pregnancy_glow name = Pregnancy Glow
[modifier.cpp:1642]: StaticModifier #1217 tag = mother_dark_rest name = Secluded Rest
[modifier.cpp:1642]: StaticModifier #1218 tag = mother_chatting name = Prolixity
[modifier.cpp:1642]: StaticModifier #1219 tag = mother_popular name = Friendly Host
[modifier.cpp:1642]: StaticModifier #1220 tag = mother_fertility_festival_1 name = Fertility Rites
[modifier.cpp:1642]: StaticModifier #1221 tag = mother_fertility_festival_2 name = Queen of the Harvest
[modifier.cpp:1642]: StaticModifier #1222 tag = mother_festival_blessing name = Blessing of [GetFertilityGoddess]
[modifier.cpp:1642]: StaticModifier #1223 tag = fertility_festival_province name = Grandiose Harvest Festival
[modifier.cpp:1642]: StaticModifier #1224 tag = breastfeeding_infant name = Breastfeeding Child
[modifier.cpp:1642]: StaticModifier #1225 tag = pregnancy_gossip_cooldown name = dummy
[modifier.cpp:1642]: StaticModifier #1226 tag = cowardly_infanticide name = Cowardly Infanticide
[modifier.cpp:1642]: StaticModifier #1227 tag = aborted_child name = Aborted Child
[modifier.cpp:1642]: StaticModifier #1228 tag = warrior_lodge_failed_joining_cd name = Fled Initiation Duel
[modifier.cpp:1642]: StaticModifier #1229 tag = hard_diet name = Hard Diet
[modifier.cpp:1642]: StaticModifier #1230 tag = coping_glutton name = Big Eater
[modifier.cpp:1642]: StaticModifier #1231 tag = stress_relief name = Stress Relief
[modifier.cpp:1642]: StaticModifier #1232 tag = anti_depression name = Anti-Depressant
[modifier.cpp:1642]: StaticModifier #1233 tag = munificent_modifier name = Munificent
[modifier.cpp:1642]: StaticModifier #1234 tag = jolly_matron_modifier name = Jovial Matron
[modifier.cpp:1642]: StaticModifier #1235 tag = jolly_patriarch_modifier name = Jovial Patriarch
[modifier.cpp:1642]: StaticModifier #1236 tag = extremely_temperate name = Extremely Temperate
[modifier.cpp:1642]: StaticModifier #1237 tag = restless_study name = Restless Study
[modifier.cpp:1642]: StaticModifier #1238 tag = restless_prayer name = Restless Prayers
[modifier.cpp:1642]: StaticModifier #1239 tag = malnourished_paranoia name = Paranoid Investigation
[modifier.cpp:1642]: StaticModifier #1240 tag = tireless_worker name = Tireless Worker
[modifier.cpp:1642]: StaticModifier #1241 tag = refined_palate name = Refined Palate
[modifier.cpp:1642]: StaticModifier #1242 tag = obese_modifier name = Obese
[modifier.cpp:1642]: StaticModifier #1243 tag = severely_underweight_modifier name = Severely Underweight
[modifier.cpp:1642]: StaticModifier #1244 tag = leechlord_modifier name = Bloodletting Enthusiast
[modifier.cpp:1642]: StaticModifier #1245 tag = whisperer_modifier name = Shadowy Stalker
[modifier.cpp:1642]: StaticModifier #1246 tag = laughing_stock_modifier name = Laughing Stock
[modifier.cpp:1642]: StaticModifier #1247 tag = black_boar_modifier name = Unfettered
[modifier.cpp:1642]: StaticModifier #1248 tag = duel_exp_1 name = Duel Experience
[modifier.cpp:1642]: StaticModifier #1249 tag = duel_exp_2 name = Duel Experience II
[modifier.cpp:1642]: StaticModifier #1250 tag = duel_exp_3 name = Duel Experience III
[modifier.cpp:1642]: StaticModifier #1251 tag = duel_exp_4 name = Duel Experience IV
[modifier.cpp:1642]: StaticModifier #1252 tag = duel_exp_5 name = Duel Experience V
[modifier.cpp:1642]: StaticModifier #1253 tag = duel_exp_6 name = Duel Experience VI
[modifier.cpp:1642]: StaticModifier #1254 tag = duel_exp_7 name = Duel Experience VII
[modifier.cpp:1642]: StaticModifier #1255 tag = duel_exp_8 name = Duel Experience VIII
[modifier.cpp:1642]: StaticModifier #1256 tag = emptied_library name = Emptied Library
[modifier.cpp:1642]: StaticModifier #1257 tag = duel_experience name = Duel Experience
[modifier.cpp:1642]: StaticModifier #1258 tag = duelist_renown name = Renowned Duelist
[modifier.cpp:1642]: StaticModifier #1259 tag = devious_duelist name = Devious Duelist
[modifier.cpp:1642]: StaticModifier #1260 tag = ruthless_duelist name = Ruthless Duelist
[modifier.cpp:1642]: StaticModifier #1261 tag = battlefield_experience name = Battlefield Experience
[modifier.cpp:1642]: StaticModifier #1262 tag = strategic_understanding name = Strategic Understanding
[modifier.cpp:1642]: StaticModifier #1263 tag = accomplished_duelist name = dummy
[modifier.cpp:1642]: StaticModifier #1264 tag = refusing_to_lead name = Refusing to Lead
[modifier.cpp:1642]: StaticModifier #1265 tag = hollow_child_brave name = Hollow Child
[modifier.cpp:1642]: StaticModifier #1266 tag = hollow_child_erudite name = Hollow Child
[modifier.cpp:1642]: StaticModifier #1267 tag = hollow_child_cruel name = Hollow Child
[modifier.cpp:1642]: StaticModifier #1268 tag = sway_visit_cooldown name = dummy
[modifier.cpp:1642]: StaticModifier #1269 tag = rigorous_practice name = Rigorous Practice
[modifier.cpp:1642]: StaticModifier #1270 tag = tracker_student name = Tracker
[modifier.cpp:1642]: StaticModifier #1271 tag = trapper_student name = Trapper
[modifier.cpp:1642]: StaticModifier #1272 tag = hitting_the_books name = Hitting the Books
[modifier.cpp:1642]: StaticModifier #1273 tag = observing_the_troops name = Observing the Troops
[modifier.cpp:1642]: StaticModifier #1274 tag = duelist_mentor name = Duelist Mentor
[modifier.cpp:1642]: StaticModifier #1275 tag = antagonize_slandering_vassals name = De-legitimized Rule
[modifier.cpp:1642]: StaticModifier #1276 tag = antagonize_slandering_relatives name = Black Sheep
[modifier.cpp:1642]: StaticModifier #1277 tag = luxurious_crown_modifier name = Luxurious Scepter
[modifier.cpp:1642]: StaticModifier #1278 tag = popular_modifier name = Popular
[modifier.cpp:1642]: StaticModifier #1279 tag = divination_crit_success name = Stellar Divination
[modifier.cpp:1642]: StaticModifier #1280 tag = divination_success name = Fortuitous Divination
[modifier.cpp:1642]: StaticModifier #1281 tag = divination_failure name = Ominous Divination
[modifier.cpp:1642]: StaticModifier #1282 tag = divination_crit_failure name = Catastrophic Divination
[modifier.cpp:1642]: StaticModifier #1283 tag = antagonizer_good_mood name = Good Mood
[modifier.cpp:1642]: StaticModifier #1284 tag = caesars_insight name = Caesar's Insight
[modifier.cpp:1642]: StaticModifier #1285 tag = ciceros_insight name = Cicero's Insight
[modifier.cpp:1642]: StaticModifier #1286 tag = justinians_insight name = Justinian's Insight
[modifier.cpp:1642]: StaticModifier #1287 tag = picked_pagan_branch_cooldown name = dummy
[modifier.cpp:1642]: StaticModifier #1288 tag = province_mourning_warrior_death name = Mourning a Hero
[modifier.cpp:1642]: StaticModifier #1289 tag = grieving_over_warrior_lover name = Grieving Warrior Lover
[modifier.cpp:1642]: StaticModifier #1290 tag = seeking_vengeance name = Seeking Vengeance
[modifier.cpp:1642]: StaticModifier #1291 tag = sacrificed_prisoner name = Made a Battlefield Sacrifice
[modifier.cpp:1642]: StaticModifier #1292 tag = glory_days name = Glory Days
[modifier.cpp:1642]: StaticModifier #1293 tag = proud_role_model name = Proud Role Model
[modifier.cpp:1642]: StaticModifier #1294 tag = center_of_attention name = Center of Attention
[modifier.cpp:1642]: StaticModifier #1295 tag = province_team_spirit name = A Hero Among Us
[modifier.cpp:1642]: StaticModifier #1296 tag = battlefield_betrayal name = Battlefield Betrayal
[modifier.cpp:1642]: StaticModifier #1297 tag = callous name = Callous
[modifier.cpp:1642]: StaticModifier #1298 tag = friend_of_eagles name = Friend of Eagles
[modifier.cpp:1642]: StaticModifier #1299 tag = zealots_running_amok name =  Zealots Running Amok
[modifier.cpp:1642]: StaticModifier #1300 tag = removed_zealots name = Zealots Dispersed
[modifier.cpp:1642]: StaticModifier #1301 tag = tomb_of_a_saint name = Burial Site of Saint [province_saint.GetFirstName]
[modifier.cpp:1642]: StaticModifier #1302 tag = pillaged_tomb_of_a_saint name = Pillaged Burial Site of Saint [province_saint.GetFirstName]
[modifier.cpp:1642]: StaticModifier #1303 tag = pet_snake name = Pet Snake
[modifier.cpp:1642]: StaticModifier #1304 tag = dedicated_to_zeus name = Favored by [GetZeusJupiterName]
[modifier.cpp:1642]: StaticModifier #1305 tag = dedicated_to_poseidon name = Favored by [GetPoseidonNeptuneName]
[modifier.cpp:1642]: StaticModifier #1306 tag = dedicated_to_hades name = Favored by [GetHadesPlutoName]
[modifier.cpp:1642]: StaticModifier #1307 tag = dedicated_to_hermes name = Favored by [GetHermesMercuryName]
[modifier.cpp:1642]: StaticModifier #1308 tag = dedicated_to_demeter name = Favored by [GetDemetraCeresName]
[modifier.cpp:1642]: StaticModifier #1309 tag = dedicated_to_athena name = Favored by [GetAthenaMinervaName]
[modifier.cpp:1642]: StaticModifier #1310 tag = dedicated_to_apollo name = Favored by Apollo
[modifier.cpp:1642]: StaticModifier #1311 tag = dedicated_to_arthemis name = Favored by [GetArtemisDianaName]
[modifier.cpp:1642]: StaticModifier #1312 tag = dedicated_to_ares name = Favored by [GetAresMarsName]
[modifier.cpp:1642]: StaticModifier #1313 tag = dedicated_to_aphrodite name = Favored by [GetAphroditeVenusName]
[modifier.cpp:1642]: StaticModifier #1314 tag = dedicated_to_ephaestus name = Favored by [GetHephaestusVulcanName]
[modifier.cpp:1642]: StaticModifier #1315 tag = dedicated_to_hestia name = Favored by [GetHestiaVestaName]
[modifier.cpp:1642]: StaticModifier #1316 tag = recently_dedicated_temple_cooldown name = Recently Dedicated Temple
[modifier.cpp:1642]: StaticModifier #1317 tag = emulating_legend name = Emulating a Legend
[modifier.cpp:1642]: StaticModifier #1318 tag = repelled_bandits name = Repelled Bandits
[modifier.cpp:1642]: StaticModifier #1319 tag = fought_bear name = Fought Bear
[modifier.cpp:1642]: StaticModifier #1320 tag = outsmarted_bear name = Outsmarted a Bear
[modifier.cpp:1642]: StaticModifier #1321 tag = monk_society_help name = Monks Helping Out
[modifier.cpp:1642]: StaticModifier #1322 tag = recently_invited_ascetic name = Recently Invited an Ascetic
[modifier.cpp:1642]: StaticModifier #1323 tag = intimidated_plotters name = Intimidated Court
[modifier.cpp:1642]: StaticModifier #1324 tag = lodge_summon_warriors_cooldown name = dummy
[modifier.cpp:1642]: StaticModifier #1325 tag = lodge_call_of_the_steppe_boost name = Call of the Steppes
[modifier.cpp:1642]: StaticModifier #1326 tag = lodge_zun_battle_trance_1 name = Battle Trance: Relentless
[modifier.cpp:1642]: StaticModifier #1327 tag = lodge_zun_battle_trance_2 name = Battle Trance: Indomitable
[modifier.cpp:1642]: StaticModifier #1328 tag = lodge_zun_battle_trance_3 name = Battle Trance: Inspiring
[modifier.cpp:1642]: StaticModifier #1329 tag = lodge_slavic_stand_together_cooldown name = dummy
[modifier.cpp:1642]: StaticModifier #1330 tag = incredibly_poor name = Incredibly Poor
[modifier.cpp:1642]: StaticModifier #1331 tag = pet_hunting_eagle name = Hunting Eagle
[modifier.cpp:1642]: StaticModifier #1332 tag = well_spoken name = Well Spoken
[modifier.cpp:1642]: StaticModifier #1333 tag = confused_by_diplomacy name = Confused by Diplomacy
[modifier.cpp:1642]: StaticModifier #1334 tag = jumbling_words name = Jumbling Words
[modifier.cpp:1642]: StaticModifier #1335 tag = well_drilled name = Drilled Soldiers
[modifier.cpp:1642]: StaticModifier #1336 tag = confused_by_warfare name = Confused by Warfare
[modifier.cpp:1642]: StaticModifier #1337 tag = unrespected_general name = Disregarded General
[modifier.cpp:1642]: StaticModifier #1338 tag = well_governed name = Well Spoken Governor
[modifier.cpp:1642]: StaticModifier #1339 tag = confused_by_governing name = Confused by Governing
[modifier.cpp:1642]: StaticModifier #1340 tag = good_image name = Good Image
[modifier.cpp:1642]: StaticModifier #1341 tag = bad_image name = Bad Image
[modifier.cpp:1642]: StaticModifier #1342 tag = unpopular_image name = Unpopular
[modifier.cpp:1642]: StaticModifier #1343 tag = well_written name = Well Written
[modifier.cpp:1642]: StaticModifier #1344 tag = terrible_writer name = Terrible Writer
[modifier.cpp:1642]: StaticModifier #1345 tag = blood_splatter_1 name = dummy
[modifier.cpp:1642]: StaticModifier #1346 tag = blood_splatter_2 name = dummy
[modifier.cpp:1642]: StaticModifier #1347 tag = blood_splatter_3 name = dummy
[modifier.cpp:1642]: StaticModifier #1348 tag = aztec_warpaint_1 name = dummy
[modifier.cpp:1642]: StaticModifier #1349 tag = aztec_warpaint_2 name = dummy
[modifier.cpp:1642]: StaticModifier #1350 tag = finnish_warpaint_1 name = dummy
[modifier.cpp:1642]: StaticModifier #1351 tag = finnish_warpaint_2 name = dummy
[modifier.cpp:1642]: StaticModifier #1352 tag = zun_warpaint_1 name = dummy
[modifier.cpp:1642]: StaticModifier #1353 tag = zun_warpaint_2 name = dummy
[modifier.cpp:1642]: StaticModifier #1354 tag = tengri_warpaint_1 name = dummy
[modifier.cpp:1642]: StaticModifier #1355 tag = tengri_warpaint_2 name = dummy
[modifier.cpp:1642]: StaticModifier #1356 tag = strangled_snake name = Strangled a Snake
[modifier.cpp:1642]: StaticModifier #1357 tag = friend_of_snakes name = Friend of Snakes
[modifier.cpp:1642]: StaticModifier #1358 tag = child_of_mithridates name = Child of Mithridates
[modifier.cpp:1642]: StaticModifier #1359 tag = strange_mind name = Strange Mind
[modifier.cpp:1642]: StaticModifier #1360 tag = devoted_to_highgod name = Devoted
[modifier.cpp:1642]: StaticModifier #1361 tag = aspiring_for_godhood name = Promised Godhood
[modifier.cpp:1642]: StaticModifier #1362 tag = tenacious_duelist name = Tenacious Duelist
[modifier.cpp:1642]: StaticModifier #1363 tag = clever_planner name = Cunning Planner
[modifier.cpp:1642]: StaticModifier #1364 tag = inspiring_presence name = Inspiring Presence
[modifier.cpp:1642]: StaticModifier #1365 tag = motivated_ruler name = Motivated Ruler
[modifier.cpp:1642]: StaticModifier #1366 tag = irresistible name = Irresistible
[modifier.cpp:1642]: StaticModifier #1367 tag = lightning_reflexes name = Lightning Reflexes
[modifier.cpp:1642]: StaticModifier #1368 tag = protected_from_evil name = Protected from Evil
[modifier.cpp:1642]: StaticModifier #1369 tag = slain_legendary_beast name = Slain Legendary Beast
[modifier.cpp:1642]: StaticModifier #1370 tag = outsmarted_legendary_beast name = Outsmarted Legendary Beast
[modifier.cpp:1642]: StaticModifier #1371 tag = charismatic_leader name = Charismatic Leader
[modifier.cpp:1642]: StaticModifier #1372 tag = ruthless_commander name = Ruthless Commander
[modifier.cpp:1642]: StaticModifier #1373 tag = demon_horns name = Demonic Horns
[modifier.cpp:1642]: StaticModifier #1374 tag = lodge_war_sacrifice_1 name = War Sacrifice
[modifier.cpp:1642]: StaticModifier #1375 tag = lodge_war_sacrifice_2 name = War Sacrifice
[modifier.cpp:1642]: StaticModifier #1376 tag = lodge_war_sacrifice_3 name = War Sacrifice
[modifier.cpp:1642]: StaticModifier #1377 tag = lodge_war_sacrifice_4 name = War Sacrifice
[modifier.cpp:1642]: StaticModifier #1378 tag = lodge_war_sacrifice_cooldown name = dummy
[modifier.cpp:1642]: StaticModifier #1379 tag = call_to_glory name = Call to Glory
[modifier.cpp:1642]: StaticModifier #1380 tag = capital_call_to_glory name = Call to Glory
[modifier.cpp:1642]: StaticModifier #1381 tag = capital_thrall_workers_01 name = Thrall Workers I
[modifier.cpp:1642]: StaticModifier #1382 tag = capital_thrall_workers_02 name = Thrall Workers II
[modifier.cpp:1642]: StaticModifier #1383 tag = capital_thrall_workers_03 name = Thrall Workers III
[modifier.cpp:1642]: StaticModifier #1384 tag = capital_thrall_workers_04 name = Thrall Workers IV
[modifier.cpp:1642]: StaticModifier #1385 tag = capital_thrall_workers_05 name = Thrall Workers V
[modifier.cpp:1642]: StaticModifier #1386 tag = capital_thrall_workers_06 name = Thrall Workers VI
[modifier.cpp:1642]: StaticModifier #1387 tag = pillagers_morale name = Shared Loot
[modifier.cpp:1642]: StaticModifier #1388 tag = recent_pirate_infiltration_cooldown name = dummy
[modifier.cpp:1642]: StaticModifier #1389 tag = astrology_very_good_omen name = Prophetic Stars
[modifier.cpp:1642]: StaticModifier #1390 tag = astrology_good_omen name = Favorable Stars
[modifier.cpp:1642]: StaticModifier #1391 tag = astrology_ambiguous_omen name = Ambiguous Stars
[modifier.cpp:1642]: StaticModifier #1392 tag = astrology_bad_omen name = Ominous Stars
[modifier.cpp:1642]: StaticModifier #1393 tag = astrology_very_bad_omen name = Apocalyptic Stars
[modifier.cpp:1642]: StaticModifier #1394 tag = cannibal_haruspicy_sacrifice name = Blood Fate
[modifier.cpp:1642]: StaticModifier #1395 tag = martial_haruspicy_sacrifice name = Clarity of Action
[modifier.cpp:1642]: StaticModifier #1396 tag = intrigue_def_haruspicy_sacrifice name = Clarity of Intent
[modifier.cpp:1642]: StaticModifier #1397 tag = intrigue_att_haruspicy_sacrifice name = Clarity of Recourse
[modifier.cpp:1642]: StaticModifier #1398 tag = stewardship_haruspicy_sacrifice name = Grim Prosperity
[modifier.cpp:1642]: StaticModifier #1399 tag = negative_haruspicy_sacrifice name = Rotten Entrails
[modifier.cpp:1642]: StaticModifier #1400 tag = religious_blood_haruspicy_sacrifice name = Clarity of Destiny
[modifier.cpp:1642]: StaticModifier #1401 tag = bloodthirsty_gods_exp_cooldown name = dummy
[modifier.cpp:1642]: StaticModifier #1402 tag = bloodthirsty_games_cooldown name = dummy
[modifier.cpp:1642]: StaticModifier #1403 tag = fearless_potion name = Fearless Potion
[modifier.cpp:1642]: StaticModifier #1404 tag = poisoned_weapons name = Poisoned Weapons
[modifier.cpp:1642]: StaticModifier #1405 tag = gladiatorial_equipment name = Gladiatorial Equipment
[modifier.cpp:1642]: StaticModifier #1406 tag = survived_blood_games name = Survived a Blood Tournament
[modifier.cpp:1642]: StaticModifier #1407 tag = bloodthirsty_mass_sacrifice_province_1 name = Rivers of Blood
[modifier.cpp:1642]: StaticModifier #1408 tag = bloodthirsty_mass_sacrifice_province_2 name = Fields of Skulls
[modifier.cpp:1642]: StaticModifier #1409 tag = bloodthirsty_mass_sacrifice_bonus_1 name = Mass Sacrifice
[modifier.cpp:1642]: StaticModifier #1410 tag = bloodthirsty_mass_sacrifice_bonus_2 name = Mass Sacrifice
[modifier.cpp:1642]: StaticModifier #1411 tag = bloodthirsty_mass_sacrifice_bonus_3 name = Mass Sacrifice
[modifier.cpp:1642]: StaticModifier #1412 tag = enemy_made_mass_sacrifice name = Superstitious Troops
[modifier.cpp:1642]: StaticModifier #1413 tag = bloodthirsty_mass_sacrifice_cooldown name = dummy
[modifier.cpp:1642]: StaticModifier #1414 tag = bloodthirsty_flower_war_province name = Abducted Subjects
[modifier.cpp:1642]: StaticModifier #1415 tag = undermined_spy_network_1 name = Confused Spies
[modifier.cpp:1642]: StaticModifier #1416 tag = undermined_spy_network_2 name = Compromised Spy Network
[modifier.cpp:1642]: StaticModifier #1417 tag = tormented_modifier name = Tormented
[modifier.cpp:1642]: StaticModifier #1418 tag = counterespionage_modifier name = Counterespionage
[modifier.cpp:1642]: StaticModifier #1419 tag = recently_built_great_pillar name = Erected Great Pillar
[modifier.cpp:1642]: StaticModifier #1420 tag = recently_destroyed_great_pillar_cooldown name = Burned Great Pillar
[modifier.cpp:1642]: StaticModifier #1421 tag = held_great_tribal_festival_cooldown name = dummy
[modifier.cpp:1642]: StaticModifier #1422 tag = enjoying_the_countryside name = Enjoying the Countryside
[modifier.cpp:1642]: StaticModifier #1423 tag = feverish_grooming name = Feverish Grooming
[modifier.cpp:1642]: StaticModifier #1424 tag = tribal_studying_legends name = Studying Old Legends
[modifier.cpp:1642]: StaticModifier #1425 tag = expensive_craftsmen name = Hired Expensive Craftsmen
[modifier.cpp:1642]: StaticModifier #1426 tag = tribal_festival_bought_potion name = Love Potion
[modifier.cpp:1642]: StaticModifier #1427 tag = tribal_festival_bought_charm name = Love Charm
[modifier.cpp:1642]: StaticModifier #1428 tag = tribal_festival_bought_perfume name = Exotic Perfume
[modifier.cpp:1642]: StaticModifier #1429 tag = tribal_festival_very_good_fortune name = Extraordinary Fortune
[modifier.cpp:1642]: StaticModifier #1430 tag = tribal_festival_good_fortune name = Good Luck
[modifier.cpp:1642]: StaticModifier #1431 tag = tribal_festival_bad_fortune name = Bad Luck
[modifier.cpp:1642]: StaticModifier #1432 tag = tribal_festival_bought_strength_potion name = Strength Potion
[modifier.cpp:1642]: StaticModifier #1433 tag = tribal_festival_bought_strength_charm name = Strength Charm
[modifier.cpp:1642]: StaticModifier #1434 tag = tribal_festival_bought_bravery_amulet name = Bravery Amulet
[modifier.cpp:1642]: StaticModifier #1435 tag = tribal_festival_bought_very_good_trinkets name = Rare Trinkets
[modifier.cpp:1642]: StaticModifier #1436 tag = tribal_festival_bought_good_trinkets name = Expensive Trinkets
[modifier.cpp:1642]: StaticModifier #1437 tag = tribal_festival_bought_cheap_trinkets name = Cheap Trinkets
[modifier.cpp:1642]: StaticModifier #1438 tag = mud_splatter name = Muddy
[modifier.cpp:1642]: StaticModifier #1439 tag = tribal_king_of_fair name = King of the Harvest
[modifier.cpp:1642]: StaticModifier #1440 tag = tribal_queen_of_fair name = Queen of the Harvest
[modifier.cpp:1642]: StaticModifier #1441 tag = tribal_festival_modifier name = Bustling Activity
[modifier.cpp:1642]: StaticModifier #1442 tag = mass_baptism_capital_traders name = Foreign Traders
[modifier.cpp:1642]: StaticModifier #1443 tag = mass_baptism_capital_missionaries name = Charity Sermons
[modifier.cpp:1642]: StaticModifier #1444 tag = mass_baptism_capital_builders name = Foreign Builders
[modifier.cpp:1642]: StaticModifier #1445 tag = asked_repentance_from_sins_cooldown name = dummy
[modifier.cpp:1642]: StaticModifier #1446 tag = donate_to_holy_order_cooldown name = dummy
[modifier.cpp:1642]: StaticModifier #1447 tag = recently_pledged_to_crusade_cooldown name = dummy
[modifier.cpp:1642]: StaticModifier #1448 tag = recently_unpledged_to_crusade_cooldown name = dummy
[modifier.cpp:1642]: StaticModifier #1449 tag = not_pledged_to_crusade name = dummy
[modifier.cpp:1642]: StaticModifier #1450 tag = kid_crusade_pledged_troops name = Pledged Troops
[modifier.cpp:1642]: StaticModifier #1451 tag = kid_crusade_recruited_peasants name = Missing Peasants
[modifier.cpp:1642]: StaticModifier #1452 tag = kid_crusade_economic_support name = Pledged Economic Aid
[modifier.cpp:1642]: StaticModifier #1453 tag = children_crusade_morale_0 name = Abysmal Morale
[modifier.cpp:1642]: StaticModifier #1454 tag = children_crusade_morale_1 name = Poor Morale
[modifier.cpp:1642]: StaticModifier #1455 tag = children_crusade_morale_2 name = Poor Morale
[modifier.cpp:1642]: StaticModifier #1456 tag = children_crusade_morale_3 name = Poor Morale
[modifier.cpp:1642]: StaticModifier #1457 tag = children_crusade_morale_4 name = Inspired Troops
[modifier.cpp:1642]: StaticModifier #1458 tag = exploring_local_culture name = Exploring Local Culture
[modifier.cpp:1642]: StaticModifier #1459 tag = well_versed_in_local_culture name = Well Versed in Local Culture
[modifier.cpp:1642]: StaticModifier #1460 tag = ruling_in_crusader_kingdom name = Crusade Recipient
[modifier.cpp:1642]: StaticModifier #1461 tag = taskmaster name = Taskmaster
[modifier.cpp:1642]: StaticModifier #1462 tag = tough_taskmaster name = Taskmaster
[modifier.cpp:1642]: StaticModifier #1463 tag = inspirational_comet name = Inspirational Comet
[modifier.cpp:1642]: StaticModifier #1464 tag = very_inspirational_comet name = Inspirational Comet
[modifier.cpp:1642]: StaticModifier #1465 tag = settled_crusader_state name = Settled Crusaders
[modifier.cpp:1642]: StaticModifier #1466 tag = crusade_event_reminiscing_about_home_cooldown name = dummy
[modifier.cpp:1642]: StaticModifier #1467 tag = crusade_event_questioning_the_faith_cooldown name = dummy
[modifier.cpp:1642]: StaticModifier #1468 tag = shepherds_crusade_cooldown name = dummy
[modifier.cpp:1642]: StaticModifier #1469 tag = left_for_shepherds_crusade name = Soldiers joined Shepherds' Crusade
[modifier.cpp:1642]: StaticModifier #1470 tag = shepherds_chaos name = In the wake of the Shepherds' Crusade
[modifier.cpp:1642]: StaticModifier #1471 tag = shepherds_settled name = Settled Shepherds
[modifier.cpp:1642]: StaticModifier #1472 tag = ritual_hunt_trophy_wolf name = Wolf Tooth
[modifier.cpp:1642]: StaticModifier #1473 tag = ritual_hunt_trophy_eagle name = Eagle Talon
[modifier.cpp:1642]: StaticModifier #1474 tag = ritual_hunt_trophy_bear name = Bear Paw
[modifier.cpp:1642]: StaticModifier #1475 tag = ritual_hunt_trophy_lion name = Lion's Mane
[modifier.cpp:1642]: StaticModifier #1476 tag = finnish_bear_burning name = Performed the Karhunpeijaiset
[modifier.cpp:1642]: StaticModifier #1477 tag = renowned_hero name = Renowned Hero
[modifier.cpp:1642]: StaticModifier #1478 tag = inspired_singer name = Battle Singer
[modifier.cpp:1642]: StaticModifier #1479 tag = inspired_drummer name = Battle Drummer
[modifier.cpp:1642]: StaticModifier #1480 tag = cowardly_ruler name = Cowardly Ruler
[modifier.cpp:1642]: StaticModifier #1481 tag = crusader_state_ai_cd name = dummy
[modifier.cpp:1642]: StaticModifier #1482 tag = forging_legend_revisiting_laws_1 name = Revisiting Old Laws
[modifier.cpp:1642]: StaticModifier #1483 tag = forging_legend_revisiting_laws_2 name = Revisiting Old Laws
[modifier.cpp:1642]: StaticModifier #1484 tag = forging_legend_peasant_disobedience_1 name = Unruly Peasants
[modifier.cpp:1642]: StaticModifier #1485 tag = forging_legend_peasant_disobedience_2 name = Disciplined Peasants
[modifier.cpp:1642]: StaticModifier #1486 tag = forging_legend_family_dedication_1 name = Familial Devotion
[modifier.cpp:1642]: StaticModifier #1487 tag = forging_legend_family_dedication_2 name = Familial Dedication
[modifier.cpp:1642]: StaticModifier #1488 tag = forging_legend_family_dedication_3 name = Familial Care
[modifier.cpp:1642]: StaticModifier #1489 tag = forging_legend_religious_squabble_1 name = Theological Squabble
[modifier.cpp:1642]: StaticModifier #1490 tag = forging_legend_religious_squabble_2 name = Theological Debates
[modifier.cpp:1642]: StaticModifier #1491 tag = forging_legend_searching_philosophers_1 name = Searching Great Thinkers
[modifier.cpp:1642]: StaticModifier #1492 tag = forging_legend_searching_philosophers_2 name = Promoting Arts
[modifier.cpp:1642]: StaticModifier #1493 tag = forging_legend_searching_philosophers_3 name = Reorganizing Court
[modifier.cpp:1642]: StaticModifier #1494 tag = forging_legend_building_infrastructure_1 name = Grandiose Infrastructure
[modifier.cpp:1642]: StaticModifier #1495 tag = forging_legend_building_infrastructure_2 name = Expanding Infrastructure
[modifier.cpp:1642]: StaticModifier #1496 tag = forging_legend_building_infrastructure_3 name = Palace of Arts
[modifier.cpp:1642]: StaticModifier #1497 tag = forging_legend_building_zealotry_1 name = Influencing Priesthood
[modifier.cpp:1642]: StaticModifier #1498 tag = forging_legend_building_zealotry_2 name = Encouraging Zealotry
[modifier.cpp:1642]: StaticModifier #1499 tag = forging_legend_censoring_arts_1 name = Inquisitorial Raids
[modifier.cpp:1642]: StaticModifier #1500 tag = forging_legend_censoring_arts_2 name = Inquisitorial Advisory
[modifier.cpp:1642]: StaticModifier #1501 tag = forging_legend_censoring_arts_3 name = Censorious Efforts
[modifier.cpp:1642]: StaticModifier #1502 tag = forging_legend_martial_law_1 name = Martial Law
[modifier.cpp:1642]: StaticModifier #1503 tag = forging_legend_martial_law_2 name = Foreign Overseers
[modifier.cpp:1642]: StaticModifier #1504 tag = deflection_decision_cooldown name = dummy
[modifier.cpp:1642]: StaticModifier #1505 tag = drill_troops_cooldown name = dummy
[modifier.cpp:1642]: StaticModifier #1506 tag = infiltration_tactics name = Infiltration Tactics
[modifier.cpp:1642]: StaticModifier #1507 tag = polished_formation name = Polished Formation
[modifier.cpp:1642]: StaticModifier #1508 tag = advanced_supply_lines name = Advanced Supply Lines
[modifier.cpp:1642]: StaticModifier #1509 tag = endearing_noblemen_cooldown name = dummy
[modifier.cpp:1642]: StaticModifier #1510 tag = endearing_peasants name = Endearing Peasants
[modifier.cpp:1642]: StaticModifier #1511 tag = dismantle_factions_cooldown name = dummy
[modifier.cpp:1642]: StaticModifier #1512 tag = dynastic_meddling_cooldown name = dummy
[modifier.cpp:1642]: StaticModifier #1513 tag = dynastic_meddling_target_cooldown name = dummy
[modifier.cpp:1642]: StaticModifier #1514 tag = marital_duty name = Marital Duty
[modifier.cpp:1642]: StaticModifier #1515 tag = merciful_defender name = Merciful Defender
[modifier.cpp:1642]: StaticModifier #1516 tag = merciful_attacker name = Calm Aggressor
[modifier.cpp:1642]: StaticModifier #1517 tag = merciful_sister name = Merciful Sister
[modifier.cpp:1642]: StaticModifier #1518 tag = merciful_brother name = Merciful Brother
[modifier.cpp:1642]: StaticModifier #1519 tag = child_protected name = Under Strict Protection
[modifier.cpp:1642]: StaticModifier #1520 tag = child_heavily_guarded name = Heavily Guarded
[modifier.cpp:1642]: StaticModifier #1521 tag = stable_attribute_improvement_cooldown name = dummy
[modifier.cpp:1642]: StaticModifier #1522 tag = stable_attribute_improvement_target_cooldown name = dummy
[modifier.cpp:1642]: StaticModifier #1523 tag = ephemeral_knowledge name = Ephemeral Knowledge
[modifier.cpp:1642]: StaticModifier #1524 tag = crusade_event_meeting_caravan_cooldown name = dummy
[modifier.cpp:1642]: StaticModifier #1525 tag = joyous_festivities name = Fun Festivities
[modifier.cpp:1642]: StaticModifier #1526 tag = harvest_festival_believer name = Harvest Festival Faith
[modifier.cpp:1642]: StaticModifier #1527 tag = crusade_organized_army name = Organized Army
[modifier.cpp:1642]: StaticModifier #1528 tag = crusade_very_organized_army name = Organized Army
[modifier.cpp:1642]: StaticModifier #1529 tag = crusade_inspired_army name = Inspired Army
[modifier.cpp:1642]: StaticModifier #1530 tag = crusade_very_inspired_army name = Inspired Army
[modifier.cpp:1642]: StaticModifier #1531 tag = crusade_great_general name = Great General
[modifier.cpp:1642]: StaticModifier #1532 tag = assassins_raise_troops_cooldown name = dummy
[modifier.cpp:1642]: StaticModifier #1533 tag = hire_teutonic_honor_guard_cooldown name = dummy
[modifier.cpp:1642]: StaticModifier #1534 tag = northern_crusade_cooldown name = dummy
[modifier.cpp:1642]: StaticModifier #1535 tag = drinking_to_fallen_friends name = Drinking to Fallen Friends
[modifier.cpp:1642]: StaticModifier #1536 tag = inspired_by_legends name = Inspired by Legends
[modifier.cpp:1642]: StaticModifier #1537 tag = annoyed_with_barbarians name = Frustrated with Barbarians
[modifier.cpp:1642]: StaticModifier #1538 tag = duels_declined name = Why Can't We Just Talk About It?
[modifier.cpp:1642]: StaticModifier #1539 tag = has_recently_declined_duel_cooldown name = dummy
[modifier.cpp:1642]: StaticModifier #1540 tag = trigger_happy name = Done Talking
[modifier.cpp:1642]: StaticModifier #1541 tag = recently_challenged_rule_timer name = dummy
[modifier.cpp:1642]: StaticModifier #1542 tag = reconquista_mercenary_cooldown name = dummy
[modifier.cpp:1642]: StaticModifier #1543 tag = reconquista_mercenary_other_cooldown name = dummy
[modifier.cpp:1642]: StaticModifier #1544 tag = reconquista_preparation_duration name = dummy
[modifier.cpp:1642]: StaticModifier #1545 tag = reconquista_pope_aid_event_cooldown name = dummy
[modifier.cpp:1642]: StaticModifier #1546 tag = reconquista_boat_event_cooldown name = dummy
[modifier.cpp:1642]: StaticModifier #1547 tag = reconquista_commander_event_cooldown name = dummy
[modifier.cpp:1642]: StaticModifier #1548 tag = reconquista_adventurer_cooldown name = dummy
[modifier.cpp:1642]: StaticModifier #1549 tag = reconquista_flavor_cooldown name = dummy
[modifier.cpp:1642]: StaticModifier #1550 tag = reconquista_preparation_left name = Preparing a Reconquest
[modifier.cpp:1642]: StaticModifier #1551 tag = renowned_sponsor name = Renowned Sponsor
[modifier.cpp:1642]: StaticModifier #1552 tag = pious_sponsor name = Pious Sponsor
[modifier.cpp:1642]: StaticModifier #1553 tag = wealthy_sponsor name = Wealthy Sponsor
[modifier.cpp:1642]: StaticModifier #1554 tag = crucible_weapon_very_bad_omen name = Surrounded By Bad Omens
[modifier.cpp:1642]: StaticModifier #1555 tag = crucible_weapon_caught_heretic name = Caught Attempting Forbidden Ritual
[modifier.cpp:1642]: StaticModifier #1556 tag = arm_wrestling_challenge_cooldown name = dummy
[modifier.cpp:1642]: StaticModifier #1557 tag = flyting_challenge_cooldown name = dummy
[modifier.cpp:1642]: StaticModifier #1558 tag = elder_long_life_modifier name = So Much to Live For!
[modifier.cpp:1642]: StaticModifier #1559 tag = elder_demand_cooldown name = dummy
[modifier.cpp:1642]: StaticModifier #1560 tag = elder_care_modifier name = Tending to Elders
[modifier.cpp:1642]: StaticModifier #1561 tag = elder_praise_modifier name = Praised by Elders
[modifier.cpp:1642]: StaticModifier #1562 tag = told_story_nr_1 name = Told Outrageous Story
[modifier.cpp:1642]: StaticModifier #1563 tag = told_story_nr_2 name = Told Bizarre Story
[modifier.cpp:1642]: StaticModifier #1564 tag = told_story_nr_3 name = Proud Legacy
[modifier.cpp:1642]: StaticModifier #1565 tag = told_story_nr_4 name = Stirring Storyteller
[modifier.cpp:1642]: StaticModifier #1566 tag = told_story_nr_5 name = Religious Storyteller
[modifier.cpp:1642]: StaticModifier #1567 tag = told_story_nr_6 name = Proud Storyteller
[modifier.cpp:1642]: StaticModifier #1568 tag = africa_light_rain name = Light Rain
[modifier.cpp:1642]: StaticModifier #1569 tag = africa_heavy_rain name = Heavy Rain
[modifier.cpp:1642]: StaticModifier #1570 tag = africa_drought_risk name = Risk of Drought
[modifier.cpp:1642]: StaticModifier #1571 tag = africa_drought name = Drought
[modifier.cpp:1642]: StaticModifier #1572 tag = africa_rain_dance_1 name = Rain Dance Rituals
[modifier.cpp:1642]: StaticModifier #1573 tag = africa_rain_dance_2 name = Prosperity Festivals
[modifier.cpp:1642]: StaticModifier #1574 tag = africa_rain_dance_successful name = Successful Rituals
[modifier.cpp:1642]: StaticModifier #1575 tag = africa_weather_updated name = dummy
[modifier.cpp:1642]: StaticModifier #1576 tag = africa_surplus_grain name = dummy
[modifier.cpp:1642]: StaticModifier #1577 tag = africa_drought_cooldown_1 name = dummy
[modifier.cpp:1642]: StaticModifier #1578 tag = africa_drought_cooldown_2 name = dummy
[modifier.cpp:1642]: StaticModifier #1579 tag = africa_heavy_rain_cooldown_1 name = dummy
[modifier.cpp:1642]: StaticModifier #1580 tag = africa_heavy_rain_cooldown_2 name = dummy
[modifier.cpp:1642]: StaticModifier #1581 tag = africa_heavy_rain_cooldown_3 name = dummy
[modifier.cpp:1642]: StaticModifier #1582 tag = local_relief_efforts_food name = Relief Efforts
[modifier.cpp:1642]: StaticModifier #1583 tag = superstitious_ruler name = Superstitious Ruler
[modifier.cpp:1642]: StaticModifier #1584 tag = improved_irrigation name = Improved Irrigation
[modifier.cpp:1642]: StaticModifier #1585 tag = focused_traders name = Focused Traders
[modifier.cpp:1642]: StaticModifier #1586 tag = water_watch_1 name = River Patrols
[modifier.cpp:1642]: StaticModifier #1587 tag = water_watch_2 name = Road Patrols
[modifier.cpp:1642]: StaticModifier #1588 tag = relief_efforts_builders name = Recruiting Builders
[modifier.cpp:1642]: StaticModifier #1589 tag = african_adulthood_rites_1 name = Sign of Prosperity
[modifier.cpp:1642]: StaticModifier #1590 tag = african_adulthood_rites_2 name = Sign of Power
[modifier.cpp:1642]: StaticModifier #1591 tag = african_adulthood_rites_3 name = Sign of Shadows
[modifier.cpp:1642]: StaticModifier #1592 tag = african_adulthood_rites_4 name = Sign of Death
[modifier.cpp:1642]: StaticModifier #1593 tag = depleted_gold_mine name = Depleted Gold Mine
[modifier.cpp:1642]: StaticModifier #1594 tag = large_gold_inflation name = High Inflation
[modifier.cpp:1642]: StaticModifier #1595 tag = small_gold_inflation name = Low Inflation
[modifier.cpp:1642]: StaticModifier #1596 tag = soldiers_fixed_gold_inflation name = Peasant Unrest
[modifier.cpp:1642]: StaticModifier #1597 tag = uncivilized_dueler name = Uncivilized Dueler
[modifier.cpp:1642]: StaticModifier #1598 tag = unicorns_blessing name = Unicorn's Blessing
[modifier.cpp:1642]: StaticModifier #1599 tag = argent_blood_vessels name = Argent Blood Vessels
[modifier.cpp:1642]: StaticModifier #1600 tag = cautious_decision_making name = Cautious
[modifier.cpp:1642]: StaticModifier #1601 tag = warrior_lodge_HF_10052_cooldown name = dummy
[modifier.cpp:1642]: StaticModifier #1602 tag = warrior_lodge_HF_12011_cooldown name = dummy
[modifier.cpp:1642]: StaticModifier #1603 tag = cancel_crusade_cooldown name = dummy
[modifier.cpp:1642]: StaticModifier #1604 tag = hidden_commander_bonus name = Commander
[modifier.cpp:1642]: StaticModifier #1605 tag = naive_host name = Trusting Host
[modifier.cpp:1642]: StaticModifier #1606 tag = generous_host name = Generous Host
[modifier.cpp:1642]: StaticModifier #1607 tag = calculating_host name = Calculating Host
[modifier.cpp:1642]: StaticModifier #1608 tag = ruthless_host name = Ruthless Host
[modifier.cpp:1642]: StaticModifier #1609 tag = guru name = Guru
[modifier.cpp:1642]: StaticModifier #1610 tag = pope_kinslaying_timer name = dummy
[modifier.cpp:1642]: StaticModifier #1611 tag = caught_with_forgery name = Forgery Discovered
[modifier.cpp:1642]: StaticModifier #1612 tag = ate_beating_heart name = Heart-Eater
[modifier.cpp:1642]: StaticModifier #1613 tag = religious_tolerance name = Religious Tolerance
[modifier.cpp:1642]: StaticModifier #1614 tag = recently_recieved_alcohol_gift name = dummy
[modifier.cpp:1642]: StaticModifier #1615 tag = recently_sent_alcohol_gift name = Recently Sent Alcoholic Gift
[modifier.cpp:1642]: StaticModifier #1616 tag = recently_been_intimidated name = dummy
[modifier.cpp:1642]: StaticModifier #1617 tag = recently_intimidated name = dummy
[modifier.cpp:1642]: StaticModifier #1618 tag = used_scary_upgrade_cd name = dummy
[modifier.cpp:1642]: StaticModifier #1619 tag = used_secluded_upgrade_cd name = dummy
[modifier.cpp:1642]: StaticModifier #1620 tag = weak_leader_modifier name = Weak Leader
[modifier.cpp:1642]: StaticModifier #1621 tag = strong_leader_modifier name = Strong Leader
[modifier.cpp:1642]: StaticModifier #1622 tag = plundering_leader_modifier name = Plundering Leader
[modifier.cpp:1642]: StaticModifier #1623 tag = burghers_appeased name = Burghers Appeased
[ck_application.cpp:1036]: Static Modifiers Initialized
[ck_application.cpp:1043]: Technology Database Initialized
[opinion_modifier.cpp:701]: Opinion Modifier #0 tag =  name = 
[opinion_modifier.cpp:701]: Opinion Modifier #1 tag = same_dynasty name = Same Dynasty
[opinion_modifier.cpp:701]: Opinion Modifier #2 tag = opinion_ally name = Ally
[opinion_modifier.cpp:701]: Opinion Modifier #3 tag = opinion_at_war name = At War
[opinion_modifier.cpp:701]: Opinion Modifier #4 tag = opinion_mother_child name = Mother
[opinion_modifier.cpp:701]: Opinion Modifier #5 tag = opinion_mother_of_child name = My Child
[opinion_modifier.cpp:701]: Opinion Modifier #6 tag = opinion_father_child name = Father
[opinion_modifier.cpp:701]: Opinion Modifier #7 tag = opinion_father_of_child name = My Child
[opinion_modifier.cpp:701]: Opinion Modifier #8 tag = opinion_brother_muslim name = My Brother
[opinion_modifier.cpp:701]: Opinion Modifier #9 tag = opinion_half_brother_muslim name = My Half-Brother
[opinion_modifier.cpp:701]: Opinion Modifier #10 tag = claimant_vs_holder name = Title Claimant
[opinion_modifier.cpp:701]: Opinion Modifier #11 tag = de_jure_liege name = Holding De Jure Vassal Titles
[opinion_modifier.cpp:701]: Opinion Modifier #12 tag = de_jure_liege_hog name = Holding De Jure Liege Title
[opinion_modifier.cpp:701]: Opinion Modifier #13 tag = opinion_imprisoned name = In Prison
[opinion_modifier.cpp:701]: Opinion Modifier #14 tag = opinion_inherited name = Opinion of Predecessor
[opinion_modifier.cpp:701]: Opinion Modifier #15 tag = opinion_inherited_negative name = Opinion of Predecessor
[opinion_modifier.cpp:701]: Opinion Modifier #16 tag = opinion_pretender name = Pretender
[opinion_modifier.cpp:701]: Opinion Modifier #17 tag = opinion_nominee name = Chosen Successor
[opinion_modifier.cpp:701]: Opinion Modifier #18 tag = opinion_non_liege_nominee name = Supports Different Heir
[opinion_modifier.cpp:701]: Opinion Modifier #19 tag = opinion_realm_foreign_culture name = Foreigner
[opinion_modifier.cpp:701]: Opinion Modifier #20 tag = opinion_realm_related_culture name = Foreigner
[opinion_modifier.cpp:701]: Opinion Modifier #21 tag = opinion_infidel name = Infidel
[opinion_modifier.cpp:701]: Opinion Modifier #22 tag = opinion_heretic name = Heretic
[opinion_modifier.cpp:701]: Opinion Modifier #23 tag = opinion_related_religion name = Religious Differences
[opinion_modifier.cpp:701]: Opinion Modifier #24 tag = opinion_infidel_tribal_liege name = Infidel
[opinion_modifier.cpp:701]: Opinion Modifier #25 tag = opinion_heretic_tribal_liege name = Heretic
[opinion_modifier.cpp:701]: Opinion Modifier #26 tag = opinion_related_religion_tribal_liege name = Religious Differences
[opinion_modifier.cpp:701]: Opinion Modifier #27 tag = opinion_rightful_rel_head name = Head of Religion
[opinion_modifier.cpp:701]: Opinion Modifier #28 tag = opinion_demesne_too_big name = Demesne Too Big
[opinion_modifier.cpp:701]: Opinion Modifier #29 tag = opinion_female_heir name = Female Heir
[opinion_modifier.cpp:701]: Opinion Modifier #30 tag = opinion_female_ruler name = Female Ruler
[opinion_modifier.cpp:701]: Opinion Modifier #31 tag = opinion_defending_my_titles name = Defending my Titles
[opinion_modifier.cpp:701]: Opinion Modifier #32 tag = opinion_defending_vs_infidel name = Defending vs Infidels
[opinion_modifier.cpp:701]: Opinion Modifier #33 tag = opinion_defending_vs_foreigners name = Defending vs Foreigners
[opinion_modifier.cpp:701]: Opinion Modifier #34 tag = opinion_pope_vs_antipope name = Antipope
[opinion_modifier.cpp:701]: Opinion Modifier #35 tag = opinion_pope_vs_antipope_controller name = Controller of Antipope
[opinion_modifier.cpp:701]: Opinion Modifier #36 tag = opinion_priest_vs_crusader name = Crusading
[opinion_modifier.cpp:701]: Opinion Modifier #37 tag = opinion_priest_vs_non_crusader name = Not Crusading
[opinion_modifier.cpp:701]: Opinion Modifier #38 tag = opinion_powerful_vassal_not_voter name = Wants Seat on the Council
[opinion_modifier.cpp:701]: Opinion Modifier #39 tag = opinion_repented_sins name = Repented Sins
[opinion_modifier.cpp:701]: Opinion Modifier #40 tag = opinion_lover name = Lover
[opinion_modifier.cpp:701]: Opinion Modifier #41 tag = opinion_former_lover name = Former Lover
[opinion_modifier.cpp:701]: Opinion Modifier #42 tag = opinion_count_wrong_gov_vs_liege name = Wrong Government Type
[opinion_modifier.cpp:701]: Opinion Modifier #43 tag = opinion_excom_lifted name = Lifted Excommunication
[opinion_modifier.cpp:701]: Opinion Modifier #44 tag = opinion_refused_guardianship name = Refused Offer of Guardianship
[opinion_modifier.cpp:701]: Opinion Modifier #45 tag = opinion_defeated_rebels name = Defeated Rebels
[opinion_modifier.cpp:701]: Opinion Modifier #46 tag = opinion_failed_plot name = Failed Plot
[opinion_modifier.cpp:701]: Opinion Modifier #47 tag = opinion_liege_vs_faction name = Faction Member
[opinion_modifier.cpp:701]: Opinion Modifier #48 tag = opinion_foreign_conqueror name = Foreign Conqueror
[opinion_modifier.cpp:701]: Opinion Modifier #49 tag = opinion_rival name = Rival
[opinion_modifier.cpp:701]: Opinion Modifier #50 tag = opinion_friend name = Friend
[opinion_modifier.cpp:701]: Opinion Modifier #51 tag = opinion_divine_blood_marriage name = Divine Marriage
[opinion_modifier.cpp:701]: Opinion Modifier #52 tag = opinion_non_divine_marriage name = Profane Marriage
[opinion_modifier.cpp:701]: Opinion Modifier #53 tag = opinion_religious_divine_blood_marriage name = Divine Marriage
[opinion_modifier.cpp:701]: Opinion Modifier #54 tag = opinion_priest_religious_divine_blood_marriage name = Divine Marriage
[opinion_modifier.cpp:701]: Opinion Modifier #55 tag = opinion_patrician_wo_council_position name = Not on the Council
[opinion_modifier.cpp:701]: Opinion Modifier #56 tag = opinion_rival_republic name = Rival Republic
[opinion_modifier.cpp:701]: Opinion Modifier #57 tag = opinion_royal_marriage name = Marriage Ties
[opinion_modifier.cpp:701]: Opinion Modifier #58 tag = opinion_heir_guardian_my_culture name = Heir Educated with Proper Culture
[opinion_modifier.cpp:701]: Opinion Modifier #59 tag = opinion_heir_guardian_foreign_culture name = Heir Educated with Foreign Culture
[opinion_modifier.cpp:701]: Opinion Modifier #60 tag = opinion_revoked_honorary_title name = Revoked my Honorary Title
[opinion_modifier.cpp:701]: Opinion Modifier #61 tag = opinion_loyal_vassal name = A Most Loyal Vassal
[opinion_modifier.cpp:701]: Opinion Modifier #62 tag = opinion_rightful_vassal name = Asserted Independence on Inheritance
[opinion_modifier.cpp:701]: Opinion Modifier #63 tag = opinion_granted_other_emperor_vice_royalty name = Feudal opinion of granted Viceroyalties
[opinion_modifier.cpp:701]: Opinion Modifier #64 tag = opinion_granted_other_king_vice_royalty name = Feudal opinion of granted Viceroyalties
[opinion_modifier.cpp:701]: Opinion Modifier #65 tag = opinion_granted_other_duke_vice_royalty name = Feudal opinion of granted Viceroyalties
[opinion_modifier.cpp:701]: Opinion Modifier #66 tag = opinion_granted_other_count_vice_royalty name = Feudal opinion of granted Viceroyalties
[opinion_modifier.cpp:701]: Opinion Modifier #67 tag = opinion_granted_other_baron_vice_royalty name = Feudal opinion of granted Viceroyalties
[opinion_modifier.cpp:701]: Opinion Modifier #68 tag = clan_opinion_feud name = Feud
[opinion_modifier.cpp:701]: Opinion Modifier #69 tag = clan_opinion_feud_blood_brother name = Feud with Blood Brothers
[opinion_modifier.cpp:701]: Opinion Modifier #70 tag = clan_opinion_blood_oath name = Blood Brothers
[opinion_modifier.cpp:701]: Opinion Modifier #71 tag = clan_opinion_no_job name = Is not a Councillor
[opinion_modifier.cpp:701]: Opinion Modifier #72 tag = clan_opinion_feud_leader_has_job name = NO_TEXT_FOR_KEY WHO|Y is a Councillor
[opinion_modifier.cpp:701]: Opinion Modifier #73 tag = clan_opinion_absorbed_clan name = Absorbed Clan
[opinion_modifier.cpp:701]: Opinion Modifier #74 tag = clan_opinion_absorbed_blood_brother_clan name = Absorbed the Clan of my Blood Brother
[opinion_modifier.cpp:701]: Opinion Modifier #75 tag = clan_opinion_absorbed_my_clan name = Tried to Absorb My Clan
[opinion_modifier.cpp:701]: Opinion Modifier #76 tag = clan_opinion_splitted_blood_brother_clan name = Split the Clan of my Blood Brother
[opinion_modifier.cpp:701]: Opinion Modifier #77 tag = clan_opinion_splitted_my_clan name = Split My Clan
[opinion_modifier.cpp:701]: Opinion Modifier #78 tag = clan_opinion_attempted_splitted_my_clan name = Tried To Split My Clan
[opinion_modifier.cpp:701]: Opinion Modifier #79 tag = clan_opinion_created name = Loyal Clan
[opinion_modifier.cpp:701]: Opinion Modifier #80 tag = dissolved_alliance name = Dissolved Alliance
[opinion_modifier.cpp:701]: Opinion Modifier #81 tag = lost_war name = Defeated Me
[opinion_modifier.cpp:701]: Opinion Modifier #82 tag = opinion_brother name = Brother
[opinion_modifier.cpp:701]: Opinion Modifier #83 tag = opinion_half_brother name = Half-brother
[opinion_modifier.cpp:701]: Opinion Modifier #84 tag = opinion_sister name = Sister
[opinion_modifier.cpp:701]: Opinion Modifier #85 tag = opinion_half_sister name = Half-sister
[opinion_modifier.cpp:701]: Opinion Modifier #86 tag = opinion_grandfather name = Grandfather
[opinion_modifier.cpp:701]: Opinion Modifier #87 tag = opinion_grandmother name = Grandmother
[opinion_modifier.cpp:701]: Opinion Modifier #88 tag = opinion_grandchild name = Grandchild
[opinion_modifier.cpp:701]: Opinion Modifier #89 tag = opinion_uncle name = Uncle
[opinion_modifier.cpp:701]: Opinion Modifier #90 tag = opinion_aunt name = Aunt
[opinion_modifier.cpp:701]: Opinion Modifier #91 tag = opinion_nephew name = Nephew
[opinion_modifier.cpp:701]: Opinion Modifier #92 tag = opinion_niece name = Niece
[opinion_modifier.cpp:701]: Opinion Modifier #93 tag = opinion_looted name = Pillaged my Lands
[opinion_modifier.cpp:701]: Opinion Modifier #94 tag = opinion_destroyed_dj_liege_title name = Destroyed Liege Title
[opinion_modifier.cpp:701]: Opinion Modifier #95 tag = declared_war name = Declared War
[opinion_modifier.cpp:701]: Opinion Modifier #96 tag = opinion_dishonorable name = Dishonorable
[opinion_modifier.cpp:701]: Opinion Modifier #97 tag = opinion_tyrant name = Tyrant
[opinion_modifier.cpp:701]: Opinion Modifier #98 tag = opinion_released_prisoner name = Released Prisoner
[opinion_modifier.cpp:701]: Opinion Modifier #99 tag = dow_on_son_in_law name = Declared War on Son-in-Law
[opinion_modifier.cpp:701]: Opinion Modifier #100 tag = broke_alliance name = Dishonored Alliance
[opinion_modifier.cpp:701]: Opinion Modifier #101 tag = tribal_vassal_refused_call name = Refused Call to War
[opinion_modifier.cpp:701]: Opinion Modifier #102 tag = broke_truce name = Broke a Truce
[opinion_modifier.cpp:701]: Opinion Modifier #103 tag = honored_alliance name = Honored Alliance
[opinion_modifier.cpp:701]: Opinion Modifier #104 tag = called_into_war name = Called into War
[opinion_modifier.cpp:701]: Opinion Modifier #105 tag = joined_my_war name = Joined my War
[opinion_modifier.cpp:701]: Opinion Modifier #106 tag = pressed_my_claim name = Pressed my Claim
[opinion_modifier.cpp:701]: Opinion Modifier #107 tag = insulted name = Insulted
[opinion_modifier.cpp:701]: Opinion Modifier #108 tag = sent_gift name = Sent Gift
[opinion_modifier.cpp:701]: Opinion Modifier #109 tag = gave_artifact name = Gave me an Artifact
[opinion_modifier.cpp:701]: Opinion Modifier #110 tag = opinion_demanded_conversion name = Demanded Conversion
[opinion_modifier.cpp:701]: Opinion Modifier #111 tag = campaign_friend name = Common History in Campaigns
[opinion_modifier.cpp:701]: Opinion Modifier #112 tag = campaign_rival name = Bad history in campaigns
[opinion_modifier.cpp:701]: Opinion Modifier #113 tag = saved_on_battlefield name = Saved my life in a battle
[opinion_modifier.cpp:701]: Opinion Modifier #114 tag = saved_him_on_battlefield name = Saved his life in a battle
[opinion_modifier.cpp:701]: Opinion Modifier #115 tag = opinion_mentor name = Mentor
[opinion_modifier.cpp:701]: Opinion Modifier #116 tag = opinion_spurned name = Spurned
[opinion_modifier.cpp:701]: Opinion Modifier #117 tag = opinion_embarrassed name = Embarrassed
[opinion_modifier.cpp:701]: Opinion Modifier #118 tag = opinion_investiture name = Investiture
[opinion_modifier.cpp:701]: Opinion Modifier #119 tag = opinion_controlled_antipope name = Controlled Antipope
[opinion_modifier.cpp:701]: Opinion Modifier #120 tag = good_succ_law_change name = Pleased by Succession Law Change
[opinion_modifier.cpp:701]: Opinion Modifier #121 tag = bad_succ_law_change name = Outraged by Succession Law Change
[opinion_modifier.cpp:701]: Opinion Modifier #122 tag = succ_law_change name = Upset by Succession Law Change
[opinion_modifier.cpp:701]: Opinion Modifier #123 tag = opinion_claimed_my_title name = Claimed my Title
[opinion_modifier.cpp:701]: Opinion Modifier #124 tag = opinion_revoked_my_title name = Revoked my Title
[opinion_modifier.cpp:701]: Opinion Modifier #125 tag = opinion_revoked_a_title name = Revoked Vassal Titles
[opinion_modifier.cpp:701]: Opinion Modifier #126 tag = opinion_retracted_my_vassal name = Retracted my Vassal
[opinion_modifier.cpp:701]: Opinion Modifier #127 tag = opinion_retracted_my_de_jure_vassal name = Retracted my de jure Vassal
[opinion_modifier.cpp:701]: Opinion Modifier #128 tag = opinion_retracted_a_vassal name = Retracted a Vassal
[opinion_modifier.cpp:701]: Opinion Modifier #129 tag = opinion_retracted_a_de_jure_vassal name = Retracted a de jure Vassal
[opinion_modifier.cpp:701]: Opinion Modifier #130 tag = opinion_built_building name = Funded Buildings in my Demesne
[opinion_modifier.cpp:701]: Opinion Modifier #131 tag = opinion_granted_barony name = Granted a Barony
[opinion_modifier.cpp:701]: Opinion Modifier #132 tag = opinion_granted_county name = Granted a County
[opinion_modifier.cpp:701]: Opinion Modifier #133 tag = opinion_granted_duchy name = Granted a Duchy
[opinion_modifier.cpp:701]: Opinion Modifier #134 tag = opinion_granted_kingdom name = Granted a Kingdom
[opinion_modifier.cpp:701]: Opinion Modifier #135 tag = opinion_granted_empire name = Granted an Empire
[opinion_modifier.cpp:701]: Opinion Modifier #136 tag = opinion_granted_barony_vice_royalty name = Granted a Viceroyal Barony
[opinion_modifier.cpp:701]: Opinion Modifier #137 tag = opinion_granted_county_vice_royalty name = Granted a Viceroyal County
[opinion_modifier.cpp:701]: Opinion Modifier #138 tag = opinion_granted_duchy_vice_royalty name = Granted a Viceroyal Duchy
[opinion_modifier.cpp:701]: Opinion Modifier #139 tag = opinion_granted_kingdom_vice_royalty name = Granted a Viceroyal Kingdom
[opinion_modifier.cpp:701]: Opinion Modifier #140 tag = opinion_granted_empire_vice_royalty name = Granted an Viceroyal Empire
[opinion_modifier.cpp:701]: Opinion Modifier #141 tag = opinion_granted_barony_to_holy_order name = Granted Barony to Holy Order
[opinion_modifier.cpp:701]: Opinion Modifier #142 tag = opinion_granted_county_to_holy_order name = Granted County to Holy Order
[opinion_modifier.cpp:701]: Opinion Modifier #143 tag = opinion_vassal_transfer name = Vassal Transfer
[opinion_modifier.cpp:701]: Opinion Modifier #144 tag = opinion_yearly_raised_levies name = Raised Levies
[opinion_modifier.cpp:701]: Opinion Modifier #145 tag = opinion_usurped_title name = Usurped Title
[opinion_modifier.cpp:701]: Opinion Modifier #146 tag = opinion_granted_title_to_woman name = Gave title to a woman
[opinion_modifier.cpp:701]: Opinion Modifier #147 tag = opinion_divorced_relative name = Divorced Close Relative
[opinion_modifier.cpp:701]: Opinion Modifier #148 tag = opinion_divorced name = Divorced
[opinion_modifier.cpp:701]: Opinion Modifier #149 tag = opinion_set_aside name = Set Aside
[opinion_modifier.cpp:701]: Opinion Modifier #150 tag = opinion_entrusted_ward name = Entrusted Ward
[opinion_modifier.cpp:701]: Opinion Modifier #151 tag = opinion_lost_ward name = Lost a Ward
[opinion_modifier.cpp:701]: Opinion Modifier #152 tag = opinion_betrothal_broken name = Broken Betrothal
[opinion_modifier.cpp:701]: Opinion Modifier #153 tag = opinion_given_nice_consort name = Grateful for [This.GetOppositeConsortSex]
[opinion_modifier.cpp:701]: Opinion Modifier #154 tag = opinion_traitor name = Traitor
[opinion_modifier.cpp:701]: Opinion Modifier #155 tag = opinion_rebel_traitor name = Rebel Traitor
[opinion_modifier.cpp:701]: Opinion Modifier #156 tag = opinion_regicide_traitor name = Murderous Traitor
[opinion_modifier.cpp:701]: Opinion Modifier #157 tag = opinion_lowered_crown_authority name = Recently Lowered Crown Authority
[opinion_modifier.cpp:701]: Opinion Modifier #158 tag = opinion_lowered_tribal_organization name = Lowered Tribal Organization
[opinion_modifier.cpp:701]: Opinion Modifier #159 tag = opinion_increased_council_power name = Increased Council Power
[opinion_modifier.cpp:701]: Opinion Modifier #160 tag = opinion_decreased_council_power name = Decreased Council Power
[opinion_modifier.cpp:701]: Opinion Modifier #161 tag = opinion_likes_new_obligation_law name = Likes New Obligation Law
[opinion_modifier.cpp:701]: Opinion Modifier #162 tag = opinion_dislikes_new_obligation_law name = Dislikes New Obligation Law
[opinion_modifier.cpp:701]: Opinion Modifier #163 tag = opinion_discovered_plotting name = Discovered Backing a Plot
[opinion_modifier.cpp:701]: Opinion Modifier #164 tag = opinion_subjugated name = Subjugated
[opinion_modifier.cpp:701]: Opinion Modifier #165 tag = opinion_subjugated_other_rel name = Subjugated
[opinion_modifier.cpp:701]: Opinion Modifier #166 tag = opinion_imprisoned_child name = Imprisoned my Child
[opinion_modifier.cpp:701]: Opinion Modifier #167 tag = opinion_executed_child name = Executed my Child
[opinion_modifier.cpp:701]: Opinion Modifier #168 tag = opinion_defeated_major_revolt name = Crushed a Major Revolt
[opinion_modifier.cpp:701]: Opinion Modifier #169 tag = opinion_spared_after_revolt name = Spared after Rebellion
[opinion_modifier.cpp:701]: Opinion Modifier #170 tag = opinion_fought_for_claimant name = Fought for as Claimant
[opinion_modifier.cpp:701]: Opinion Modifier #171 tag = preparing_to_invade name = Preparing to Invade
[opinion_modifier.cpp:701]: Opinion Modifier #172 tag = preparing_to_invade_me name = Preparing to Invade
[opinion_modifier.cpp:701]: Opinion Modifier #173 tag = opinion_failed_invasion name = Failed Prepared Invasion
[opinion_modifier.cpp:701]: Opinion Modifier #174 tag = opinion_targeted_by_adventurer name = Targeted for Invasion
[opinion_modifier.cpp:701]: Opinion Modifier #175 tag = opinion_used name = Tried to use me
[opinion_modifier.cpp:701]: Opinion Modifier #176 tag = opinion_absorbed_my_clan name = Absorbed my Clan
[opinion_modifier.cpp:701]: Opinion Modifier #177 tag = DEMAND_RELIGIOUS_CONVERSION_INTERACTION_ON_ACCEPT name = Accepted Conversion
[opinion_modifier.cpp:701]: Opinion Modifier #178 tag = DEMAND_RELIGIOUS_CONVERSION_INTERACTION_ON_DECLINE name = Refused Conversion
[opinion_modifier.cpp:701]: Opinion Modifier #179 tag = stop_backing_ambition name = Abandoned Plot
[opinion_modifier.cpp:701]: Opinion Modifier #180 tag = STOP_BACKING_AMBITION_INTERACTION_ON_DECLINE name = Refused to abandon Plot
[opinion_modifier.cpp:701]: Opinion Modifier #181 tag = OFFER_SUCCESSION_MARRIGE_INTERACTION_ON_ACCEPT name = Allowed a Marriage
[opinion_modifier.cpp:701]: Opinion Modifier #182 tag = OFFER_MARRIGE_INTERACTION_ON_ACCEPT name = Allowed a Marriage
[opinion_modifier.cpp:701]: Opinion Modifier #183 tag = opinion_fired_from_council name = Fired from Council
[opinion_modifier.cpp:701]: Opinion Modifier #184 tag = opinion_granted_independence name = Granted Independence
[opinion_modifier.cpp:701]: Opinion Modifier #185 tag = opinion_recently_fired name = Recently Fired
[opinion_modifier.cpp:701]: Opinion Modifier #186 tag = opinion_refused_press_claims name = Refused to press claims
[opinion_modifier.cpp:701]: Opinion Modifier #187 tag = opinion_resigned_from_council name = Resigned from Council
[opinion_modifier.cpp:701]: Opinion Modifier #188 tag = opinion_supported_cardinal name = Supported Cardinal Election
[opinion_modifier.cpp:701]: Opinion Modifier #189 tag = opinion_supported_pope name = Supported Pope Election
[opinion_modifier.cpp:701]: Opinion Modifier #190 tag = asked_for_money name = Asked for Money
[opinion_modifier.cpp:701]: Opinion Modifier #191 tag = asked_for_crusade name = Asked for Religious War
[opinion_modifier.cpp:701]: Opinion Modifier #192 tag = asked_for_excommunication name = Asked for excommunication
[opinion_modifier.cpp:701]: Opinion Modifier #193 tag = asked_to_lift_excommunication name = Asked to lift excommunication
[opinion_modifier.cpp:701]: Opinion Modifier #194 tag = asked_for_invasion name = Asked for invasion
[opinion_modifier.cpp:701]: Opinion Modifier #195 tag = asked_for_divorce name = Asked for divorce
[opinion_modifier.cpp:701]: Opinion Modifier #196 tag = asked_for_claim name = Asked for Claim
[opinion_modifier.cpp:701]: Opinion Modifier #197 tag = asked_to_nominate_bishop name = Asked to Nominate Bishop
[opinion_modifier.cpp:701]: Opinion Modifier #198 tag = black_honor name = Breaking Feudal Obligations
[opinion_modifier.cpp:701]: Opinion Modifier #199 tag = opinion_refused_council name = Refused Council
[opinion_modifier.cpp:701]: Opinion Modifier #200 tag = opinion_my_saviour name = My Saviour
[opinion_modifier.cpp:701]: Opinion Modifier #201 tag = opinion_fool_courtier name = Poured Spirits over Me
[opinion_modifier.cpp:701]: Opinion Modifier #202 tag = gluttonous_pos name = Approves of Gluttony
[opinion_modifier.cpp:701]: Opinion Modifier #203 tag = gluttonous_neg name = Despises Gluttony
[opinion_modifier.cpp:701]: Opinion Modifier #204 tag = greedy_neg name = Despises Greed
[opinion_modifier.cpp:701]: Opinion Modifier #205 tag = charitable_neg name = Despises Charity
[opinion_modifier.cpp:701]: Opinion Modifier #206 tag = charitable_pos name = Approves of Charity
[opinion_modifier.cpp:701]: Opinion Modifier #207 tag = charitable_to_you name = Showed Charity
[opinion_modifier.cpp:701]: Opinion Modifier #208 tag = slothful_pos name = Approves of Sloth
[opinion_modifier.cpp:701]: Opinion Modifier #209 tag = slothful_neg name = Despises Sloth
[opinion_modifier.cpp:701]: Opinion Modifier #210 tag = kind_neg name = Despises Kindness
[opinion_modifier.cpp:701]: Opinion Modifier #211 tag = kind_pos name = Approves of Kindness
[opinion_modifier.cpp:701]: Opinion Modifier #212 tag = patient_pos name = Approves of Patience
[opinion_modifier.cpp:701]: Opinion Modifier #213 tag = patient_neg name = Despises Patient
[opinion_modifier.cpp:701]: Opinion Modifier #214 tag = grace_to_forgive name = Forgiven
[opinion_modifier.cpp:701]: Opinion Modifier #215 tag = saved_my_soul name = Saved my Soul
[opinion_modifier.cpp:701]: Opinion Modifier #216 tag = proud_neg name = Despises Pride
[opinion_modifier.cpp:701]: Opinion Modifier #217 tag = proud_pos name = Approves of Pride
[opinion_modifier.cpp:701]: Opinion Modifier #218 tag = humble_neg name = Despises Humility
[opinion_modifier.cpp:701]: Opinion Modifier #219 tag = humble_pos name = Approves of Humility
[opinion_modifier.cpp:701]: Opinion Modifier #220 tag = deceitful_neg name = Despises Deceit
[opinion_modifier.cpp:701]: Opinion Modifier #221 tag = deceitful_pos name = Approves of Deceit
[opinion_modifier.cpp:701]: Opinion Modifier #222 tag = honest_neg name = Despises Honesty
[opinion_modifier.cpp:701]: Opinion Modifier #223 tag = honest_pos name = Approves of Honesty
[opinion_modifier.cpp:701]: Opinion Modifier #224 tag = craven_neg name = Despises Cowardice
[opinion_modifier.cpp:701]: Opinion Modifier #225 tag = craven_pos name = Approves of Cowardice
[opinion_modifier.cpp:701]: Opinion Modifier #226 tag = brave_neg name = Envies Bravery
[opinion_modifier.cpp:701]: Opinion Modifier #227 tag = brave_pos name = Approves of Bravery
[opinion_modifier.cpp:701]: Opinion Modifier #228 tag = shy_neg name = Despises Shyness
[opinion_modifier.cpp:701]: Opinion Modifier #229 tag = shy_pos name = Approves of Shyness
[opinion_modifier.cpp:701]: Opinion Modifier #230 tag = ambitious_neg name = Despises Ambition
[opinion_modifier.cpp:701]: Opinion Modifier #231 tag = ambitious_pos name = Approves of Ambition
[opinion_modifier.cpp:701]: Opinion Modifier #232 tag = content_neg name = Despises Content
[opinion_modifier.cpp:701]: Opinion Modifier #233 tag = content_pos name = Approves of Content
[opinion_modifier.cpp:701]: Opinion Modifier #234 tag = arbitrary_neg name = Despises Arbitrariness
[opinion_modifier.cpp:701]: Opinion Modifier #235 tag = arbitrary_pos name = Approves of Arbitrariness
[opinion_modifier.cpp:701]: Opinion Modifier #236 tag = just_neg name = Despises Justice
[opinion_modifier.cpp:701]: Opinion Modifier #237 tag = just_pos name = Approves of Justice
[opinion_modifier.cpp:701]: Opinion Modifier #238 tag = cynical_neg name = Despises Cynicism
[opinion_modifier.cpp:701]: Opinion Modifier #239 tag = cynical_pos name = Approves of Cynicism
[opinion_modifier.cpp:701]: Opinion Modifier #240 tag = zealous_neg name = Despises Zealotry
[opinion_modifier.cpp:701]: Opinion Modifier #241 tag = zealous_pos name = Approves of Zealotry
[opinion_modifier.cpp:701]: Opinion Modifier #242 tag = paranoid_neg name = Despises Paranoia
[opinion_modifier.cpp:701]: Opinion Modifier #243 tag = paranoid_pos name = Paranoia
[opinion_modifier.cpp:701]: Opinion Modifier #244 tag = trusting_neg name = Disapproves of Trust
[opinion_modifier.cpp:701]: Opinion Modifier #245 tag = trusting_pos name = Mutual Trust
[opinion_modifier.cpp:701]: Opinion Modifier #246 tag = diligent_pos name = Approves of Diligence
[opinion_modifier.cpp:701]: Opinion Modifier #247 tag = diligent_neg name = Misguided Diligence
[opinion_modifier.cpp:701]: Opinion Modifier #248 tag = liege_peaceful_resolution name = Liege mediation
[opinion_modifier.cpp:701]: Opinion Modifier #249 tag = envious_pos name = Envies you
[opinion_modifier.cpp:701]: Opinion Modifier #250 tag = envious_neg name = Despises Envy
[opinion_modifier.cpp:701]: Opinion Modifier #251 tag = wroth_pos name = Approves of Wroth
[opinion_modifier.cpp:701]: Opinion Modifier #252 tag = wroth_neg name = Despises Wroth
[opinion_modifier.cpp:701]: Opinion Modifier #253 tag = gregarious_pos name = Approves of Gregarious
[opinion_modifier.cpp:701]: Opinion Modifier #254 tag = gregarious_neg name = Despises Gregarious
[opinion_modifier.cpp:701]: Opinion Modifier #255 tag = cruel_neg name = Disapproves of Cruelty
[opinion_modifier.cpp:701]: Opinion Modifier #256 tag = cruel_pos name = Approves of Cruelty
[opinion_modifier.cpp:701]: Opinion Modifier #257 tag = clever_deceive name = Clever deception
[opinion_modifier.cpp:701]: Opinion Modifier #258 tag = legitimized_child name = Legitimized Child
[opinion_modifier.cpp:701]: Opinion Modifier #259 tag = acknowledged_child name = Acknowledged Child
[opinion_modifier.cpp:701]: Opinion Modifier #260 tag = denounced_child name = Denounced Child
[opinion_modifier.cpp:701]: Opinion Modifier #261 tag = legitimized_bastard name = Legitimized Bastard
[opinion_modifier.cpp:701]: Opinion Modifier #262 tag = acknowledged_bastard name = Acknowledged Bastard
[opinion_modifier.cpp:701]: Opinion Modifier #263 tag = slut_seductress name = Slut Seductress
[opinion_modifier.cpp:701]: Opinion Modifier #264 tag = opinion_cuckolded_private name = Cuckolded
[opinion_modifier.cpp:701]: Opinion Modifier #265 tag = opinion_unfaithful_private name = Unfaithful
[opinion_modifier.cpp:701]: Opinion Modifier #266 tag = opinion_potential_cuckold name = Suspects something
[opinion_modifier.cpp:701]: Opinion Modifier #267 tag = opinion_denied_guardianship name = Denied Guardianship of Child
[opinion_modifier.cpp:701]: Opinion Modifier #268 tag = opinion_granted_guardianship name = Given Guardianship of Child
[opinion_modifier.cpp:701]: Opinion Modifier #269 tag = opinion_tourney_boost name = Champion at Tournament
[opinion_modifier.cpp:701]: Opinion Modifier #270 tag = opinion_lying_about_confession name = Lying in Confession
[opinion_modifier.cpp:701]: Opinion Modifier #271 tag = opinion_despise_chaste name = Despise Chaste
[opinion_modifier.cpp:701]: Opinion Modifier #272 tag = opinion_chaste_advice_refused name = Advice on Chastity refused
[opinion_modifier.cpp:701]: Opinion Modifier #273 tag = opinion_admire_chaste name = He is the one for me
[opinion_modifier.cpp:701]: Opinion Modifier #274 tag = opinion_infatuated name = Deeply in Love
[opinion_modifier.cpp:701]: Opinion Modifier #275 tag = opinion_impressed_infatuated name = Swooning
[opinion_modifier.cpp:701]: Opinion Modifier #276 tag = opinion_enjoyed_feast name = Enjoyed Feast
[opinion_modifier.cpp:701]: Opinion Modifier #277 tag = opinion_money_stolen name = Stole my Money
[opinion_modifier.cpp:701]: Opinion Modifier #278 tag = opinion_betrayed name = Betrayed Me
[opinion_modifier.cpp:701]: Opinion Modifier #279 tag = temperate_bad_judgement name = Distrusts your judgement
[opinion_modifier.cpp:701]: Opinion Modifier #280 tag = temperate_good_judgement name = Trusts your judgement
[opinion_modifier.cpp:701]: Opinion Modifier #281 tag = temperate_annoyer name = Ruined my Feast
[opinion_modifier.cpp:701]: Opinion Modifier #282 tag = despise_drunkard name = Despise drunkard
[opinion_modifier.cpp:701]: Opinion Modifier #283 tag = forced_drunkard name = Forced to drink with you
[opinion_modifier.cpp:701]: Opinion Modifier #284 tag = disrespects_dynasty name = Disrespects Dynasty
[opinion_modifier.cpp:701]: Opinion Modifier #285 tag = spouse_encouraged name = My interests are encouraged
[opinion_modifier.cpp:701]: Opinion Modifier #286 tag = spouse_ignores_me name = My interests are ignored
[opinion_modifier.cpp:701]: Opinion Modifier #287 tag = ignores_local_saints name = Ignores local saints
[opinion_modifier.cpp:701]: Opinion Modifier #288 tag = approves_of_my_behaviour name = Feels accepted
[opinion_modifier.cpp:701]: Opinion Modifier #289 tag = resentful_of_my_behaviour name = Resentful of being forced
[opinion_modifier.cpp:701]: Opinion Modifier #290 tag = not_feeling_apreciated name = Not feeling appreciated
[opinion_modifier.cpp:701]: Opinion Modifier #291 tag = opinion_evil_tyrant name = Evil Tyrant
[opinion_modifier.cpp:701]: Opinion Modifier #292 tag = opinion_regent_lowered_CA name = Lowered Crown Authority
[opinion_modifier.cpp:701]: Opinion Modifier #293 tag = attempted_murder_of_spouse name = Attempted Murder of Spouse
[opinion_modifier.cpp:701]: Opinion Modifier #294 tag = attempted_murder_of_child name = Attempted Murder of Child
[opinion_modifier.cpp:701]: Opinion Modifier #295 tag = attempted_murder_of_parent name = Attempted Murder of Parent
[opinion_modifier.cpp:701]: Opinion Modifier #296 tag = attempted_murder_of_sibling name = Attempted Murder of Sibling
[opinion_modifier.cpp:701]: Opinion Modifier #297 tag = attempted_murder_of_vassal name = Attempted Murder of Vassal
[opinion_modifier.cpp:701]: Opinion Modifier #298 tag = attempted_murder_of_spouse_vassal name = Attempted Murder of Spouse
[opinion_modifier.cpp:701]: Opinion Modifier #299 tag = attempted_murder name = Attempted Murder
[opinion_modifier.cpp:701]: Opinion Modifier #300 tag = revealed_plot name = Revealed Plot
[opinion_modifier.cpp:701]: Opinion Modifier #301 tag = scheming_bastard name = Scheming Bastard
[opinion_modifier.cpp:701]: Opinion Modifier #302 tag = dynastic_refused_claim name = Refused Claim
[opinion_modifier.cpp:701]: Opinion Modifier #303 tag = dynastic_refused_title name = Refused Title
[opinion_modifier.cpp:701]: Opinion Modifier #304 tag = dynastic_refused_war name = Refused War
[opinion_modifier.cpp:701]: Opinion Modifier #305 tag = tight_ruler name = Tight Ruler
[opinion_modifier.cpp:701]: Opinion Modifier #306 tag = ruler_not_respect_rank name = Does NOT respect rank
[opinion_modifier.cpp:701]: Opinion Modifier #307 tag = marshal_overruled name = Decision Overruled
[opinion_modifier.cpp:701]: Opinion Modifier #308 tag = refused_money_request name = Refused Money Request
[opinion_modifier.cpp:701]: Opinion Modifier #309 tag = got_money_request name = Got Money Request
[opinion_modifier.cpp:701]: Opinion Modifier #310 tag = grudge_from_sin name = Grudge from Sin
[opinion_modifier.cpp:701]: Opinion Modifier #311 tag = pope_invest_approve name = Approve of Obedience
[opinion_modifier.cpp:701]: Opinion Modifier #312 tag = pope_invest_dislike name = Dislike our Independence
[opinion_modifier.cpp:701]: Opinion Modifier #313 tag = bishop_bribed_by_pope name = Follows Papal Instructions
[opinion_modifier.cpp:701]: Opinion Modifier #314 tag = my_vassal_bribed_by_pope name = Bribed by a false pope
[opinion_modifier.cpp:701]: Opinion Modifier #315 tag = loyal_vassal_against_pope name = Loyal to you ahead of the pope
[opinion_modifier.cpp:701]: Opinion Modifier #316 tag = opinion_converted_province name = Converted Province
[opinion_modifier.cpp:701]: Opinion Modifier #317 tag = no_heretic name = No Heresy
[opinion_modifier.cpp:701]: Opinion Modifier #318 tag = opinion_insulted name = Insulted
[opinion_modifier.cpp:701]: Opinion Modifier #319 tag = opinion_convinced name = Convinced
[opinion_modifier.cpp:701]: Opinion Modifier #320 tag = opinion_furious name = Furious
[opinion_modifier.cpp:701]: Opinion Modifier #321 tag = opinion_bitter name = Bitter
[opinion_modifier.cpp:701]: Opinion Modifier #322 tag = opinion_unhappy name = Unhappy
[opinion_modifier.cpp:701]: Opinion Modifier #323 tag = warning_received name = Warning Received
[opinion_modifier.cpp:701]: Opinion Modifier #324 tag = opinion_idiot name = Idiot
[opinion_modifier.cpp:701]: Opinion Modifier #325 tag = opinion_unconvinced name = Unconvinced
[opinion_modifier.cpp:701]: Opinion Modifier #326 tag = opinion_branded_heretic name = Branded as Heretic
[opinion_modifier.cpp:701]: Opinion Modifier #327 tag = opinion_chastised_by_liege name = Chastised by Liege
[opinion_modifier.cpp:701]: Opinion Modifier #328 tag = opinion_improved_relations name = Improved Relations
[opinion_modifier.cpp:701]: Opinion Modifier #329 tag = opinion_liege_has_heretic_advisor name = Liege has Heretic Advisor
[opinion_modifier.cpp:701]: Opinion Modifier #330 tag = opinion_rekindle_love name = Rekindle Love
[opinion_modifier.cpp:701]: Opinion Modifier #331 tag = opinion_whipped name = Whipped
[opinion_modifier.cpp:701]: Opinion Modifier #332 tag = no_annulment name = No annulment!
[opinion_modifier.cpp:701]: Opinion Modifier #333 tag = opinion_poisonous_woman name = Poisonous Woman
[opinion_modifier.cpp:701]: Opinion Modifier #334 tag = opinion_denied_advice name = Denied advice
[opinion_modifier.cpp:701]: Opinion Modifier #335 tag = opinion_revoked_chancellor_title name = Revoked job title Chancellor
[opinion_modifier.cpp:701]: Opinion Modifier #336 tag = opinion_revoked_marshal_title name = Revoked job title Marshal
[opinion_modifier.cpp:701]: Opinion Modifier #337 tag = opinion_revoked_steward_title name = Revoked job title Steward
[opinion_modifier.cpp:701]: Opinion Modifier #338 tag = opinion_revoked_spymaster_title name = Revoked job title Spymaster
[opinion_modifier.cpp:701]: Opinion Modifier #339 tag = opinion_revoked_lord_spiritual_title name = Revoked job title Court Chaplain
[opinion_modifier.cpp:701]: Opinion Modifier #340 tag = opinion_happy name = Happy
[opinion_modifier.cpp:701]: Opinion Modifier #341 tag = opinion_happy_with_guardian name = Happy with Upbringing
[opinion_modifier.cpp:701]: Opinion Modifier #342 tag = opinion_mad_at_guardian name = Mad at Guardian
[opinion_modifier.cpp:701]: Opinion Modifier #343 tag = opinion_envy name = Envious of Deeds!
[opinion_modifier.cpp:701]: Opinion Modifier #344 tag = opinion_acquaintance name = Acquaintance
[opinion_modifier.cpp:701]: Opinion Modifier #345 tag = opinion_irritated name = Irritated
[opinion_modifier.cpp:701]: Opinion Modifier #346 tag = opinion_dislike name = Dislike
[opinion_modifier.cpp:701]: Opinion Modifier #347 tag = opinion_promised_title name = Promised a Title
[opinion_modifier.cpp:701]: Opinion Modifier #348 tag = opinion_denied_title name = Denied a Title
[opinion_modifier.cpp:701]: Opinion Modifier #349 tag = opinion_broken_title_promise name = Broken Title Promise
[opinion_modifier.cpp:701]: Opinion Modifier #350 tag = opinion_generous_relative name = Generous Relative
[opinion_modifier.cpp:701]: Opinion Modifier #351 tag = opinion_fulfilled_marriage_wish name = Fulfilled Marriage Wish
[opinion_modifier.cpp:701]: Opinion Modifier #352 tag = opinion_promised_marriage name = Promised Marriage
[opinion_modifier.cpp:701]: Opinion Modifier #353 tag = opinion_denied_marriage name = Denied Marriage
[opinion_modifier.cpp:701]: Opinion Modifier #354 tag = opinion_sent_to_church name = Sent to church
[opinion_modifier.cpp:701]: Opinion Modifier #355 tag = opinion_secret_marriage name = Secretly got Married
[opinion_modifier.cpp:701]: Opinion Modifier #356 tag = opinion_mocked name = Mocked me!
[opinion_modifier.cpp:701]: Opinion Modifier #357 tag = opinion_good_punishment name = Good Punishment!
[opinion_modifier.cpp:701]: Opinion Modifier #358 tag = opinion_bad_punishment name = Bad Punishment
[opinion_modifier.cpp:701]: Opinion Modifier #359 tag = opinion_grateful name = Grateful
[opinion_modifier.cpp:701]: Opinion Modifier #360 tag = opinion_failed_conversion name = Failed Convert
[opinion_modifier.cpp:701]: Opinion Modifier #361 tag = opinion_successful_conversion name = Successful Convert
[opinion_modifier.cpp:701]: Opinion Modifier #362 tag = opinion_cruel name = Cruel
[opinion_modifier.cpp:701]: Opinion Modifier #363 tag = perfect_punishment name = Perfect Punishment
[opinion_modifier.cpp:701]: Opinion Modifier #364 tag = opinion_arrest_attempt name = Imprisoned
[opinion_modifier.cpp:701]: Opinion Modifier #365 tag = opinion_spouse_slayer name = Spouse Slayer
[opinion_modifier.cpp:701]: Opinion Modifier #366 tag = opinion_murder_attempt name = Attempted Murder
[opinion_modifier.cpp:701]: Opinion Modifier #367 tag = opinion_dishonorable_scum name = Dishonorable Scum
[opinion_modifier.cpp:701]: Opinion Modifier #368 tag = opinion_killed_close_kin name = Murdered Close Kin
[opinion_modifier.cpp:701]: Opinion Modifier #369 tag = opinion_ignore_papal_demands name = Ignoring Papal Demands
[opinion_modifier.cpp:701]: Opinion Modifier #370 tag = opinion_ignore_patriarch_request name = Ignored Patriarch's request
[opinion_modifier.cpp:701]: Opinion Modifier #371 tag = opinion_defended_me name = Defended me against the Pope
[opinion_modifier.cpp:701]: Opinion Modifier #372 tag = pope_heathen_removal_approve name = Banishing heathens!
[opinion_modifier.cpp:701]: Opinion Modifier #373 tag = pope_heathen_removal_approve_2 name = Imprisoning heathens!
[opinion_modifier.cpp:701]: Opinion Modifier #374 tag = pope_heretic_removal_approve name = Removed Heretic Advisor
[opinion_modifier.cpp:701]: Opinion Modifier #375 tag = pope_heretic_removal_disapprove name = Refused to Remove Heretic Advisor
[opinion_modifier.cpp:701]: Opinion Modifier #376 tag = bought_indulgences name = Bought Indulgences
[opinion_modifier.cpp:701]: Opinion Modifier #377 tag = refused_indulgences name = Refused Indulgences
[opinion_modifier.cpp:701]: Opinion Modifier #378 tag = made_repentance name = Made Repentance
[opinion_modifier.cpp:701]: Opinion Modifier #379 tag = refused_making_repentance name = Refused Making Repentance
[opinion_modifier.cpp:701]: Opinion Modifier #380 tag = evil_murderer name = Attempts to Murder inside Realm
[opinion_modifier.cpp:701]: Opinion Modifier #381 tag = not_supportive_liege name = Not fulfilling feudal obligations
[opinion_modifier.cpp:701]: Opinion Modifier #382 tag = opinion_disappointed name = Disappointed
[opinion_modifier.cpp:701]: Opinion Modifier #383 tag = opinion_pitiful name = Pitiful
[opinion_modifier.cpp:701]: Opinion Modifier #384 tag = opinion_munificent name = Munificent
[opinion_modifier.cpp:701]: Opinion Modifier #385 tag = opinion_delighted name = Delighted
[opinion_modifier.cpp:701]: Opinion Modifier #386 tag = opinion_shocked name = Shocked!
[opinion_modifier.cpp:701]: Opinion Modifier #387 tag = opinion_impressed name = Impressed
[opinion_modifier.cpp:701]: Opinion Modifier #388 tag = opinion_thoroughly_impressed name = Thoroughly Impressed
[opinion_modifier.cpp:701]: Opinion Modifier #389 tag = opinion_wildly_impressed name = Wildly Impressed
[opinion_modifier.cpp:701]: Opinion Modifier #390 tag = opinion_tiresome name = Tiresome
[opinion_modifier.cpp:701]: Opinion Modifier #391 tag = opinion_ambition_fulfilled name = Fulfilled Ambition
[opinion_modifier.cpp:701]: Opinion Modifier #392 tag = overstepped_jurisdiction name = Overstepped Jurisdiction
[opinion_modifier.cpp:701]: Opinion Modifier #393 tag = opinion_disgruntled name = Disgruntled
[opinion_modifier.cpp:701]: Opinion Modifier #394 tag = opinion_relieved name = Relieved
[opinion_modifier.cpp:701]: Opinion Modifier #395 tag = opinion_worried name = Worried
[opinion_modifier.cpp:701]: Opinion Modifier #396 tag = opinion_woeful name = Woeful
[opinion_modifier.cpp:701]: Opinion Modifier #397 tag = opinion_selfsacrificing name = Self-devoted
[opinion_modifier.cpp:701]: Opinion Modifier #398 tag = opinion_afraid name = Afraid
[opinion_modifier.cpp:701]: Opinion Modifier #399 tag = opinion_proud name = Proud of you!
[opinion_modifier.cpp:701]: Opinion Modifier #400 tag = opinion_cautious name = Cautious
[opinion_modifier.cpp:701]: Opinion Modifier #401 tag = opinion_satisfied name = Satisfied
[opinion_modifier.cpp:701]: Opinion Modifier #402 tag = opinion_angry name = Angry
[opinion_modifier.cpp:701]: Opinion Modifier #403 tag = opinion_paragon name = Paragon of Virtue
[opinion_modifier.cpp:701]: Opinion Modifier #404 tag = opinion_exalted name = Exalted among Men
[opinion_modifier.cpp:701]: Opinion Modifier #405 tag = opinion_coward name = Coward
[opinion_modifier.cpp:701]: Opinion Modifier #406 tag = opinion_corrupt name = Suspected Corruption
[opinion_modifier.cpp:701]: Opinion Modifier #407 tag = opinion_oblivious name = Oblivious
[opinion_modifier.cpp:701]: Opinion Modifier #408 tag = opinion_approves name = Approves
[opinion_modifier.cpp:701]: Opinion Modifier #409 tag = opinion_horrified name = Horrified
[opinion_modifier.cpp:701]: Opinion Modifier #410 tag = suspect_of_murder name = Suspect of Murder
[opinion_modifier.cpp:701]: Opinion Modifier #411 tag = accused_of_murder name = Accused of Murder
[opinion_modifier.cpp:701]: Opinion Modifier #412 tag = opinion_not_release_prisoner name = Did not release prisoner despite petition
[opinion_modifier.cpp:701]: Opinion Modifier #413 tag = opinion_love_rival name = Rivals in Love
[opinion_modifier.cpp:701]: Opinion Modifier #414 tag = opinion_glad name = Glad
[opinion_modifier.cpp:701]: Opinion Modifier #415 tag = opinion_religious_tract name = Religious Tract
[opinion_modifier.cpp:701]: Opinion Modifier #416 tag = opinion_bragger name = Bragger
[opinion_modifier.cpp:701]: Opinion Modifier #417 tag = opinion_flattered name = Flattered
[opinion_modifier.cpp:701]: Opinion Modifier #418 tag = opinion_abandoned_wolves name = Abandoned with the wolves
[opinion_modifier.cpp:701]: Opinion Modifier #419 tag = opinion_not_participating_in_crusade_emperor name = Not Participating in Crusade
[opinion_modifier.cpp:701]: Opinion Modifier #420 tag = opinion_not_participating_in_crusade_king name = Not Participating in Crusade
[opinion_modifier.cpp:701]: Opinion Modifier #421 tag = opinion_not_participating_in_crusade_duke name = Not Participating in Crusade
[opinion_modifier.cpp:701]: Opinion Modifier #422 tag = opinion_not_participating_in_crusade_count name = Not Participating in Crusade
[opinion_modifier.cpp:701]: Opinion Modifier #423 tag = opinion_not_participating_in_crusade_bishop name = Not Participating in Crusade
[opinion_modifier.cpp:701]: Opinion Modifier #424 tag = opinion_not_participating_in_crusade_vassal name = Not Participating in Crusade
[opinion_modifier.cpp:701]: Opinion Modifier #425 tag = opinion_falsely_convicted name = Falsely Convicted
[opinion_modifier.cpp:701]: Opinion Modifier #426 tag = opinion_sprung_from_jail name = Got Released from Prison
[opinion_modifier.cpp:701]: Opinion Modifier #427 tag = suspected_sodomite_rumour name = Suspected Sodomite
[opinion_modifier.cpp:701]: Opinion Modifier #428 tag = denied_sodomite_rumour name = Denied the Sodomite Rumour
[opinion_modifier.cpp:701]: Opinion Modifier #429 tag = suspected_of_incest_rumour name = Suspected of Incest
[opinion_modifier.cpp:701]: Opinion Modifier #430 tag = denied_incest_rumour name = Denied the incest rumor
[opinion_modifier.cpp:701]: Opinion Modifier #431 tag = not_a_real_man name = Not a real man
[opinion_modifier.cpp:701]: Opinion Modifier #432 tag = denied_impotence_rumour name = Denied Impotence
[opinion_modifier.cpp:701]: Opinion Modifier #433 tag = committed_adultery_rumour name = Rumored to have committed adultery
[opinion_modifier.cpp:701]: Opinion Modifier #434 tag = denied_adultery_rumour name = Denied to have committed adultery
[opinion_modifier.cpp:701]: Opinion Modifier #435 tag = opinion_merciful name = Merciful
[opinion_modifier.cpp:701]: Opinion Modifier #436 tag = opinion_head_of_religion_negative name = Head of Religion dislikes you
[opinion_modifier.cpp:701]: Opinion Modifier #437 tag = opinion_denied_love name = Denied our love
[opinion_modifier.cpp:701]: Opinion Modifier #438 tag = suspected_occultist_rumour name = Suspected Occultist
[opinion_modifier.cpp:701]: Opinion Modifier #439 tag = denied_occultist_rumour name = Denied being an Occultist
[opinion_modifier.cpp:701]: Opinion Modifier #440 tag = opinion_mad_as_hell name = Mad as hell
[opinion_modifier.cpp:701]: Opinion Modifier #441 tag = opinion_forgive name = Forgive
[opinion_modifier.cpp:701]: Opinion Modifier #442 tag = opinion_unappreciated name = Unappreciated
[opinion_modifier.cpp:701]: Opinion Modifier #443 tag = opinion_ruler_do_not_trust_him name = Ruler do not trust him
[opinion_modifier.cpp:701]: Opinion Modifier #444 tag = opinion_fine_gift name = Fine Gift
[opinion_modifier.cpp:701]: Opinion Modifier #445 tag = opinion_family_statues name = Family Statues
[opinion_modifier.cpp:701]: Opinion Modifier #446 tag = opinion_religious_agenda name = Religious Agenda
[opinion_modifier.cpp:701]: Opinion Modifier #447 tag = opinion_holding_contests name = Report opinion_holding_contests
[opinion_modifier.cpp:701]: Opinion Modifier #448 tag = opinion_annoyed name = Annoyed
[opinion_modifier.cpp:701]: Opinion Modifier #449 tag = opinion_disrespecting_culture name = Disrespecting Culture
[opinion_modifier.cpp:701]: Opinion Modifier #450 tag = opinion_religious_quarrel name = Religious Quarrel
[opinion_modifier.cpp:701]: Opinion Modifier #451 tag = opinion_trade_partner name = Trade Partner
[opinion_modifier.cpp:701]: Opinion Modifier #452 tag = opinion_unchristian name = Unchristian
[opinion_modifier.cpp:701]: Opinion Modifier #453 tag = suspected_coward_rumour name = Suspected Coward
[opinion_modifier.cpp:701]: Opinion Modifier #454 tag = denied_coward_rumour name = Denied being a Coward
[opinion_modifier.cpp:701]: Opinion Modifier #455 tag = opinion_reassured_of_love name = Reassured of love
[opinion_modifier.cpp:701]: Opinion Modifier #456 tag = opinion_blackmailed name = Blackmailed
[opinion_modifier.cpp:701]: Opinion Modifier #457 tag = opinion_hate name = Hate
[opinion_modifier.cpp:701]: Opinion Modifier #458 tag = opinion_great_feast name = Great feast!
[opinion_modifier.cpp:701]: Opinion Modifier #459 tag = opinion_homosexual name = Homosexual
[opinion_modifier.cpp:701]: Opinion Modifier #460 tag = opinion_upset name = Upset
[opinion_modifier.cpp:701]: Opinion Modifier #461 tag = opinion_complaining name = Complaining
[opinion_modifier.cpp:701]: Opinion Modifier #462 tag = opinion_burned_same_faith name = Burned a person of our Faith!
[opinion_modifier.cpp:701]: Opinion Modifier #463 tag = opinion_ignored_infidel name = Ignored the Infidel
[opinion_modifier.cpp:701]: Opinion Modifier #464 tag = opinion_banished_same_faith name = Banished a person of our Faith!
[opinion_modifier.cpp:701]: Opinion Modifier #465 tag = opinion_disgusted name = Disgusted
[opinion_modifier.cpp:701]: Opinion Modifier #466 tag = opinion_associating_with_thieves name = Associating with thieves
[opinion_modifier.cpp:701]: Opinion Modifier #467 tag = opinion_refused_city_tax_law name = Refused lower City Taxes
[opinion_modifier.cpp:701]: Opinion Modifier #468 tag = opinion_accepted_city_tax_law name = Accepted lower City Taxes
[opinion_modifier.cpp:701]: Opinion Modifier #469 tag = opinion_disapprove name = Disapprove
[opinion_modifier.cpp:701]: Opinion Modifier #470 tag = teenage_infatuation name = Teenage Infatuation
[opinion_modifier.cpp:701]: Opinion Modifier #471 tag = childhood_sweetheart name = Childhood Sweetheart
[opinion_modifier.cpp:701]: Opinion Modifier #472 tag = love_scorned name = Love Scorned
[opinion_modifier.cpp:701]: Opinion Modifier #473 tag = opinion_beheaded_dynasty_member name = Beheaded a member of my dynasty!
[opinion_modifier.cpp:701]: Opinion Modifier #474 tag = opinion_hatred name = Hatred
[opinion_modifier.cpp:701]: Opinion Modifier #475 tag = opinion_saved_me_and_child name = Saved me and my child
[opinion_modifier.cpp:701]: Opinion Modifier #476 tag = opinion_crestfallen name = Crestfallen
[opinion_modifier.cpp:701]: Opinion Modifier #477 tag = opinion_despised_fighting_bastard name = Despised fighting bastard
[opinion_modifier.cpp:701]: Opinion Modifier #478 tag = opinion_despised_hiding_bastard name = Despised hiding bastard
[opinion_modifier.cpp:701]: Opinion Modifier #479 tag = despised_bastard name = Despised bastard
[opinion_modifier.cpp:701]: Opinion Modifier #480 tag = pope_disappointed_over_heretic_province name = Allowing Heretic Province
[opinion_modifier.cpp:701]: Opinion Modifier #481 tag = show_true_humility name = Showed his true Humility
[opinion_modifier.cpp:701]: Opinion Modifier #482 tag = shown_true_humility name = Likes our Humility
[opinion_modifier.cpp:701]: Opinion Modifier #483 tag = talent_recognized name = Recognizes my talent
[opinion_modifier.cpp:701]: Opinion Modifier #484 tag = opinion_increased_authority name = Increased Crown Authority
[opinion_modifier.cpp:701]: Opinion Modifier #485 tag = opinion_increased_tribal_organization name = Increased Tribal Organization
[opinion_modifier.cpp:701]: Opinion Modifier #486 tag = opinion_mildly_disappointed name = Mildly disappointed
[opinion_modifier.cpp:701]: Opinion Modifier #487 tag = opinion_liar name = Liar
[opinion_modifier.cpp:701]: Opinion Modifier #488 tag = opinion_sad name = Sad
[opinion_modifier.cpp:701]: Opinion Modifier #489 tag = opinion_agog name = Agog
[opinion_modifier.cpp:701]: Opinion Modifier #490 tag = opinion_stubborn name = Stubborn
[opinion_modifier.cpp:701]: Opinion Modifier #491 tag = opinion_lost_respect name = Lost Respect
[opinion_modifier.cpp:701]: Opinion Modifier #492 tag = opinion_fled_duel name = Fled a Just Duel
[opinion_modifier.cpp:701]: Opinion Modifier #493 tag = opinion_fought_duel name = Fought Duel
[opinion_modifier.cpp:701]: Opinion Modifier #494 tag = opinion_ruthless name = Ruthless
[opinion_modifier.cpp:701]: Opinion Modifier #495 tag = opinion_dishonorable_duel_minor name = Dishonorable Duel
[opinion_modifier.cpp:701]: Opinion Modifier #496 tag = opinion_dishonorable_duel name = Dishonorable Duel
[opinion_modifier.cpp:701]: Opinion Modifier #497 tag = opinion_dishonorable_duel_major name = Dishonorable Duel
[opinion_modifier.cpp:701]: Opinion Modifier #498 tag = opinion_unruly_spymaster name = Unruly Spymaster
[opinion_modifier.cpp:701]: Opinion Modifier #499 tag = opinion_held_contest name = Held Contest
[opinion_modifier.cpp:701]: Opinion Modifier #500 tag = opinion_built_temple name = Built Temple
[opinion_modifier.cpp:701]: Opinion Modifier #501 tag = opinion_gained_respect name = Gained Respect
[opinion_modifier.cpp:701]: Opinion Modifier #502 tag = opinion_killed_merrymen name = Killed the leader of the Merry Men
[opinion_modifier.cpp:701]: Opinion Modifier #503 tag = opinion_ignored_merrymen name = Ignored the Merry Men
[opinion_modifier.cpp:701]: Opinion Modifier #504 tag = i_attempted_murder name = I attempted murder
[opinion_modifier.cpp:701]: Opinion Modifier #505 tag = opinion_laughing_at_you name = Laughing at you
[opinion_modifier.cpp:701]: Opinion Modifier #506 tag = opinion_tossed_me name = Tossed me!
[opinion_modifier.cpp:701]: Opinion Modifier #507 tag = opinion_tournament_participant name = Held Grand Tournament
[opinion_modifier.cpp:701]: Opinion Modifier #508 tag = opinion_tournament_winner name = Winner of Grand Tournament
[opinion_modifier.cpp:701]: Opinion Modifier #509 tag = opinion_tournament_second_place name = Second Place in Grand Tournament
[opinion_modifier.cpp:701]: Opinion Modifier #510 tag = opinion_tournament_third_place name = Third Place in Grand Tournament
[opinion_modifier.cpp:701]: Opinion Modifier #511 tag = opinion_mutual_enemy name = Report opinion_mutual_enemy
[opinion_modifier.cpp:701]: Opinion Modifier #512 tag = opinion_ignore name = Polite
[opinion_modifier.cpp:701]: Opinion Modifier #513 tag = opinion_fellow_guardian_realm name = Report opinion_fellow_guardian_realm
[opinion_modifier.cpp:701]: Opinion Modifier #514 tag = opinion_very_disappointed name = Very Disappointed
[opinion_modifier.cpp:701]: Opinion Modifier #515 tag = opinion_very_grateful name = Very Grateful
[opinion_modifier.cpp:701]: Opinion Modifier #516 tag = opinion_accepted_religion name = Accepted My Religion
[opinion_modifier.cpp:701]: Opinion Modifier #517 tag = opinion_happy_conversion name = Happy for a converted friend
[opinion_modifier.cpp:701]: Opinion Modifier #518 tag = opinion_wrong_religion name = Wrong Religion
[opinion_modifier.cpp:701]: Opinion Modifier #519 tag = opinion_shared_lifestyle name = Report opinion_shared_lifestyle
[opinion_modifier.cpp:701]: Opinion Modifier #520 tag = opinion_not_abandon_friendship name = Did Not Abandon Friendship
[opinion_modifier.cpp:701]: Opinion Modifier #521 tag = opinion_confused name = Confused
[opinion_modifier.cpp:701]: Opinion Modifier #522 tag = opinion_revenge_seeker name = Seeks Revenge
[opinion_modifier.cpp:701]: Opinion Modifier #523 tag = opinion_disgraceful name = Disgraceful
[opinion_modifier.cpp:701]: Opinion Modifier #524 tag = opinion_stubborn_rival name = Stubborn Rival
[opinion_modifier.cpp:701]: Opinion Modifier #525 tag = opinion_respects_liege name = Respects Liege
[opinion_modifier.cpp:701]: Opinion Modifier #526 tag = opinion_continued_rivalry name = Continued Rivalry
[opinion_modifier.cpp:701]: Opinion Modifier #527 tag = opinion_killed_father name = Killed my father
[opinion_modifier.cpp:701]: Opinion Modifier #528 tag = opinion_poisoner name = Poisoner
[opinion_modifier.cpp:701]: Opinion Modifier #529 tag = opinion_rejected_friend name = Rejected my friendship
[opinion_modifier.cpp:701]: Opinion Modifier #530 tag = opinion_refused_abdicate_title name = Refused to abdicate title
[opinion_modifier.cpp:701]: Opinion Modifier #531 tag = opinion_nomuslim name = Not a True Believer
[opinion_modifier.cpp:701]: Opinion Modifier #532 tag = opinion_pleased name = Pleased
[opinion_modifier.cpp:701]: Opinion Modifier #533 tag = opinion_sadaqah name = Gave Sadaqah
[opinion_modifier.cpp:701]: Opinion Modifier #534 tag = opinion_hajj_promised name = Promised to go on Hajj
[opinion_modifier.cpp:701]: Opinion Modifier #535 tag = opinion_jihad_promised name = Promised Jihad
[opinion_modifier.cpp:701]: Opinion Modifier #536 tag = opinion_bring_on_hajj name = Became Hajjaj together
[opinion_modifier.cpp:701]: Opinion Modifier #537 tag = opinion_declined_hajj name = Declined Hajj
[opinion_modifier.cpp:701]: Opinion Modifier #538 tag = opinion_attempt_hajj name = Berated me about Hajj
[opinion_modifier.cpp:701]: Opinion Modifier #539 tag = opinion_refused_hajj name = Refused to go on Hajj with me
[opinion_modifier.cpp:701]: Opinion Modifier #540 tag = opinion_hajj_saved_from_bandit name = Saved from bandits at Hajj
[opinion_modifier.cpp:701]: Opinion Modifier #541 tag = opinion_hajj_saving_on_hajj name = Saved him from bandits
[opinion_modifier.cpp:701]: Opinion Modifier #542 tag = opinion_hajj_attempt_murder name = Broke Truce of Hajj
[opinion_modifier.cpp:701]: Opinion Modifier #543 tag = opinion_hajj_rivalry_mended name = Positive talk on Hajj
[opinion_modifier.cpp:701]: Opinion Modifier #544 tag = opinion_hajj_not_helping name = Not showing charity
[opinion_modifier.cpp:701]: Opinion Modifier #545 tag = opinion_helped_wudu name = Helped with Wudu
[opinion_modifier.cpp:701]: Opinion Modifier #546 tag = opinion_chief_qadi name = Chief Qadi
[opinion_modifier.cpp:701]: Opinion Modifier #547 tag = opinion_merciful_qadi name = Merciful Chief Qadi
[opinion_modifier.cpp:701]: Opinion Modifier #548 tag = opinion_arbitrary_qadi name = Arbitrary Chief Qadi
[opinion_modifier.cpp:701]: Opinion Modifier #549 tag = opinion_court_calligrapher name = Court Calligrapher
[opinion_modifier.cpp:701]: Opinion Modifier #550 tag = opinion_good_work name = Good work!
[opinion_modifier.cpp:701]: Opinion Modifier #551 tag = opinion_committed_zina name = Committed Zina (sexual intercourse with other man/woman than spouse)
[opinion_modifier.cpp:701]: Opinion Modifier #552 tag = opinion_disappointed_calligrapher name = Disappointed in Court Calligrapher
[opinion_modifier.cpp:701]: Opinion Modifier #553 tag = opinion_grateful_calligrapher name = Grateful for the Court Calligrapher's good work
[opinion_modifier.cpp:701]: Opinion Modifier #554 tag = opinion_dissatisfied_calligrapher name = Dissatisfied with the Court Calligrapher's work
[opinion_modifier.cpp:701]: Opinion Modifier #555 tag = opinion_beautiful_song name = Beautiful Song
[opinion_modifier.cpp:701]: Opinion Modifier #556 tag = opinion_beautiful_poem name = Beautiful Poem
[opinion_modifier.cpp:701]: Opinion Modifier #557 tag = opinion_seduce_spouse name = Tried to seduce spouse
[opinion_modifier.cpp:701]: Opinion Modifier #558 tag = opinion_adopted_foreign_ways name = Adopted Foreign Ways
[opinion_modifier.cpp:701]: Opinion Modifier #559 tag = opinion_fatwa_target name = Has Fatwa Issued
[opinion_modifier.cpp:701]: Opinion Modifier #560 tag = opinion_has_fatwa name = Has Fatwa Issued
[opinion_modifier.cpp:701]: Opinion Modifier #561 tag = opinion_issued_fatwa name = Issued Fatwa
[opinion_modifier.cpp:701]: Opinion Modifier #562 tag = opinion_triumph_held name = Triumph Held
[opinion_modifier.cpp:701]: Opinion Modifier #563 tag = opinion_refused_order name = Refused Order
[opinion_modifier.cpp:701]: Opinion Modifier #564 tag = opinion_castrated_me name = Castrated Me
[opinion_modifier.cpp:701]: Opinion Modifier #565 tag = opinion_blinded_me name = Blinded Me
[opinion_modifier.cpp:701]: Opinion Modifier #566 tag = opinion_castrated_family name = Castrated Kin
[opinion_modifier.cpp:701]: Opinion Modifier #567 tag = opinion_castrated_close_kin name = Castrated Close Kin
[opinion_modifier.cpp:701]: Opinion Modifier #568 tag = opinion_blinded_family name = Blinded Kin
[opinion_modifier.cpp:701]: Opinion Modifier #569 tag = opinion_blinded_close_kin name = Blinded Close Kin
[opinion_modifier.cpp:701]: Opinion Modifier #570 tag = opinion_loyal_servant name = Loyal Servant
[opinion_modifier.cpp:701]: Opinion Modifier #571 tag = opinion_trusted_servant name = Trusted Servant
[opinion_modifier.cpp:701]: Opinion Modifier #572 tag = opinion_insane_law name = Introduced Insane Law
[opinion_modifier.cpp:701]: Opinion Modifier #573 tag = opinion_coerced_into_leaving_faction name = Discouraged from Factionalism
[opinion_modifier.cpp:701]: Opinion Modifier #574 tag = opinion_coerced_into_joining_faction name = Coerced into Joining Faction
[opinion_modifier.cpp:701]: Opinion Modifier #575 tag = opinion_tzykanion_pos name = Tzykanion Partner
[opinion_modifier.cpp:701]: Opinion Modifier #576 tag = opinion_tzykanion_neg name = Tzykanion Nemesis
[opinion_modifier.cpp:701]: Opinion Modifier #577 tag = opinion_feuding_family name = Feuding Families
[opinion_modifier.cpp:701]: Opinion Modifier #578 tag = opinion_feuding_family_light name = Feuding Families
[opinion_modifier.cpp:701]: Opinion Modifier #579 tag = opinion_seized_tp name = Seized Trade Post
[opinion_modifier.cpp:701]: Opinion Modifier #580 tag = opinion_bribed_tp name = Bribed over Trade Post
[opinion_modifier.cpp:701]: Opinion Modifier #581 tag = opinion_thwarted_tp_destruction name = Thwarted Destruction of Trade Post
[opinion_modifier.cpp:701]: Opinion Modifier #582 tag = opinion_burned_tp name = Burned Trade Post
[opinion_modifier.cpp:701]: Opinion Modifier #583 tag = opinion_burned_tp_despite_bribe name = Burned Trade Post Despite Bribe
[opinion_modifier.cpp:701]: Opinion Modifier #584 tag = opinion_forced_consort name = Abductor
[opinion_modifier.cpp:701]: Opinion Modifier #585 tag = opinion_forced_wife_consort name = Spouse Snatcher
[opinion_modifier.cpp:701]: Opinion Modifier #586 tag = opinion_forced_relative_consort name = Abducted Relative
[opinion_modifier.cpp:701]: Opinion Modifier #587 tag = opinion_nerge_rival name = Fought during Nerge
[opinion_modifier.cpp:701]: Opinion Modifier #588 tag = opinion_held_nerge name = Held Nerge
[opinion_modifier.cpp:701]: Opinion Modifier #589 tag = opinion_punished_nerge name = Punished during Nerge
[opinion_modifier.cpp:701]: Opinion Modifier #590 tag = opinion_held_blot name = Held Blot
[opinion_modifier.cpp:701]: Opinion Modifier #591 tag = opinion_held_bema name = Hosted Bema
[opinion_modifier.cpp:701]: Opinion Modifier #592 tag = opinion_held_sadah name = Held Sadeh Festival
[opinion_modifier.cpp:701]: Opinion Modifier #593 tag = opinion_feast_scandal name = Questionable Behavior at Feast
[opinion_modifier.cpp:701]: Opinion Modifier #594 tag = opinion_vomit name = Vomited in Lap
[opinion_modifier.cpp:701]: Opinion Modifier #595 tag = opinion_drinking_buddy name = Drinking Companion
[opinion_modifier.cpp:701]: Opinion Modifier #596 tag = opinion_lustful_buddy name = Impressed by Virility
[opinion_modifier.cpp:701]: Opinion Modifier #597 tag = opinion_feast_friend name = Befriended at Feast
[opinion_modifier.cpp:701]: Opinion Modifier #598 tag = opinion_homosexual_sympathy name = Sympathetic to Sexual Preferences
[opinion_modifier.cpp:701]: Opinion Modifier #599 tag = opinion_ukon_juhla name = Held Ukon Juhla
[opinion_modifier.cpp:701]: Opinion Modifier #600 tag = opinion_uzgavenes name = Held Užgavenes
[opinion_modifier.cpp:701]: Opinion Modifier #601 tag = opinion_refused_blot name = Refused to Give Offering for Blot
[opinion_modifier.cpp:701]: Opinion Modifier #602 tag = opinion_refused_bema name = Refused Bema Invitation
[opinion_modifier.cpp:701]: Opinion Modifier #603 tag = opinion_refused_sadah name = Refused Sadeh Invitation
[opinion_modifier.cpp:701]: Opinion Modifier #604 tag = opinion_refused_ukon_juhla name = Refused to attend Ukon Juhla
[opinion_modifier.cpp:701]: Opinion Modifier #605 tag = opinion_refused_uzgavenes name = Refused to attend Užgavenes
[opinion_modifier.cpp:701]: Opinion Modifier #606 tag = opinion_went_berserk name = Went Berserk
[opinion_modifier.cpp:701]: Opinion Modifier #607 tag = opinion_jarilo name = Held Jarilo Festival
[opinion_modifier.cpp:701]: Opinion Modifier #608 tag = opinion_refused_jarilo name = Refused to Celebrate Jarilo
[opinion_modifier.cpp:701]: Opinion Modifier #609 tag = opinion_represented_jarilo name = Represented Jarilo
[opinion_modifier.cpp:701]: Opinion Modifier #610 tag = opinion_mutual_respect name = Grudging Mutual Respect
[opinion_modifier.cpp:701]: Opinion Modifier #611 tag = opinion_imprisoned_missionary name = Imprisoned Missionary
[opinion_modifier.cpp:701]: Opinion Modifier #612 tag = opinion_allowed_missionary name = Allowed Missionary
[opinion_modifier.cpp:701]: Opinion Modifier #613 tag = opinion_banished_missionary name = Banished Missionary
[opinion_modifier.cpp:701]: Opinion Modifier #614 tag = opinion_sent_preacher name = Sent Unsolicited Preacher
[opinion_modifier.cpp:701]: Opinion Modifier #615 tag = opinion_did_not_support_preacher name = Sided Against My Cleric
[opinion_modifier.cpp:701]: Opinion Modifier #616 tag = opinion_supported_preacher name = Sided With My Cleric
[opinion_modifier.cpp:701]: Opinion Modifier #617 tag = opinion_refused_request_holy_order name = Forbidden to Join Holy Order
[opinion_modifier.cpp:701]: Opinion Modifier #618 tag = opinion_generous_donation name = Generous Donation
[opinion_modifier.cpp:701]: Opinion Modifier #619 tag = opinion_expelled_from_realm name = Expelled from Realm
[opinion_modifier.cpp:701]: Opinion Modifier #620 tag = opinion_passover name = Hosted Passover Seder
[opinion_modifier.cpp:701]: Opinion Modifier #621 tag = opinion_refused_passover name = Refused Passover Invitation
[opinion_modifier.cpp:701]: Opinion Modifier #622 tag = opinion_rejected_school name = Rejected School
[opinion_modifier.cpp:701]: Opinion Modifier #623 tag = opinion_driven_from_my_lands name = Driven from my Lands
[opinion_modifier.cpp:701]: Opinion Modifier #624 tag = opinion_plot_weaken_fellow_vassal name = Report opinion_plot_weaken_fellow_vassal
[opinion_modifier.cpp:701]: Opinion Modifier #625 tag = opinion_abducted_spouse name = Abducted Spouse
[opinion_modifier.cpp:701]: Opinion Modifier #626 tag = opinion_claimant_adventure_target name = Report opinion_claimant_adventure_target
[opinion_modifier.cpp:701]: Opinion Modifier #627 tag = opinion_duchy_adventure_target name = Report opinion_duchy_adventure_target
[opinion_modifier.cpp:701]: Opinion Modifier #628 tag = forbidden_raid_target name = Report forbidden_raid_target
[opinion_modifier.cpp:701]: Opinion Modifier #629 tag = opinion_seducing name = Seducing
[opinion_modifier.cpp:701]: Opinion Modifier #630 tag = opinion_spying_on name = Spying On
[opinion_modifier.cpp:701]: Opinion Modifier #631 tag = opinion_abducting name = Report opinion_abducting
[opinion_modifier.cpp:701]: Opinion Modifier #632 tag = opinion_breaking_out name = Breaking Out
[opinion_modifier.cpp:701]: Opinion Modifier #633 tag = opinion_interfered_in_war name = Report opinion_interfered_in_war
[opinion_modifier.cpp:701]: Opinion Modifier #634 tag = opinion_demanded_succ_law_change name = Report opinion_demanded_succ_law_change
[opinion_modifier.cpp:701]: Opinion Modifier #635 tag = opinion_witch name = Witch
[opinion_modifier.cpp:701]: Opinion Modifier #636 tag = opinion_the_chosen_one name = The Chosen One
[opinion_modifier.cpp:701]: Opinion Modifier #637 tag = opinion_restored_to_rome name = Restored to Rome
[opinion_modifier.cpp:701]: Opinion Modifier #638 tag = opinion_creator_of_rel_heal name = Created my Office
[opinion_modifier.cpp:701]: Opinion Modifier #639 tag = opinion_deposed_antipope name = Deposed an Antipope
[opinion_modifier.cpp:701]: Opinion Modifier #640 tag = opinion_married_wrong_caste name = Married Wrong Caste
[opinion_modifier.cpp:701]: Opinion Modifier #641 tag = opinion_changed_caste name = Changed Caste
[opinion_modifier.cpp:701]: Opinion Modifier #642 tag = opinion_ruler_wrong_caste_hindu name = Ruler is Wrong Caste
[opinion_modifier.cpp:701]: Opinion Modifier #643 tag = opinion_ruler_wrong_caste_non_hindu name = Ruler is Wrong Caste
[opinion_modifier.cpp:701]: Opinion Modifier #644 tag = opinion_low_caste name = Low Caste
[opinion_modifier.cpp:701]: Opinion Modifier #645 tag = opinion_sacrilege name = Sacrilegious Acts
[opinion_modifier.cpp:701]: Opinion Modifier #646 tag = opinion_takfir name = Takfir
[opinion_modifier.cpp:701]: Opinion Modifier #647 tag = opinion_straightened_up name = Straightened up
[opinion_modifier.cpp:701]: Opinion Modifier #648 tag = opinion_rebel_leader name = Leader of the Rebellion
[opinion_modifier.cpp:701]: Opinion Modifier #649 tag = opinion_fellow_rebel name = Fellow Rebel
[opinion_modifier.cpp:701]: Opinion Modifier #650 tag = opinion_killed_horse name = Killed My Horse
[opinion_modifier.cpp:701]: Opinion Modifier #651 tag = opinion_enlightened name = Enlightened
[opinion_modifier.cpp:701]: Opinion Modifier #652 tag = opinion_favorite name = Favorite
[opinion_modifier.cpp:701]: Opinion Modifier #653 tag = opinion_renounced_iconoclasm name = Renounced Iconoclasm
[opinion_modifier.cpp:701]: Opinion Modifier #654 tag = opinion_idolater name = Idolater
[opinion_modifier.cpp:701]: Opinion Modifier #655 tag = opinion_attempted_abduction name = Attempted Abduction
[opinion_modifier.cpp:701]: Opinion Modifier #656 tag = opinion_seducing_concubine name = Seducing
[opinion_modifier.cpp:701]: Opinion Modifier #657 tag = opinion_seduced_attracted name = Attracted
[opinion_modifier.cpp:701]: Opinion Modifier #658 tag = opinion_dominated name = Dominated
[opinion_modifier.cpp:701]: Opinion Modifier #659 tag = opinion_seduced_lustful_worship name = Lustful Worship
[opinion_modifier.cpp:701]: Opinion Modifier #660 tag = opinion_seduced_repelled name = Repelled
[opinion_modifier.cpp:701]: Opinion Modifier #661 tag = opinion_seduced_yearning name = Yearning
[opinion_modifier.cpp:701]: Opinion Modifier #662 tag = opinion_seduced_refused name = Refused Seduction
[opinion_modifier.cpp:701]: Opinion Modifier #663 tag = opinion_unfaithful_wife name = Unfaithful Harlot
[opinion_modifier.cpp:701]: Opinion Modifier #664 tag = opinion_unfaithful_husband name = Unfaithful Lecher
[opinion_modifier.cpp:701]: Opinion Modifier #665 tag = opinion_unfaithful_husband_crime name = Unfaithful Lecher
[opinion_modifier.cpp:701]: Opinion Modifier #666 tag = opinion_cuckolded name = Cuckolded
[opinion_modifier.cpp:701]: Opinion Modifier #667 tag = opinion_suspected_adultery name = Suspected Adultery
[opinion_modifier.cpp:701]: Opinion Modifier #668 tag = opinion_regrets_accusation name = Regrets Accusation
[opinion_modifier.cpp:701]: Opinion Modifier #669 tag = opinion_chasing_friend name = Seducing my Friend
[opinion_modifier.cpp:701]: Opinion Modifier #670 tag = opinion_chasing_spouse name = Seducing my Spouse
[opinion_modifier.cpp:701]: Opinion Modifier #671 tag = opinion_chasing_child name = Seducing my Child
[opinion_modifier.cpp:701]: Opinion Modifier #672 tag = opinion_advance_rejected name = Advance Rejected
[opinion_modifier.cpp:701]: Opinion Modifier #673 tag = opinion_killed_lover name = Killed Lover
[opinion_modifier.cpp:701]: Opinion Modifier #674 tag = opinion_declined_romance name = Declined Romance
[opinion_modifier.cpp:701]: Opinion Modifier #675 tag = opinion_whorespawn name = Whorespawn
[opinion_modifier.cpp:701]: Opinion Modifier #676 tag = opinion_seduced_once name = Seduced
[opinion_modifier.cpp:701]: Opinion Modifier #677 tag = opinion_nice_dog name = Nice Dog
[opinion_modifier.cpp:701]: Opinion Modifier #678 tag = opinion_nice_dog_children name = Nice Dog
[opinion_modifier.cpp:701]: Opinion Modifier #679 tag = opinion_declined_duel name = Report opinion_declined_duel
[opinion_modifier.cpp:701]: Opinion Modifier #680 tag = opinion_lost_duel name = Report opinion_lost_duel
[opinion_modifier.cpp:701]: Opinion Modifier #681 tag = opinion_declined_party name = Declined Invitation
[opinion_modifier.cpp:701]: Opinion Modifier #682 tag = opinion_carousing name = Carousing
[opinion_modifier.cpp:701]: Opinion Modifier #683 tag = opinion_condemned_decadence name = Condemned Decadence
[opinion_modifier.cpp:701]: Opinion Modifier #684 tag = opinion_charge_heresiarch name = Charge: Heresiarch
[opinion_modifier.cpp:701]: Opinion Modifier #685 tag = opinion_charge_infidel name = Charge: Infidel Preacher
[opinion_modifier.cpp:701]: Opinion Modifier #686 tag = opinion_charge_deviant name = Charge: Deviant
[opinion_modifier.cpp:701]: Opinion Modifier #687 tag = opinion_charge_illegitimate name = Charge: Illegitimate
[opinion_modifier.cpp:701]: Opinion Modifier #688 tag = opinion_charge_cultist name = Charge: Secret Cultist
[opinion_modifier.cpp:701]: Opinion Modifier #689 tag = opinion_charge_dw name = Charge: Witch
[opinion_modifier.cpp:701]: Opinion Modifier #690 tag = opinion_charge_traitor name = Charge: Traitor
[opinion_modifier.cpp:701]: Opinion Modifier #691 tag = opinion_charge_slanderer name = Charge: Slanderer
[opinion_modifier.cpp:701]: Opinion Modifier #692 tag = opinion_slandered name = Slandered
[opinion_modifier.cpp:701]: Opinion Modifier #693 tag = opinion_spy_blackmailed name = Blackmailed
[opinion_modifier.cpp:701]: Opinion Modifier #694 tag = opinion_marital_love name = Love
[opinion_modifier.cpp:701]: Opinion Modifier #695 tag = opinion_family_love name = Love
[opinion_modifier.cpp:701]: Opinion Modifier #696 tag = opinion_complicity name = Complicity
[opinion_modifier.cpp:701]: Opinion Modifier #697 tag = opinion_contempt name = Contempt
[opinion_modifier.cpp:701]: Opinion Modifier #698 tag = grievously_offended name = Grievously Offended
[opinion_modifier.cpp:701]: Opinion Modifier #699 tag = opinion_humiliated_rival name = Humiliated by rival
[opinion_modifier.cpp:701]: Opinion Modifier #700 tag = opinion_denied_request name = Denied Request
[opinion_modifier.cpp:701]: Opinion Modifier #701 tag = opinion_spared_at_blot name = Spared at Blot
[opinion_modifier.cpp:701]: Opinion Modifier #702 tag = proud_parent name = Proud Parent
[opinion_modifier.cpp:701]: Opinion Modifier #703 tag = strengthened_loyalty name = Strengthened Loyalty
[opinion_modifier.cpp:701]: Opinion Modifier #704 tag = squeezed_for_extra_tribute name = Squeezed for Extra Tribute
[opinion_modifier.cpp:701]: Opinion Modifier #705 tag = refused_extra_tribute name = Refused Extra Tribute
[opinion_modifier.cpp:701]: Opinion Modifier #706 tag = clan_propaganda_effort name = Propaganda Effort
[opinion_modifier.cpp:701]: Opinion Modifier #707 tag = won_tributary_war name = Won Tributary War
[opinion_modifier.cpp:701]: Opinion Modifier #708 tag = horse_regret name = Saved Instead of Favorite Horse
[opinion_modifier.cpp:701]: Opinion Modifier #709 tag = abuse_of_office name = Abuse of Office
[opinion_modifier.cpp:701]: Opinion Modifier #710 tag = ally_inactive_in_war name = Didn't fight in the war
[opinion_modifier.cpp:701]: Opinion Modifier #711 tag = in_non_aggression_pact name = In a pact of non-aggression
[opinion_modifier.cpp:701]: Opinion Modifier #712 tag = broken_non_aggression_pact name = Broken pact
[opinion_modifier.cpp:701]: Opinion Modifier #713 tag = opinion_baptism_sponsor_target name = Mass Conversion Request
[opinion_modifier.cpp:701]: Opinion Modifier #714 tag = requested_council_position name = Requested Council Position
[opinion_modifier.cpp:701]: Opinion Modifier #715 tag = coerced_into_council_position name = Was forced to give a Council Position
[opinion_modifier.cpp:701]: Opinion Modifier #716 tag = requested_land name = Requested Land
[opinion_modifier.cpp:701]: Opinion Modifier #717 tag = well_mannered name = Well Mannered
[opinion_modifier.cpp:701]: Opinion Modifier #718 tag = opinion_childhood_sweetheart name = Childhood Sweetheart
[opinion_modifier.cpp:701]: Opinion Modifier #719 tag = opinion_abdicated name = Abdicated on Request
[opinion_modifier.cpp:701]: Opinion Modifier #720 tag = opinion_hypocrite name = Hypocrite
[opinion_modifier.cpp:701]: Opinion Modifier #721 tag = opinion_boring name = Boring
[opinion_modifier.cpp:701]: Opinion Modifier #722 tag = opinion_tortured_me name = Tortured Me
[opinion_modifier.cpp:701]: Opinion Modifier #723 tag = opinion_tortured_family name = Tortured Kin
[opinion_modifier.cpp:701]: Opinion Modifier #724 tag = opinion_tortured_close_kin name = Tortured Close Kin
[opinion_modifier.cpp:701]: Opinion Modifier #725 tag = opinion_mutilated_me name = Mutilated Me
[opinion_modifier.cpp:701]: Opinion Modifier #726 tag = opinion_mutilated_family name = Mutilated Kin
[opinion_modifier.cpp:701]: Opinion Modifier #727 tag = opinion_mutilated_close_kin name = Mutilated Close Kin
[opinion_modifier.cpp:701]: Opinion Modifier #728 tag = opinion_bad_poetry name = Read Me Bad Poetry
[opinion_modifier.cpp:701]: Opinion Modifier #729 tag = opinion_humiliated_me name = Humiliated Me
[opinion_modifier.cpp:701]: Opinion Modifier #730 tag = opinion_humiliated_family name = Humiliated Family
[opinion_modifier.cpp:701]: Opinion Modifier #731 tag = opinion_humiliated_close_kin name = Humiliated Close Kin
[opinion_modifier.cpp:701]: Opinion Modifier #732 tag = opinion_tickled_me_right name = Tickled Me Right
[opinion_modifier.cpp:701]: Opinion Modifier #733 tag = opinion_tickled_me_wrong name = Tickled Me Wrong
[opinion_modifier.cpp:701]: Opinion Modifier #734 tag = opinion_alliance_breaker name = Alliance-Breaker
[opinion_modifier.cpp:701]: Opinion Modifier #735 tag = opinion_took_my_advice name = Took My Advice
[opinion_modifier.cpp:701]: Opinion Modifier #736 tag = opinion_did_not_take_my_advice name = Did Not Take My Advice
[opinion_modifier.cpp:701]: Opinion Modifier #737 tag = opinion_budding_friendship name = Budding Friendship
[opinion_modifier.cpp:701]: Opinion Modifier #738 tag = opinion_did_not_trust_me name = Did Not Trust Me
[opinion_modifier.cpp:701]: Opinion Modifier #739 tag = opinion_leave name = Report opinion_leave
[opinion_modifier.cpp:701]: Opinion Modifier #740 tag = opinion_sought_mystic_knowledge name = Sought My Knowledge
[opinion_modifier.cpp:701]: Opinion Modifier #741 tag = opinion_finished_mystic_task_1 name = Promising Student
[opinion_modifier.cpp:701]: Opinion Modifier #742 tag = opinion_finished_mystic_task_2 name = Exceptional Student
[opinion_modifier.cpp:701]: Opinion Modifier #743 tag = opinion_finished_mystic_task_3 name = Phenomenal Student
[opinion_modifier.cpp:701]: Opinion Modifier #744 tag = let_me_leave name = Let Me Leave
[opinion_modifier.cpp:701]: Opinion Modifier #745 tag = forbade_me_to_leave name = Forbade Me To Leave
[opinion_modifier.cpp:701]: Opinion Modifier #746 tag = expelled_me_from_seclusion name = Expelled Me From Seclusion
[opinion_modifier.cpp:701]: Opinion Modifier #747 tag = let_us_stay_in_seclusion name = Let Us Stay In Seclusion
[opinion_modifier.cpp:701]: Opinion Modifier #748 tag = expelled_lover_from_seclusion name = Expelled Lover From Seclusion
[opinion_modifier.cpp:701]: Opinion Modifier #749 tag = opinion_budding_romance name = Budding Romance
[opinion_modifier.cpp:701]: Opinion Modifier #750 tag = opinion_was_praised name = Received Professional Praise
[opinion_modifier.cpp:701]: Opinion Modifier #751 tag = opinion_was_thoroughly_praised name = Received Thorough Professional Praise
[opinion_modifier.cpp:701]: Opinion Modifier #752 tag = opinion_was_wildly_praised name = Received Wild Professional Praise
[opinion_modifier.cpp:701]: Opinion Modifier #753 tag = opinion_charmed name = Charmed
[opinion_modifier.cpp:701]: Opinion Modifier #754 tag = opinion_enchanted name = Enchanted
[opinion_modifier.cpp:701]: Opinion Modifier #755 tag = opinion_inattentive name = Inattentive
[opinion_modifier.cpp:701]: Opinion Modifier #756 tag = opinion_broken_promises name = Broken Promises
[opinion_modifier.cpp:701]: Opinion Modifier #757 tag = opinion_romantic_poem name = Romantic Poem
[opinion_modifier.cpp:701]: Opinion Modifier #758 tag = opinion_romantic_gift name = Romantic Gift
[opinion_modifier.cpp:701]: Opinion Modifier #759 tag = opinion_terrible_poem name = Terrible Poem
[opinion_modifier.cpp:701]: Opinion Modifier #760 tag = opinion_acting_suspicious name = Acting Suspicious
[opinion_modifier.cpp:701]: Opinion Modifier #761 tag = opinion_neglectful_parent name = Neglectful Parent
[opinion_modifier.cpp:701]: Opinion Modifier #762 tag = opinion_repulsed_deformity name = Repulsed by Deformity
[opinion_modifier.cpp:701]: Opinion Modifier #763 tag = opinion_scolded name = Scolded
[opinion_modifier.cpp:701]: Opinion Modifier #764 tag = opinion_inept_dancer name = Inept Dancer
[opinion_modifier.cpp:701]: Opinion Modifier #765 tag = opinion_loyal_shieldmaiden name = Loyal Shieldmaiden
[opinion_modifier.cpp:701]: Opinion Modifier #766 tag = opinion_gave_me_pet name = Gave Me A Pet
[opinion_modifier.cpp:701]: Opinion Modifier #767 tag = opinion_insane_ruler name = Insane Ruler
[opinion_modifier.cpp:701]: Opinion Modifier #768 tag = opinion_great_masquerade name = Great Masquerade Ball
[opinion_modifier.cpp:701]: Opinion Modifier #769 tag = opinion_unjust_execution name = Executed my Countrymen
[opinion_modifier.cpp:701]: Opinion Modifier #770 tag = opinion_replaced_bad_ruler name = Long Live the New Ruler
[opinion_modifier.cpp:701]: Opinion Modifier #771 tag = opinion_shieldmaiden name = Shieldmaiden
[opinion_modifier.cpp:701]: Opinion Modifier #772 tag = opinion_fulfilled_demands name = Fulfilled Demands
[opinion_modifier.cpp:701]: Opinion Modifier #773 tag = opinion_ignored_demands name = Ignored Demands
[opinion_modifier.cpp:701]: Opinion Modifier #774 tag = opinion_mother_of_my_child name = Mother of my Child
[opinion_modifier.cpp:701]: Opinion Modifier #775 tag = opinion_refused_to_end_war name = Refused to End War
[opinion_modifier.cpp:701]: Opinion Modifier #776 tag = opinion_refused_council_position name = Refused Council Position
[opinion_modifier.cpp:701]: Opinion Modifier #777 tag = opinion_appreciated_abilities name = Appreciated Abilities
[opinion_modifier.cpp:701]: Opinion Modifier #778 tag = opinion_ungrateful name = Ungrateful
[opinion_modifier.cpp:701]: Opinion Modifier #779 tag = opinion_neglected name = Neglected
[opinion_modifier.cpp:701]: Opinion Modifier #780 tag = harsh_punishment name = Harsh Punishment
[opinion_modifier.cpp:701]: Opinion Modifier #781 tag = opinion_given_council_position_1 name = Given Council Position
[opinion_modifier.cpp:701]: Opinion Modifier #782 tag = opinion_given_council_position_2 name = Given Council Position
[opinion_modifier.cpp:701]: Opinion Modifier #783 tag = opinion_given_council_position_3 name = Given Council Position
[opinion_modifier.cpp:701]: Opinion Modifier #784 tag = opinion_distressing_encounter name = Distressing Encounter
[opinion_modifier.cpp:701]: Opinion Modifier #785 tag = declared_independence_nomad name = Declared Independence
[opinion_modifier.cpp:701]: Opinion Modifier #786 tag = comforted_opinion name = Comforted
[opinion_modifier.cpp:701]: Opinion Modifier #787 tag = tough_love_opinion name = Tough Love
[opinion_modifier.cpp:701]: Opinion Modifier #788 tag = happy_parent_opinion name = Happy Parent
[opinion_modifier.cpp:701]: Opinion Modifier #789 tag = common_interests_opinion name = Common Interests
[opinion_modifier.cpp:701]: Opinion Modifier #790 tag = immortal_suspicions name = Immortal suspicions
[opinion_modifier.cpp:701]: Opinion Modifier #791 tag = immortal_hate name = Immortal disgust
[opinion_modifier.cpp:701]: Opinion Modifier #792 tag = immortal_loyalty name = Immortal Loyalty
[opinion_modifier.cpp:701]: Opinion Modifier #793 tag = opinion_agreed_with_opinion name = Agreed With Opinion
[opinion_modifier.cpp:701]: Opinion Modifier #794 tag = opinion_disagreed_with_opinion name = Disagreed With Opinion
[opinion_modifier.cpp:701]: Opinion Modifier #795 tag = opinion_honorable name = Honorable
[opinion_modifier.cpp:701]: Opinion Modifier #796 tag = opinion_lacks_conviction name = Lacks Conviction
[opinion_modifier.cpp:701]: Opinion Modifier #797 tag = opinion_parental_praise name = Received Parental Praise
[opinion_modifier.cpp:701]: Opinion Modifier #798 tag = opinion_was_shown_mercy name = Was Shown Mercy
[opinion_modifier.cpp:701]: Opinion Modifier #799 tag = opinion_open_minded name = Open-minded
[opinion_modifier.cpp:701]: Opinion Modifier #800 tag = opinion_narrow_minded name = Narrow-minded
[opinion_modifier.cpp:701]: Opinion Modifier #801 tag = opinion_successful_corruption name = Freed My Depravity
[opinion_modifier.cpp:701]: Opinion Modifier #802 tag = opinion_failed_corruption name = Made Depraved Suggestion
[opinion_modifier.cpp:701]: Opinion Modifier #803 tag = opinion_known_corrupter name = Depraved Manipulator
[opinion_modifier.cpp:701]: Opinion Modifier #804 tag = opinion_ignorant name = Ignorant
[opinion_modifier.cpp:701]: Opinion Modifier #805 tag = kind_parent name = Kind Parent
[opinion_modifier.cpp:701]: Opinion Modifier #806 tag = cruel_parent name = Cruel Parent
[opinion_modifier.cpp:701]: Opinion Modifier #807 tag = opinion_outraged name = Outraged
[opinion_modifier.cpp:701]: Opinion Modifier #808 tag = opinion_thief name = Thief
[opinion_modifier.cpp:701]: Opinion Modifier #809 tag = opinion_useless_moron name = Useless Moron
[opinion_modifier.cpp:701]: Opinion Modifier #810 tag = opinion_found_minor_artifact name = Found Minor Artifact
[opinion_modifier.cpp:701]: Opinion Modifier #811 tag = opinion_found_medium_artifact name = Found Medium Artifact
[opinion_modifier.cpp:701]: Opinion Modifier #812 tag = opinion_found_major_artifact name = Found Major Artifact
[opinion_modifier.cpp:701]: Opinion Modifier #813 tag = opinion_extremely_disappointed name = Extremely Disappointed
[opinion_modifier.cpp:701]: Opinion Modifier #814 tag = opinion_was_rewarded name = Received Reward
[opinion_modifier.cpp:701]: Opinion Modifier #815 tag = opinion_unimpressed name = Unimpressed
[opinion_modifier.cpp:701]: Opinion Modifier #816 tag = stole_artifact name = Stole Artifact
[opinion_modifier.cpp:701]: Opinion Modifier #817 tag = stole_artifact_penance name = Punished for Stealing
[opinion_modifier.cpp:701]: Opinion Modifier #818 tag = paid_for_celebration_artifact name = Celebrated Artifact
[opinion_modifier.cpp:701]: Opinion Modifier #819 tag = opinion_nemesis name = Nemesis
[opinion_modifier.cpp:701]: Opinion Modifier #820 tag = opinion_rejected_society_membership name = Rejected Society Membership Offer
[opinion_modifier.cpp:701]: Opinion Modifier #821 tag = epic_adventure name = Epic Adventure
[opinion_modifier.cpp:701]: Opinion Modifier #822 tag = great_adventure name = Great Adventure
[opinion_modifier.cpp:701]: Opinion Modifier #823 tag = nice_adventure name = Nice Adventure
[opinion_modifier.cpp:701]: Opinion Modifier #824 tag = opinion_accomplice name = Accomplice
[opinion_modifier.cpp:701]: Opinion Modifier #825 tag = opinion_gift_from_above name = Gift From Above
[opinion_modifier.cpp:701]: Opinion Modifier #826 tag = opinion_outlawed_society name = Member of outlawed society
[opinion_modifier.cpp:701]: Opinion Modifier #827 tag = opinion_accused_apostate name = Accused of Apostasy
[opinion_modifier.cpp:701]: Opinion Modifier #828 tag = opinion_apostate_timer name = dummy
[opinion_modifier.cpp:701]: Opinion Modifier #829 tag = opinion_stargazing name = Stargazing
[opinion_modifier.cpp:701]: Opinion Modifier #830 tag = opinion_out_of_touch name = Out of Touch
[opinion_modifier.cpp:701]: Opinion Modifier #831 tag = opinion_out_of_touch_mild name = Out of Touch
[opinion_modifier.cpp:701]: Opinion Modifier #832 tag = opinion_bad_parent name = Bad Parent
[opinion_modifier.cpp:701]: Opinion Modifier #833 tag = opinion_forgot_important_occasion name = Forgotten Occasion
[opinion_modifier.cpp:701]: Opinion Modifier #834 tag = opinion_forgot_important_occasion_mild name = Forgotten Occasion
[opinion_modifier.cpp:701]: Opinion Modifier #835 tag = opinion_academic_grudge name = Refuted my Paper
[opinion_modifier.cpp:701]: Opinion Modifier #836 tag = opinion_academic_failure name = Wrote Unsatisfactory Paper
[opinion_modifier.cpp:701]: Opinion Modifier #837 tag = opinion_knowledge_theft name = Known Plagiarizer
[opinion_modifier.cpp:701]: Opinion Modifier #838 tag = opinion_grateful_invitation name = Grateful for Invitation
[opinion_modifier.cpp:701]: Opinion Modifier #839 tag = opinion_offended name = Offended
[opinion_modifier.cpp:701]: Opinion Modifier #840 tag = opinion_argued name = Argued
[opinion_modifier.cpp:701]: Opinion Modifier #841 tag = opinion_unreasonable name = Unreasonable
[opinion_modifier.cpp:701]: Opinion Modifier #842 tag = opinion_reasonable name = Reasonable
[opinion_modifier.cpp:701]: Opinion Modifier #843 tag = opinion_great_minds name = Great Minds Think Alike
[opinion_modifier.cpp:701]: Opinion Modifier #844 tag = opinion_debate_participant name = Held a Grand Debate
[opinion_modifier.cpp:701]: Opinion Modifier #845 tag = opinion_debate_winner name = Winner of a Grand Debate
[opinion_modifier.cpp:701]: Opinion Modifier #846 tag = opinion_scholarly_appreciation name = Scholarly Appreciation
[opinion_modifier.cpp:701]: Opinion Modifier #847 tag = opinion_mediator name = Mediator
[opinion_modifier.cpp:701]: Opinion Modifier #848 tag = opinion_meddler name = Meddler
[opinion_modifier.cpp:701]: Opinion Modifier #849 tag = opinion_love_letters name = Love Letters
[opinion_modifier.cpp:701]: Opinion Modifier #850 tag = opinion_pen_pal name = Pen Pal
[opinion_modifier.cpp:701]: Opinion Modifier #851 tag = opinion_delighted_parent name = Delighted Parent
[opinion_modifier.cpp:701]: Opinion Modifier #852 tag = opinion_poet_love_letters name = Poetic Love Letters
[opinion_modifier.cpp:701]: Opinion Modifier #853 tag = opinion_poet_pen_pal name = Poetic Pen Pal
[opinion_modifier.cpp:701]: Opinion Modifier #854 tag = opinion_poet_delighted_parent name = Poetry Delighted Parent
[opinion_modifier.cpp:701]: Opinion Modifier #855 tag = opinion_threatened_me name = Threatened Me
[opinion_modifier.cpp:701]: Opinion Modifier #856 tag = opinion_apologized name = Apologized
[opinion_modifier.cpp:701]: Opinion Modifier #857 tag = opinion_calmed name = Calmed
[opinion_modifier.cpp:701]: Opinion Modifier #858 tag = opinion_cheered_up name = Cheered Up
[opinion_modifier.cpp:701]: Opinion Modifier #859 tag = opinion_abducted name = Abducted
[opinion_modifier.cpp:701]: Opinion Modifier #860 tag = opinion_spiritual_guidance name = Received Spiritual Guidance
[opinion_modifier.cpp:701]: Opinion Modifier #861 tag = opinion_teach_virtue name = Taught a Virtue
[opinion_modifier.cpp:701]: Opinion Modifier #862 tag = sold_my_province name = Sold My County
[opinion_modifier.cpp:701]: Opinion Modifier #863 tag = sold_vassal_province name = Sold Vassal County
[opinion_modifier.cpp:701]: Opinion Modifier #864 tag = opinion_no_cat name = Agreed About a Cat's Place
[opinion_modifier.cpp:701]: Opinion Modifier #865 tag = opinion_servant name = Servant
[opinion_modifier.cpp:701]: Opinion Modifier #866 tag = opinion_poor_accommodations name = Poor Accommodations
[opinion_modifier.cpp:701]: Opinion Modifier #867 tag = opinion_sent_my_lover_away name = Sent My Lover Away
[opinion_modifier.cpp:701]: Opinion Modifier #868 tag = opinion_feels_appreciated name = Feels Appreciated
[opinion_modifier.cpp:701]: Opinion Modifier #869 tag = suzerain_deserted name = §YSuzerain§! didn't honor a defensive §YCall to Arms§!
[opinion_modifier.cpp:701]: Opinion Modifier #870 tag = suzerain_deserted_reasons name = §YSuzerain§! didn't honor a defensive §YCall to Arms§! against their allies
[opinion_modifier.cpp:701]: Opinion Modifier #871 tag = opinion_turned_a_blind_eye name = Turned a blind eye
[opinion_modifier.cpp:701]: Opinion Modifier #872 tag = opinion_declared_unjust_conquest name = Declared Unjust War
[opinion_modifier.cpp:701]: Opinion Modifier #873 tag = opinion_infiltration_companion name = Infiltration Companion
[opinion_modifier.cpp:701]: Opinion Modifier #874 tag = opinion_forced_tributary name = Made me a Tributary State
[opinion_modifier.cpp:701]: Opinion Modifier #875 tag = opinion_strangely_flattered name = Strangely Flattered
[opinion_modifier.cpp:701]: Opinion Modifier #876 tag = opinion_requested_papal_investiture name = Demands Papal Investiture
[opinion_modifier.cpp:701]: Opinion Modifier #877 tag = opinion_requested_papal_land name = Demands Papal land
[opinion_modifier.cpp:701]: Opinion Modifier #878 tag = opinion_requested_land_holyorder name = Demands Holy Order grants
[opinion_modifier.cpp:701]: Opinion Modifier #879 tag = opinion_requested_independence name = Demands Independence
[opinion_modifier.cpp:701]: Opinion Modifier #880 tag = opinion_requested_excommunication_war name = Demands Excommunication War
[opinion_modifier.cpp:701]: Opinion Modifier #881 tag = opinion_requested_antipope_war name = Wishes Anti-pope removed
[opinion_modifier.cpp:701]: Opinion Modifier #882 tag = opinion_requested_pepin_war name = Demands Papal War
[opinion_modifier.cpp:701]: Opinion Modifier #883 tag = opinion_requested_artifact name = Demands Holy Relic
[opinion_modifier.cpp:701]: Opinion Modifier #884 tag = opinion_promised_to_depose_me name = Sworn to depose me
[opinion_modifier.cpp:701]: Opinion Modifier #885 tag = opinion_promised_to_depose_him name = Sworn to depose them
[opinion_modifier.cpp:701]: Opinion Modifier #886 tag = opinion_promised_to_depose_myantipope name = Sworn to depose my Anti-pope
[opinion_modifier.cpp:701]: Opinion Modifier #887 tag = opinion_promised_to_depose_hisantipope name = Sworn to depose their Anti-pope
[opinion_modifier.cpp:701]: Opinion Modifier #888 tag = opinion_papal_land_donation name = Restored Papal lands
[opinion_modifier.cpp:701]: Opinion Modifier #889 tag = opinion_prospective_coronation_priest name = dummy
[opinion_modifier.cpp:701]: Opinion Modifier #890 tag = opinion_supposed_to_crown name = Supposed to crown them
[opinion_modifier.cpp:701]: Opinion Modifier #891 tag = opinion_coronation_guest name = Coronation Guest
[opinion_modifier.cpp:701]: Opinion Modifier #892 tag = opinion_uncrowned_ruler name = Still not Crowned
[opinion_modifier.cpp:701]: Opinion Modifier #893 tag = opinion_uncrowned_failure name = Uncrowned Failure
[opinion_modifier.cpp:701]: Opinion Modifier #894 tag = opinion_didnot_pay_homage name = Did not pay homage
[opinion_modifier.cpp:701]: Opinion Modifier #895 tag = opinion_converted_heathens name = Converted the Heathens
[opinion_modifier.cpp:701]: Opinion Modifier #896 tag = opinion_forgiving_parent name = Forgiving Parent
[opinion_modifier.cpp:701]: Opinion Modifier #897 tag = opinion_jovial_host name = Jovial Host
[opinion_modifier.cpp:701]: Opinion Modifier #898 tag = opinion_jovial_matron name = Jovial Matron
[opinion_modifier.cpp:701]: Opinion Modifier #899 tag = opinion_jovial_patriarch name = Jovial Patriarch
[opinion_modifier.cpp:701]: Opinion Modifier #900 tag = opinion_pitiful_shell name = Pitiful Shell
[opinion_modifier.cpp:701]: Opinion Modifier #901 tag = opinion_cravings name = Fulfilled Cravings
[opinion_modifier.cpp:701]: Opinion Modifier #902 tag = opinion_upset_mother name = Ungrateful Pest
[opinion_modifier.cpp:701]: Opinion Modifier #903 tag = opinion_motherly_love name = Motherly Love
[opinion_modifier.cpp:701]: Opinion Modifier #904 tag = opinion_fatherly_love name = Fatherly Love
[opinion_modifier.cpp:701]: Opinion Modifier #905 tag = opinion_upset_father name = Annoying Brat
[opinion_modifier.cpp:701]: Opinion Modifier #906 tag = opinion_irresponsible_mother name = Irresponsible Mother
[opinion_modifier.cpp:701]: Opinion Modifier #907 tag = opinion_mother_goddess name = Goddess Incarnate
[opinion_modifier.cpp:701]: Opinion Modifier #908 tag = opinion_killed_wife name = Killed my Wife
[opinion_modifier.cpp:701]: Opinion Modifier #909 tag = opinion_godfather name = Godfather
[opinion_modifier.cpp:701]: Opinion Modifier #910 tag = opinion_godmother name = Godmother
[opinion_modifier.cpp:701]: Opinion Modifier #911 tag = opinion_baptized name = Baptized by Me
[opinion_modifier.cpp:701]: Opinion Modifier #912 tag = opinion_swayed_0 name = Swayed
[opinion_modifier.cpp:701]: Opinion Modifier #913 tag = opinion_swayed_1 name = Softened
[opinion_modifier.cpp:701]: Opinion Modifier #914 tag = opinion_swayed_2 name = Touched
[opinion_modifier.cpp:701]: Opinion Modifier #915 tag = opinion_swayed_3 name = Good Acquaintance
[opinion_modifier.cpp:701]: Opinion Modifier #916 tag = opinion_broke_contract name = Broke Feudal Contract
[opinion_modifier.cpp:701]: Opinion Modifier #917 tag = opinion_antagonized_0 name = Bored
[opinion_modifier.cpp:701]: Opinion Modifier #918 tag = opinion_antagonized_1 name = Provoked
[opinion_modifier.cpp:701]: Opinion Modifier #919 tag = opinion_antagonized_2 name = Angered
[opinion_modifier.cpp:701]: Opinion Modifier #920 tag = opinion_antagonized_3 name = Indignant
[opinion_modifier.cpp:701]: Opinion Modifier #921 tag = opinion_repudiated_me name = Repudiated Me
[opinion_modifier.cpp:701]: Opinion Modifier #922 tag = opinion_amused name = Amused Me
[opinion_modifier.cpp:701]: Opinion Modifier #923 tag = opinion_antagonize_vassalize_claim name = dummy
[opinion_modifier.cpp:701]: Opinion Modifier #924 tag = opinion_antagonize_slandering_spouse name = Outraged
[opinion_modifier.cpp:701]: Opinion Modifier #925 tag = antagonize_stop_cooldown name = antagonize_stop_cooldown
[opinion_modifier.cpp:701]: Opinion Modifier #926 tag = opinion_forgiven name = Forgave Me
[opinion_modifier.cpp:701]: Opinion Modifier #927 tag = opinion_honorable_combat name = Honorable Opponent
[opinion_modifier.cpp:701]: Opinion Modifier #928 tag = blasphemous_pyromaniac name = Blasphemous Pyromaniac
[opinion_modifier.cpp:701]: Opinion Modifier #929 tag = insane_heathen name = Insane Heathen
[opinion_modifier.cpp:701]: Opinion Modifier #930 tag = opinion_betrayed_me_in_battle name = Betrayed Me In Battle
[opinion_modifier.cpp:701]: Opinion Modifier #931 tag = opinion_injured_me_in_battle name = Injured Me In Battle
[opinion_modifier.cpp:701]: Opinion Modifier #932 tag = opinion_mocked_me_in_battle name = Mocked Me In Battle
[opinion_modifier.cpp:701]: Opinion Modifier #933 tag = opinion_impressed_me_in_battle name = Impressed Me In Battle
[opinion_modifier.cpp:701]: Opinion Modifier #934 tag = opinion_showed_me_mercy_in_battle name = Showed Me Mercy In Battle
[opinion_modifier.cpp:701]: Opinion Modifier #935 tag = opinion_conquered_new_land name = Conquered New Territory
[opinion_modifier.cpp:701]: Opinion Modifier #936 tag = opinion_inspiring_leader name = Inspiring Leader
[opinion_modifier.cpp:701]: Opinion Modifier #937 tag = opinion_rebuked_swayer_cooldown name = Rejected Apology
[opinion_modifier.cpp:701]: Opinion Modifier #938 tag = opinion_hermetic_apprentice name = My Teacher
[opinion_modifier.cpp:701]: Opinion Modifier #939 tag = opinion_my_chinese_pet name = dummy
[opinion_modifier.cpp:701]: Opinion Modifier #940 tag = opinion_scared_into_submission name = Intimidated
[opinion_modifier.cpp:701]: Opinion Modifier #941 tag = opinion_weak_hunter name = Weak Hunter
[opinion_modifier.cpp:701]: Opinion Modifier #942 tag = opinion_fought_together name = Fought Together
[opinion_modifier.cpp:701]: Opinion Modifier #943 tag = opinion_weak_duelist name = Weak Duelist
[opinion_modifier.cpp:701]: Opinion Modifier #944 tag = opinion_helpful_ally name = Helpful Board Game Ally
[opinion_modifier.cpp:701]: Opinion Modifier #945 tag = opinion_unhelpful_ally name = Unhelpful Board Game Ally
[opinion_modifier.cpp:701]: Opinion Modifier #946 tag = opinion_party_friend name = Party Friends
[opinion_modifier.cpp:701]: Opinion Modifier #947 tag = opinion_useless_host name = Useless Host
[opinion_modifier.cpp:701]: Opinion Modifier #948 tag = opinion_impaler_friends name = Impaler Friends
[opinion_modifier.cpp:701]: Opinion Modifier #949 tag = opinion_fellow_speaker name = Fellow Speaker
[opinion_modifier.cpp:701]: Opinion Modifier #950 tag = opinion_impressive_speaker name = Impressive Speaker
[opinion_modifier.cpp:701]: Opinion Modifier #951 tag = opinion_confident_host name = Confident Host
[opinion_modifier.cpp:701]: Opinion Modifier #952 tag = opinion_working_together name = Worked Together
[opinion_modifier.cpp:701]: Opinion Modifier #953 tag = opinion_savage_butcher name = Savage Butcher
[opinion_modifier.cpp:701]: Opinion Modifier #954 tag = opinion_cloistered_me name = Cloistered Me
[opinion_modifier.cpp:701]: Opinion Modifier #955 tag = opinion_cloistered_me_family name = Cloistered Me
[opinion_modifier.cpp:701]: Opinion Modifier #956 tag = opinion_blood_games_guest name = dummy
[opinion_modifier.cpp:701]: Opinion Modifier #957 tag = opinion_held_blood_games name = Held Blood Games
[opinion_modifier.cpp:701]: Opinion Modifier #958 tag = opinion_mass_sacrifice_positive name = Blessed the Land
[opinion_modifier.cpp:701]: Opinion Modifier #959 tag = opinion_mass_sacrifice_negative name = Bloodthirsty Monster
[opinion_modifier.cpp:701]: Opinion Modifier #960 tag = opinion_abducted_peasants name = Abducted Subjects
[opinion_modifier.cpp:701]: Opinion Modifier #961 tag = opinion_crusade_agreement name = Approve of Crusade pledge
[opinion_modifier.cpp:701]: Opinion Modifier #962 tag = opinion_great_tribal_festival_guest name = dummy
[opinion_modifier.cpp:701]: Opinion Modifier #963 tag = opinion_disrespectful_pest name = Disrespectful Pest
[opinion_modifier.cpp:701]: Opinion Modifier #964 tag = opinion_disapprove_of_crusade_unpledge name = Traitor to the Crusade
[opinion_modifier.cpp:701]: Opinion Modifier #965 tag = opinion_sore_loser name = Sore Loser
[opinion_modifier.cpp:701]: Opinion Modifier #966 tag = opinion_held_great_festival name = Held Great Festival
[opinion_modifier.cpp:701]: Opinion Modifier #967 tag = opinion_lousy_winner name = Lousy Winner
[opinion_modifier.cpp:701]: Opinion Modifier #968 tag = opinion_kind_winner name = Gallant Winner
[opinion_modifier.cpp:701]: Opinion Modifier #969 tag = opinion_loser name = Loser
[opinion_modifier.cpp:701]: Opinion Modifier #970 tag = opinion_beneficiary name = Beneficiary
[opinion_modifier.cpp:701]: Opinion Modifier #971 tag = opinion_granted_crusader_kingdom name = Granted Crusader Kingdom
[opinion_modifier.cpp:701]: Opinion Modifier #972 tag = opinion_selfish_crusader name = Self-serving Crusader
[opinion_modifier.cpp:701]: Opinion Modifier #973 tag = opinion_coronation_money_refund name = dummy
[opinion_modifier.cpp:701]: Opinion Modifier #974 tag = opinion_requested_excommunication name = dummy
[opinion_modifier.cpp:701]: Opinion Modifier #975 tag = opinion_pope_ex_demands_celibacy name = dummy
[opinion_modifier.cpp:701]: Opinion Modifier #976 tag = opinion_pope_ex_demands_child name = dummy
[opinion_modifier.cpp:701]: Opinion Modifier #977 tag = opinion_pope_ex_demands_abdication name = dummy
[opinion_modifier.cpp:701]: Opinion Modifier #978 tag = opinion_pope_ex_demands_investiture name = dummy
[opinion_modifier.cpp:701]: Opinion Modifier #979 tag = opinion_pope_ex_demands_gavelkind name = dummy
[opinion_modifier.cpp:701]: Opinion Modifier #980 tag = opinion_pope_ex_demands_lands name = dummy
[opinion_modifier.cpp:701]: Opinion Modifier #981 tag = opinion_pope_ex_demands_independence name = dummy
[opinion_modifier.cpp:701]: Opinion Modifier #982 tag = opinion_pope_ex_demands_vassalization name = dummy
[opinion_modifier.cpp:701]: Opinion Modifier #983 tag = opinion_cheater name = Cheater
[opinion_modifier.cpp:701]: Opinion Modifier #984 tag = opinion_victory_prize name = Gave Victory Prize
[opinion_modifier.cpp:701]: Opinion Modifier #985 tag = opinion_very_grateful_donation name = Very Grateful
[opinion_modifier.cpp:701]: Opinion Modifier #986 tag = opinion_deeply_insulted name = Deeply Insulted
[opinion_modifier.cpp:701]: Opinion Modifier #987 tag = opinion_believed_in_me name = Believed in me
[opinion_modifier.cpp:701]: Opinion Modifier #988 tag = opinion_great_leader name = Great Leader
[opinion_modifier.cpp:701]: Opinion Modifier #989 tag = opinion_disrespects_me name = Disrespects Me
[opinion_modifier.cpp:701]: Opinion Modifier #990 tag = opinion_tried_to_get_me_killed name = Tried to get me Killed!
[opinion_modifier.cpp:701]: Opinion Modifier #991 tag = opinion_saved_me name = Saved Me
[opinion_modifier.cpp:701]: Opinion Modifier #992 tag = opinion_left_me_to_die name = Left me to die
[opinion_modifier.cpp:701]: Opinion Modifier #993 tag = opinion_hunted_with_me name = Hunted with me
[opinion_modifier.cpp:701]: Opinion Modifier #994 tag = opinion_shared_spoils name = Shared spoils
[opinion_modifier.cpp:701]: Opinion Modifier #995 tag = opinion_family_saint name = Family Member was made a Saint
[opinion_modifier.cpp:701]: Opinion Modifier #996 tag = opinion_unfit_ruler name = Unfit Ruler
[opinion_modifier.cpp:701]: Opinion Modifier #997 tag = opinion_legendary_commander name = Blood of Legendary Commander
[opinion_modifier.cpp:701]: Opinion Modifier #998 tag = opinion_my_reformer name = Reformer
[opinion_modifier.cpp:701]: Opinion Modifier #999 tag = opinion_formed_order name = Formed Order
[opinion_modifier.cpp:701]: Opinion Modifier #1000 tag = opinion_kindred_spirit name = Kindred Spirit
[opinion_modifier.cpp:701]: Opinion Modifier #1001 tag = opinion_favored_child name = Auspicious Child
[opinion_modifier.cpp:701]: Opinion Modifier #1002 tag = opinion_unfavored_child name = Ominous Child
[opinion_modifier.cpp:701]: Opinion Modifier #1003 tag = fourth_crusade_crusader name = Impious Crusader
[opinion_modifier.cpp:701]: Opinion Modifier #1004 tag = opinion_spoiled_ingrate name = Spoiled Ingrate
[opinion_modifier.cpp:701]: Opinion Modifier #1005 tag = opinion_lousy_teacher name = Lousy Teacher
[opinion_modifier.cpp:701]: Opinion Modifier #1006 tag = opinion_declined_my_duel name = Declined My Challenge
[opinion_modifier.cpp:701]: Opinion Modifier #1007 tag = opinion_renowned_chicken name = Keeps Turning Down Duels
[opinion_modifier.cpp:701]: Opinion Modifier #1008 tag = opinion_disrespectful_subject name = Disrespectful Subject
[opinion_modifier.cpp:701]: Opinion Modifier #1009 tag = opinion_hypocrit_ruler name = Hypocritical Ruler
[opinion_modifier.cpp:701]: Opinion Modifier #1010 tag = opinion_elder_fulfilled_demand name = Fulfilled Demands
[opinion_modifier.cpp:701]: Opinion Modifier #1011 tag = opinion_elder_refused_demand name = Refused Demands
[opinion_modifier.cpp:701]: Opinion Modifier #1012 tag = opinion_elders_pleased name = Elderly Praise
[opinion_modifier.cpp:701]: Opinion Modifier #1013 tag = opinion_elders_displeased name = Elderly Ire
[opinion_modifier.cpp:701]: Opinion Modifier #1014 tag = opinion_elder_traitor name = Betrayed Trust
[opinion_modifier.cpp:701]: Opinion Modifier #1015 tag = elder_murderer name = Killed an Elder
[opinion_modifier.cpp:701]: Opinion Modifier #1016 tag = disrespectful_youngster name = Disrespectful Youngster
[opinion_modifier.cpp:701]: Opinion Modifier #1017 tag = opinion_placated_spirits name = Placated Spirits
[opinion_modifier.cpp:701]: Opinion Modifier #1018 tag = opinion_kind name = Appreciative
[opinion_modifier.cpp:701]: Opinion Modifier #1019 tag = opinion_gifted_alcohol name = Was Given Brewery Gift
[opinion_modifier.cpp:701]: Opinion Modifier #1020 tag = opinion_gifted_alcohol_drunkard name = Was Given Brewery Gift
[opinion_modifier.cpp:701]: Opinion Modifier #1021 tag = opinion_intimidated name = dummy
[opinion_modifier.cpp:701]: Opinion Modifier #1022 tag = opinion_liked_a_good_joke name = Liked a Good Joke
[opinion_modifier.cpp:701]: Opinion Modifier #1023 tag = opinion_refused_invitation_to_meet name = Refused my Invitation
[opinion_modifier.cpp:701]: Opinion Modifier #1024 tag = opinion_did_not_honor_the_dead name = Did Not Honor the Dead
[opinion_modifier.cpp:701]: Opinion Modifier #1025 tag = opinion_did_honor_the_dead name = Honored a Good Ruler
[opinion_modifier.cpp:701]: Opinion Modifier #1026 tag = opinion_did_not_honor_hated_ruler name = Refused to Honor a Hated Ruler
[opinion_modifier.cpp:701]: Opinion Modifier #1027 tag = opinion_did_honor_hated_ruler name = Honored a Hated Ruler
[opinion_modifier.cpp:701]: Opinion Modifier #1028 tag = opinion_happy_with_nickname name = Flattering Nickname
[opinion_modifier.cpp:701]: Opinion Modifier #1029 tag = opinion_dislikes_nickname name = Unflattering Nickname
[opinion_modifier.cpp:701]: Opinion Modifier #1030 tag = opinion_left_court name = Left With Blessings
[opinion_modifier.cpp:701]: Opinion Modifier #1031 tag = opinion_was_ordered_to_leave_crowded_court name = Was Sent Away From Crowded Court
[opinion_modifier.cpp:701]: Opinion Modifier #1032 tag = opinion_blood_games_candidate name = dummy
[opinion_modifier.cpp:701]: Opinion Modifier #1033 tag = opinion_blood_games_host name = dummy
[opinion_modifier.cpp:701]: Opinion Modifier #1034 tag = opinion_my_master name = My Master
[opinion_modifier.cpp:701]: Opinion Modifier #1035 tag = opinion_my_horse name = My Horse
[opinion_modifier.cpp:701]: Opinion Modifier #1036 tag = opinion_my_servant name = My Servant
[opinion_modifier.cpp:701]: Opinion Modifier #1037 tag = opinion_my_kitten name = My Kitten
[opinion_modifier.cpp:701]: Opinion Modifier #1038 tag = opinion_cat_spymaster name = Has a Cat Spymaster
[opinion_modifier.cpp:773]: Religion Modifier #0 tag =  name = 
[opinion_modifier.cpp:773]: Religion Modifier #1 tag = won_crusade name = Victorious in Crusade
[opinion_modifier.cpp:773]: Religion Modifier #2 tag = lost_crusade name = Defeated in Crusade
[opinion_modifier.cpp:773]: Religion Modifier #3 tag = won_holy_war name = Won Holy Wars
[opinion_modifier.cpp:773]: Religion Modifier #4 tag = lost_holy_war name = Lost Holy Wars
[opinion_modifier.cpp:773]: Religion Modifier #5 tag = paragon_of_virtue name = Paragons of Virtue
[opinion_modifier.cpp:773]: Religion Modifier #6 tag = paragon_of_enlightenment name = Paragon of Enlightenment
[opinion_modifier.cpp:773]: Religion Modifier #7 tag = ruler_bowed_to_pope name = Papal Demands Accepted
[opinion_modifier.cpp:773]: Religion Modifier #8 tag = ruler_defied_pope name = Papal Demands Refused
[opinion_modifier.cpp:773]: Religion Modifier #9 tag = ruler_defied_patriarch name = Patriarchal Demands Refused
[opinion_modifier.cpp:773]: Religion Modifier #10 tag = ruler_bowed_to_patriarch name = Patriarchal Demands Accepted
[opinion_modifier.cpp:773]: Religion Modifier #11 tag = religious_order_formed name = Religious Orders Formed
[opinion_modifier.cpp:773]: Religion Modifier #12 tag = head_of_religion_neglect name = Neglectful Head of Religion
[opinion_modifier.cpp:773]: Religion Modifier #13 tag = won_viking_invasion name = Successful Prepared Invasions
[opinion_modifier.cpp:773]: Religion Modifier #14 tag = lost_viking_invasion name = Failed Prepared Invasions
[opinion_modifier.cpp:773]: Religion Modifier #15 tag = won_county_conquest name = Successful County Conquests
[opinion_modifier.cpp:773]: Religion Modifier #16 tag = lost_county_conquest name = Failed County Conquests
[opinion_modifier.cpp:773]: Religion Modifier #17 tag = lost_heretic_revolt name = Heretic Rebel Victories
[opinion_modifier.cpp:773]: Religion Modifier #18 tag = won_heretic_revolt name = Heretic Rebels Crushed
[opinion_modifier.cpp:773]: Religion Modifier #19 tag = lost_religious_revolt name = Infidel Rebel Victories
[opinion_modifier.cpp:773]: Religion Modifier #20 tag = won_religious_revolt name = Infidel Rebels Crushed
[opinion_modifier.cpp:773]: Religion Modifier #21 tag = ruler_converted_from name = Rulers Led Astray
[opinion_modifier.cpp:773]: Religion Modifier #22 tag = ruler_converted_to name = Rulers Converted
[opinion_modifier.cpp:773]: Religion Modifier #23 tag = rise_of_the_shia_caliphate name = Rise of the Shi'a Caliphate
[opinion_modifier.cpp:773]: Religion Modifier #24 tag = holy_order_expelled name = Holy Order Expelled
[opinion_modifier.cpp:773]: Religion Modifier #25 tag = failed_inquisition name = Failed Inquisition
[opinion_modifier.cpp:773]: Religion Modifier #26 tag = successful_inquisition name = Successful Inquisition
[opinion_modifier.cpp:773]: Religion Modifier #27 tag = failed_heretic_dialogue name = Lost Theological Debate
[opinion_modifier.cpp:773]: Religion Modifier #28 tag = successful_heretic_dialogue name = Won Theological Debate
[opinion_modifier.cpp:773]: Religion Modifier #29 tag = temple_built name = Temples Built
[opinion_modifier.cpp:773]: Religion Modifier #30 tag = temple_looted name = Temples Looted
[opinion_modifier.cpp:773]: Religion Modifier #31 tag = looted_infidel_temple name = Infidel Temples Looted
[opinion_modifier.cpp:773]: Religion Modifier #32 tag = papacy_instituted name = Papacy Instituted
[opinion_modifier.cpp:773]: Religion Modifier #33 tag = patriarchy_instituted name = Patriarchate Instituted
[opinion_modifier.cpp:773]: Religion Modifier #34 tag = irminsul_destroyed name = Irminsul Destroyed
[opinion_modifier.cpp:773]: Religion Modifier #35 tag = deposed_antipope name = Deposed an Antipope
[opinion_modifier.cpp:773]: Religion Modifier #36 tag = sacrificed_head_good name = We sacrificed the Head of a false Religion!
[opinion_modifier.cpp:773]: Religion Modifier #37 tag = sacrificed_head_bad name = Our Religious Head was sacrificed to Heathen Gods.
[opinion_modifier.cpp:773]: Religion Modifier #38 tag = temple_desecrated name = Temples Desecrated
[opinion_modifier.cpp:773]: Religion Modifier #39 tag = decadent_clergy name = Decadent Clergy
[opinion_modifier.cpp:773]: Religion Modifier #40 tag = strengthened_religion name = Strengthened Religion
[opinion_modifier.cpp:773]: Religion Modifier #41 tag = baptized_king_to name = Converted Realm
[opinion_modifier.cpp:773]: Religion Modifier #42 tag = baptized_emperor_to name = Converted Empire
[opinion_modifier.cpp:773]: Religion Modifier #43 tag = baptized_king_from name = Converted Realm
[opinion_modifier.cpp:773]: Religion Modifier #44 tag = baptized_emperor_from name = Converted Empire
[opinion_modifier.cpp:773]: Religion Modifier #45 tag = dogmatic_religion name = Dogmatic
[opinion_modifier.cpp:773]: Religion Modifier #46 tag = cosmopolitan_religion name = Cosmopolitan
[opinion_modifier.cpp:773]: Religion Modifier #47 tag = pagan_revival name = Pagan Revival
[opinion_modifier.cpp:773]: Religion Modifier #48 tag = hellenic_resurgence name = Hellenic Resurgence
[opinion_modifier.cpp:773]: Religion Modifier #49 tag = zoroastrian_rebirth name = Zoroastrian Rebirth
[opinion_modifier.cpp:773]: Religion Modifier #50 tag = rome_destroyed name = Rome Burned
[opinion_modifier.cpp:773]: Religion Modifier #51 tag = great_sacrifice_positive name = Great Sacrifice
[opinion_modifier.cpp:773]: Religion Modifier #52 tag = great_sacrifice_negative name = Great Heathen Sacrifice
[opinion_modifier.cpp:773]: Religion Modifier #53 tag = haruspicy_very_good_omen name = Favorable Stars
[opinion_modifier.cpp:773]: Religion Modifier #54 tag = haruspicy_very_bad_omen name = Apocalyptic Stars
[opinion_modifier.cpp:773]: Religion Modifier #55 tag = haruspicy_tempted_faith name = Religious Head died ominously
[opinion_modifier.cpp:773]: Religion Modifier #56 tag = blood_haruspicy_positive name = Favorable Blood Divination
[opinion_modifier.cpp:773]: Religion Modifier #57 tag = bloodthirsty_mass_sacrifice name = Mass Sacrifice
[opinion_modifier.cpp:773]: Religion Modifier #58 tag = won_flower_war name = Won Flower Wars
[opinion_modifier.cpp:773]: Religion Modifier #59 tag = lost_flower_war name = Lost Flower Wars
[opinion_modifier.cpp:773]: Religion Modifier #60 tag = built_great_pillar name = Great Pillars Built
[opinion_modifier.cpp:773]: Religion Modifier #61 tag = destroyed_great_pillar name = Great Pillars Destroyed
[opinion_modifier.cpp:773]: Religion Modifier #62 tag = impious_beatification name = Impious Beatification
[opinion_modifier.cpp:773]: Religion Modifier #63 tag = impious_canonization name = Impious Canonization
[opinion_modifier.cpp:773]: Religion Modifier #64 tag = depose_impious_pope_modifier name = Overthrew immoral Pope
[opinion_modifier.cpp:773]: Religion Modifier #65 tag = failed_to_depose_impious_pope_modifier name = Impious Pope won the war for the Holy See
[opinion_modifier.cpp:773]: Religion Modifier #66 tag = great_tribal_festival_1 name = Festivals Held
[opinion_modifier.cpp:773]: Religion Modifier #67 tag = great_tribal_festival_2 name = Great Festivals Held
[opinion_modifier.cpp:773]: Religion Modifier #68 tag = failed_to_launch_crusade_modifier name = Canceled Crusade
[opinion_modifier.cpp:773]: Religion Modifier #69 tag = theology_debates name = Debated Dogma
[opinion_modifier.cpp:773]: Religion Modifier #70 tag = northern_crusade_won name = Northern Crusade Victory
[opinion_modifier.cpp:773]: Religion Modifier #71 tag = reconquista_won name = Won Reconquest War
[opinion_modifier.cpp:773]: Religion Modifier #72 tag = reconquista_lost name = Lost Reconquest War
[opinion_modifier.cpp:773]: Religion Modifier #73 tag = stopped_reconquista name = Defended against Reconquest
[opinion_modifier.cpp:773]: Religion Modifier #74 tag = restored_primacy name = Restored Primacy
[religion.cpp:528]: Male names for religion christian is 46
[religion.cpp:532]: Female names for religion christian is 25
[religion.cpp:528]: Male names for religion indian_group is 0
[religion.cpp:532]: Female names for religion indian_group is 0
[religion.cpp:528]: Male names for religion jewish_group is 11
[religion.cpp:532]: Female names for religion jewish_group is 30
[religion.cpp:528]: Male names for religion muslim is 20
[religion.cpp:532]: Female names for religion muslim is 33
[religion.cpp:528]: Male names for religion zoroastrian_group is 5
[religion.cpp:226]: Religion Group #0 tag = none name =  ===>noreligion 
[religion.cpp:226]: Religion Group #1 tag = christian name = Christian ===>Catholic Cathar Fraticelli Lollard Waldensian Miaphysite Monophysite Nestorian Messalian Orthodox Bogomilist Iconoclast Monothelite Paulician 
[religion.cpp:226]: Religion Group #2 tag = indian_group name = Eastern ===>Buddhist Hindu Jain Taoist 
[religion.cpp:226]: Religion Group #3 tag = jewish_group name = Israelite ===>Jewish Karaite Samaritan 
[religion.cpp:226]: Religion Group #4 tag = muslim name = Muslim ===>Ibadi Kharijite Shia Druze Hurufi Qarmatian Sunni Yazidi Zikri 
[religion.cpp:226]: Religion Group #5 tag = pagan_group name = Pagan ===>Aztec Aztec Romuva Romuva Bön Bön Suomenusko Suomenusko Hellenic Hellenic Germanic Germanic Slavic Slavic Tengri Tengri African African Church of Zun Zunist Pagan 
[religion.cpp:226]: Religion Group #6 tag = zoroastrian_group name = Mazdan ===>Zoroastrian Mazdaki Manichaean Khurmazta 
[ck_application.cpp:1054]: ReligionDatabase Initialized
[culture.cpp:112]: Culture Group #0 tag = noculturegroup name = noculturegroup ===>noculture 
[culture.cpp:112]: Culture Group #1 tag = altaic name = Altaic ===>Avar Bolghar Cuman Jurchen Karluk Khazar Khitan Kirghiz Mongol Pecheneg Turkish Uyghur 
[culture.cpp:112]: Culture Group #2 tag = arabic name = Arabic ===>Andalusian Bedouin Berber Egyptian Levantine 
[culture.cpp:112]: Culture Group #3 tag = baltic name = Baltic ===>Latgalian Lithuanian Prussian 
[culture.cpp:112]: Culture Group #4 tag = byzantine name = Byzantine ===>Alan Arberian Armenian Assyrian Coptic Gothic Georgian Greek 
[culture.cpp:112]: Culture Group #5 tag = celtic name = Celtic ===>Breton Irish Pictish Scottish Welsh 
[culture.cpp:112]: Culture Group #6 tag = central_african name = Central African ===>Hausa Kanuri Zaghawa 
[culture.cpp:112]: Culture Group #7 tag = central_germanic name = Central Germanic ===>Frankish German Lombard Suebi 
[culture.cpp:112]: Culture Group #8 tag = chinese_group name = Chinese ===>Han 
[culture.cpp:112]: Culture Group #9 tag = dravidian_group name = Dravidian ===>Kannada Tamil Telugu 
[culture.cpp:112]: Culture Group #10 tag = east_african name = East African ===>Daju Ethiopian Nubian Somali 
[culture.cpp:112]: Culture Group #11 tag = east_slavic name = East Slavic ===>Ilmenian Russian Severian Volhynian 
[culture.cpp:112]: Culture Group #12 tag = finno_ugric name = Finno-Ugric ===>Estonian Finnish Khanty Komi Meshchera Mordvin Nenets Sami 
[culture.cpp:112]: Culture Group #13 tag = iberian name = Iberian ===>Basque Castilian Catalan Portuguese Visigothic 
[culture.cpp:112]: Culture Group #14 tag = indo_aryan_group name = Indo-Aryan ===>Assamese Bengali Gujarati Hindustani Marathi Nepali Oriya Panjabi Rajput Sindhi Sinhala 
[culture.cpp:112]: Culture Group #15 tag = iranian name = Iranian ===>Afghan Baloch Kurdish Persian Saka Sogdian Tocharian 
[culture.cpp:112]: Culture Group #16 tag = israelite name = Israelite ===>Ashkenazi Sephardi 
[culture.cpp:112]: Culture Group #17 tag = latin name = Latin ===>Dalmatian French Italian Norman Occitan Outremer Roman Sardinian 
[culture.cpp:112]: Culture Group #18 tag = magyar name = Magyar ===>Hungarian 
[culture.cpp:112]: Culture Group #19 tag = mesoamerican name = Mesoamerican ===>Nahua 
[culture.cpp:112]: Culture Group #20 tag = north_germanic name = North Germanic ===>Norse Danish Norwegian Swedish 
[culture.cpp:112]: Culture Group #21 tag = south_slavic name = South Slavic ===>Bosnian Bulgarian Carantanian Croatian Serbian Vlach 
[culture.cpp:112]: Culture Group #22 tag = tibetan_group name = Tibeto-Burman ===>Bödpa Sumpa Tangut Zhangzhung 
[culture.cpp:112]: Culture Group #23 tag = west_african name = West African ===>Mandé Songhay Soninke 
[culture.cpp:112]: Culture Group #24 tag = west_germanic name = West Germanic ===>Anglo-Saxon Dutch English Frisian Saxon 
[culture.cpp:112]: Culture Group #25 tag = west_slavic name = West Slavic ===>Bohemian Polish Pomeranian Slovien 
[culture.cpp:112]: Culture Group #26 tag = bear_group name = Bear ===>Bear 
[culture.cpp:112]: Culture Group #27 tag = cat_group name = Cat ===>Cat 
[culture.cpp:112]: Culture Group #28 tag = dog_group name = Canidae ===>Dog 
[culture.cpp:112]: Culture Group #29 tag = dragon_group name = Drachidae ===>Dragon 
[culture.cpp:112]: Culture Group #30 tag = duck_group name = Aves ===>Duck 
[culture.cpp:112]: Culture Group #31 tag = elephant_group name = Proboscidea ===>Elephant 
[culture.cpp:112]: Culture Group #32 tag = hedgehog_group name = Erinaceidae ===>Hedgehog 
[culture.cpp:112]: Culture Group #33 tag = horse_group name = Horse ===>Horse 
[culture.cpp:112]: Culture Group #34 tag = panda_group name = Ailuridae ===>Red Panda 
[nickname.cpp:224]: Nickname #0 name = Bluetooth
[nickname.cpp:224]: Nickname #1 name = Fairhair
[nickname.cpp:224]: Nickname #2 name = Hårdråde
[nickname.cpp:224]: Nickname #3 name = Hardeknud
[nickname.cpp:224]: Nickname #4 name = Wartooth
[nickname.cpp:224]: Nickname #5 name = Loðbrok
[nickname.cpp:224]: Nickname #6 name = Longsword
[nickname.cpp:224]: Nickname #7 name = Ring
[nickname.cpp:224]: Nickname #8 name = Snake-in-the-eye
[nickname.cpp:224]: Nickname #9 name = the Bald
[nickname.cpp:224]: Nickname #10 name = the Boneless
[nickname.cpp:224]: Nickname #11 name = the Dane
[nickname.cpp:224]: Nickname #12 name = the German
[nickname.cpp:224]: Nickname #13 name = the Hawk of Quarysh
[nickname.cpp:224]: Nickname #14 name = the Heathen
[nickname.cpp:224]: Nickname #15 name = the Stammerer
[nickname.cpp:224]: Nickname #16 name = the Stranger
[nickname.cpp:224]: Nickname #17 name = the Younger
[nickname.cpp:224]: Nickname #18 name = Whiteshirt
[nickname.cpp:224]: Nickname #19 name = the Jackal
[nickname.cpp:224]: Nickname #20 name = the Master of Hungary
[nickname.cpp:224]: Nickname #21 name = Bloodaxe
[nickname.cpp:224]: Nickname #22 name = d'Arc
[nickname.cpp:224]: Nickname #23 name = Ironhand
[nickname.cpp:224]: Nickname #24 name = of the Wilds
[nickname.cpp:224]: Nickname #25 name = Peg Leg
[nickname.cpp:224]: Nickname #26 name = [This.GetSonDaughterCap] of [This.Religion.GetRandomEvilGodName]
[nickname.cpp:224]: Nickname #27 name = the Abomination
[nickname.cpp:224]: Nickname #28 name = the Affable
[nickname.cpp:224]: Nickname #29 name = the Alchemist
[nickname.cpp:224]: Nickname #30 name = the Apostate
[nickname.cpp:224]: Nickname #31 name = the Armorsmith
[nickname.cpp:224]: Nickname #32 name = the Astrologer
[nickname.cpp:224]: Nickname #33 name = the Avenger
[nickname.cpp:224]: Nickname #34 name = the Bane of [nickname_target.PrimaryTitle.GetName]
[nickname.cpp:224]: Nickname #35 name = the Beguiling
[nickname.cpp:224]: Nickname #36 name = the Beheader
[nickname.cpp:224]: Nickname #37 name = the Belligerent
[nickname.cpp:224]: Nickname #38 name = the Betrayer
[nickname.cpp:224]: Nickname #39 name = the Bookworm
[nickname.cpp:224]: Nickname #40 name = the Black Boar
[nickname.cpp:224]: Nickname #41 name = the Brave
[nickname.cpp:224]: Nickname #42 name = the Burden
[nickname.cpp:224]: Nickname #43 name = the Butcher
[nickname.cpp:224]: Nickname #44 name = the Cleansing Flame
[nickname.cpp:224]: Nickname #45 name = the Clueless
[nickname.cpp:224]: Nickname #46 name = the Clumsy
[nickname.cpp:224]: Nickname #47 name = the Conqueror
[nickname.cpp:224]: Nickname #48 name = the Crusader
[nickname.cpp:224]: Nickname #49 name = the [This.Culture.GetName]
[nickname.cpp:224]: Nickname #50 name = the [nickname_receiver.Culture.GetName] Marauder
[nickname.cpp:224]: Nickname #51 name = the Decadent
[nickname.cpp:224]: Nickname #52 name = the Defender
[nickname.cpp:224]: Nickname #53 name = the Depraved
[nickname.cpp:224]: Nickname #54 name = the Despoiler
[nickname.cpp:224]: Nickname #55 name = the Destroyer
[nickname.cpp:224]: Nickname #56 name = the Eastern Wind
[nickname.cpp:224]: Nickname #57 name = the Effeminate
[nickname.cpp:224]: Nickname #58 name = the Evil
[nickname.cpp:224]: Nickname #59 name = the Explorer
[nickname.cpp:224]: Nickname #60 name = the Fearless
[nickname.cpp:224]: Nickname #61 name = the Festive
[nickname.cpp:224]: Nickname #62 name = the Flail of [This.Liege.PrimaryTitle.GetName]
[nickname.cpp:224]: Nickname #63 name = the Flayer
[nickname.cpp:224]: Nickname #64 name = the Fox
[nickname.cpp:224]: Nickname #65 name = the Glorious
[nickname.cpp:224]: Nickname #66 name = the Goldsmith
[nickname.cpp:224]: Nickname #67 name = the Gracious
[nickname.cpp:224]: Nickname #68 name = the Guide
[nickname.cpp:224]: Nickname #69 name = the Hammer
[nickname.cpp:224]: Nickname #70 name = the Headless
[nickname.cpp:224]: Nickname #71 name = the Heavenly
[nickname.cpp:224]: Nickname #72 name = the Holy
[nickname.cpp:224]: Nickname #73 name = the Ill-Tempered
[nickname.cpp:224]: Nickname #74 name = the Impaler
[nickname.cpp:224]: Nickname #75 name = the Inquisitor
[nickname.cpp:224]: Nickname #76 name = the Jolly
[nickname.cpp:224]: Nickname #77 name = the Jovial
[nickname.cpp:224]: Nickname #78 name = the [nickname_ruler.GetTitle]slayer
[nickname.cpp:224]: Nickname #79 name = the Knight of Turnips
[nickname.cpp:224]: Nickname #80 name = the Lawgiver
[nickname.cpp:224]: Nickname #81 name = the Lecher
[nickname.cpp:224]: Nickname #82 name = the [This.GetLeechRank]
[nickname.cpp:224]: Nickname #83 name = the Legendary
[nickname.cpp:224]: Nickname #84 name = the Lewd
[nickname.cpp:224]: Nickname #85 name = the Liberator
[nickname.cpp:224]: Nickname #86 name = the Lucky
[nickname.cpp:224]: Nickname #87 name = the Maid
[nickname.cpp:224]: Nickname #88 name = the Martyr
[nickname.cpp:224]: Nickname #89 name = the Monster
[nickname.cpp:224]: Nickname #90 name = the Mutilator
[nickname.cpp:224]: Nickname #91 name = the Pale Prince
[nickname.cpp:224]: Nickname #92 name = the Pilgrim
[nickname.cpp:224]: Nickname #93 name = the Purifier
[nickname.cpp:224]: Nickname #94 name = the Rash
[nickname.cpp:224]: Nickname #95 name = the Red
[nickname.cpp:224]: Nickname #96 name = the [This.Religion.GetGroupName]
[nickname.cpp:224]: Nickname #97 name = the Restorer
[nickname.cpp:224]: Nickname #98 name = the Ruthless
[nickname.cpp:224]: Nickname #99 name = the Saint
[nickname.cpp:224]: Nickname #100 name = the Saoshyant
[nickname.cpp:224]: Nickname #101 name = the Scourge
[nickname.cpp:224]: Nickname #102 name = the Scourge of [This.Liege.PrimaryTitle.GetName]
[nickname.cpp:224]: Nickname #103 name = the Scourge of [nickname_target.Religion.GetHighGodName]
[nickname.cpp:224]: Nickname #104 name = the Sea-Devil
[nickname.cpp:224]: Nickname #105 name = the Seducer
[nickname.cpp:224]: Nickname #106 name = the Shadow
[nickname.cpp:224]: Nickname #107 name = the Shieldmaiden
[nickname.cpp:224]: Nickname #108 name = the Shrewd
[nickname.cpp:224]: Nickname #109 name = Slayer of the [nickname_target.Culture.GetName]
[nickname.cpp:224]: Nickname #110 name = the Snake
[nickname.cpp:224]: Nickname #111 name = the Spider
[nickname.cpp:224]: Nickname #112 name = the Strange
[nickname.cpp:224]: Nickname #113 name = the Survivor
[nickname.cpp:224]: Nickname #114 name = the Sword of [This.Religion.GetRandomGodName]
[nickname.cpp:224]: Nickname #115 name = the Temptress
[nickname.cpp:224]: Nickname #116 name = the Terror of [nickname_target.GetName]
[nickname.cpp:224]: Nickname #117 name = the Tiger
[nickname.cpp:224]: Nickname #118 name = the Tormentor
[nickname.cpp:224]: Nickname #119 name = the Trader
[nickname.cpp:224]: Nickname #120 name = the Traitor
[nickname.cpp:224]: Nickname #121 name = the Unchaste
[nickname.cpp:224]: Nickname #122 name = the Unfaithful
[nickname.cpp:224]: Nickname #123 name = the Unlucky
[nickname.cpp:224]: Nickname #124 name = the Usurper
[nickname.cpp:224]: Nickname #125 name = the Valkyrie
[nickname.cpp:224]: Nickname #126 name = the Vatican Prince
[nickname.cpp:224]: Nickname #127 name = the Vatican Princess
[nickname.cpp:224]: Nickname #128 name = the Vengeful
[nickname.cpp:224]: Nickname #129 name = the Victorious
[nickname.cpp:224]: Nickname #130 name = the Viking
[nickname.cpp:224]: Nickname #131 name = the Weaponsmith
[nickname.cpp:224]: Nickname #132 name = the Whisperer
[nickname.cpp:224]: Nickname #133 name = the Wily
[nickname.cpp:224]: Nickname #134 name = the Witch-Hunter
[nickname.cpp:224]: Nickname #135 name = the World-Burner
[nickname.cpp:224]: Nickname #136 name = the Youthful
[nickname.cpp:224]: Nickname #137 name = Ironfist
[nickname.cpp:224]: Nickname #138 name = [This.GetLordLady] [battlefield_location.GetGroundDescCap]
[nickname.cpp:224]: Nickname #139 name = [This.GetLordLady] of the [battlefield_location.GetTerrainCap]
[nickname.cpp:224]: Nickname #140 name = Stonefist
[nickname.cpp:224]: Nickname #141 name = the Ambitious
[nickname.cpp:224]: Nickname #142 name = the Artist-[This.GetTitle]
[nickname.cpp:224]: Nickname #143 name = the Bloody
[nickname.cpp:224]: Nickname #144 name = the Bulwark
[nickname.cpp:224]: Nickname #145 name = the Diplomat
[nickname.cpp:224]: Nickname #146 name = the Executioner
[nickname.cpp:224]: Nickname #147 name = the Generous
[nickname.cpp:224]: Nickname #148 name = the Great [This.GetRegionalBigAnimalCap]
[nickname.cpp:224]: Nickname #149 name = the Great Eagle
[nickname.cpp:224]: Nickname #150 name = the [battlefield_location.GetGroundDescCap]-Warrior
[nickname.cpp:224]: Nickname #151 name = the Kind-Hearted
[nickname.cpp:224]: Nickname #152 name = the [battlefield_location.GetTerrainCap] Commander
[nickname.cpp:224]: Nickname #153 name = the Tower
[nickname.cpp:224]: Nickname #154 name = the Underdog
[nickname.cpp:224]: Nickname #155 name = the Wall of [This.PrimaryTitle.GetName]
[nickname.cpp:224]: Nickname #156 name = [GetWarriorBattleNick]
[nickname.cpp:224]: Nickname #157 name = the Awoken
[nickname.cpp:224]: Nickname #158 name = Bleeding-Eyes
[nickname.cpp:224]: Nickname #159 name = the Civilized
[nickname.cpp:224]: Nickname #160 name = the Delivered
[nickname.cpp:224]: Nickname #161 name = the Exalted
[nickname.cpp:224]: Nickname #162 name = the Illuminated
[nickname.cpp:224]: Nickname #163 name = the Purified
[nickname.cpp:224]: Nickname #164 name = the Sky Rider
[nickname.cpp:224]: Nickname #165 name = the Submissive
[nickname.cpp:224]: Nickname #166 name = the Adjudicator
[nickname.cpp:224]: Nickname #167 name = the Educator
[nickname.cpp:224]: Nickname #168 name = the Enlightened
[nickname.cpp:224]: Nickname #169 name = the Horse Shepherd
[nickname.cpp:224]: Nickname #170 name = the Missionary
[nickname.cpp:224]: Nickname #171 name = the Proselytizer
[nickname.cpp:224]: Nickname #172 name = the Waking-Teacher
[nickname.cpp:224]: Nickname #173 name = Whirling-Spell
[nickname.cpp:224]: Nickname #174 name = the Fury
[nickname.cpp:224]: Nickname #175 name = the Salt-Snake
[nickname.cpp:224]: Nickname #176 name = the Salt-Viper
[nickname.cpp:224]: Nickname #177 name = the Siren
[nickname.cpp:224]: Nickname #178 name = the Stormforged
[nickname.cpp:224]: Nickname #179 name = the Tempest of [This.Capital.GetName]
[nickname.cpp:224]: Nickname #180 name = the White Raven
[nickname.cpp:224]: Nickname #181 name = the Wyrm
[nickname.cpp:224]: Nickname #182 name = the Eater of [saint_person.Religion.GetHighGodName]
[nickname.cpp:224]: Nickname #183 name = the Drunken Friend of [saint_person.Religion.GetHighGodName]
[nickname.cpp:224]: Nickname #184 name = the Hedonist of [saint_person.Religion.GetHighGodName]
[nickname.cpp:224]: Nickname #185 name = the Lover of [saint_person.Religion.GetHighGodName]
[nickname.cpp:224]: Nickname #186 name = the Impaler of [saint_person.Religion.GetHighGodName]
[nickname.cpp:224]: Nickname #187 name = of the Nine Hostages
[nickname.cpp:224]: Nickname #188 name = the Papal Lover
[nickname.cpp:224]: Nickname #189 name = the Fool-for-[GetJesus]
[nickname.cpp:224]: Nickname #190 name = the Godbearing
[nickname.cpp:224]: Nickname #191 name = the Guardian
[nickname.cpp:224]: Nickname #192 name = the Healer
[nickname.cpp:224]: Nickname #193 name = the Merciful
[nickname.cpp:224]: Nickname #194 name = the Miracle-Worker
[nickname.cpp:224]: Nickname #195 name = the Myrrh-Streaming
[nickname.cpp:224]: Nickname #196 name = the [GetRandomMythologicalCreature]
[nickname.cpp:224]: Nickname #197 name = the Prophet
[nickname.cpp:224]: Nickname #198 name = the Protector
[nickname.cpp:224]: Nickname #199 name = the Right-Believing
[nickname.cpp:224]: Nickname #200 name = the Righteous
[nickname.cpp:224]: Nickname #201 name = the Spark of [This.Religion.GetHighGodName]
[nickname.cpp:224]: Nickname #202 name = the Understanding
[nickname.cpp:224]: Nickname #203 name = the Unmercenary Healer
[nickname.cpp:224]: Nickname #204 name = the Venerable
[nickname.cpp:224]: Nickname #205 name = the Black Skull
[nickname.cpp:224]: Nickname #206 name = the Bloodmonger
[nickname.cpp:224]: Nickname #207 name = the Chestbuster
[nickname.cpp:224]: Nickname #208 name = the Crimson Reaper
[nickname.cpp:224]: Nickname #209 name = the Dreaded
[nickname.cpp:224]: Nickname #210 name = the Heart-eater
[nickname.cpp:224]: Nickname #211 name = the Red Storm
[nickname.cpp:224]: Nickname #212 name = Scarlet-Hands
[nickname.cpp:224]: Nickname #213 name = the Slaughterer
[nickname.cpp:224]: Nickname #214 name = the Soulflayer
[nickname.cpp:224]: Nickname #215 name = the Spirit-stalker
[nickname.cpp:224]: Nickname #216 name = the Bleeder
[nickname.cpp:224]: Nickname #217 name = the Bone-Gnasher
[nickname.cpp:224]: Nickname #218 name = the Champion of [This.Location.GetName]
[nickname.cpp:224]: Nickname #219 name = the Crimson Flurry
[nickname.cpp:224]: Nickname #220 name = the Crimson Gorgon
[nickname.cpp:224]: Nickname #221 name = the Exalted Chosen of [This.Location.GetName]
[nickname.cpp:224]: Nickname #222 name = the Gods' Champion
[nickname.cpp:224]: Nickname #223 name = Quickfoot
[nickname.cpp:224]: Nickname #224 name = the Red Gladiator
[nickname.cpp:224]: Nickname #225 name = the Red Gladiatrix
[nickname.cpp:224]: Nickname #226 name = the Scarlet Eagle
[nickname.cpp:224]: Nickname #227 name = the Scarlet Painter
[nickname.cpp:224]: Nickname #228 name = Sharp-Teeth
[nickname.cpp:224]: Nickname #229 name = the Skull-Crusher
[nickname.cpp:224]: Nickname #230 name = the Bard
[nickname.cpp:224]: Nickname #231 name = the Beef-Thrasher
[nickname.cpp:224]: Nickname #232 name = the Bottomless
[nickname.cpp:224]: Nickname #233 name = the Dove
[nickname.cpp:224]: Nickname #234 name = the Fairest of [This.Location.GetName]
[nickname.cpp:224]: Nickname #235 name = the Heart of [This.Location.GetName]
[nickname.cpp:224]: Nickname #236 name = the Horse-Gelder
[nickname.cpp:224]: Nickname #237 name = Hundred-Flagons
[nickname.cpp:224]: Nickname #238 name = the Mead Master
[nickname.cpp:224]: Nickname #239 name = Quick-Fingers
[nickname.cpp:224]: Nickname #240 name = Silvertongue
[nickname.cpp:224]: Nickname #241 name = the Stallion
[nickname.cpp:224]: Nickname #242 name = the Starweaver
[nickname.cpp:224]: Nickname #243 name = the Strongest of [This.Location.GetName]
[nickname.cpp:224]: Nickname #244 name = the Tamer
[nickname.cpp:224]: Nickname #245 name = the Thighbiter
[nickname.cpp:224]: Nickname #246 name = the Undefeated
[nickname.cpp:224]: Nickname #247 name = the Word-Master
[nickname.cpp:224]: Nickname #248 name = Butterteeth
[nickname.cpp:224]: Nickname #249 name = the Broken Lute
[nickname.cpp:224]: Nickname #250 name = the Broken-Nail
[nickname.cpp:224]: Nickname #251 name = the Cowardly
[nickname.cpp:224]: Nickname #252 name = Dry-Throat
[nickname.cpp:224]: Nickname #253 name = Dust-Biter
[nickname.cpp:224]: Nickname #254 name = the Flat-Chested
[nickname.cpp:224]: Nickname #255 name = the Floor-Kisser
[nickname.cpp:224]: Nickname #256 name = the Forgetful
[nickname.cpp:224]: Nickname #257 name = the Frantic
[nickname.cpp:224]: Nickname #258 name = the Green-Faced
[nickname.cpp:224]: Nickname #259 name = the Jittery
[nickname.cpp:224]: Nickname #260 name = the Messy
[nickname.cpp:224]: Nickname #261 name = Oakskin
[nickname.cpp:224]: Nickname #262 name = the Pups' Gut
[nickname.cpp:224]: Nickname #263 name = Roughhair
[nickname.cpp:224]: Nickname #264 name = the Singing Crow
[nickname.cpp:224]: Nickname #265 name = the Sleepy
[nickname.cpp:224]: Nickname #266 name = the Spare
[nickname.cpp:224]: Nickname #267 name = the Squealer
[nickname.cpp:224]: Nickname #268 name = the Squirmy
[nickname.cpp:224]: Nickname #269 name = the Thin-Minded
[nickname.cpp:224]: Nickname #270 name = the Toothless
[nickname.cpp:224]: Nickname #271 name = the Toothless Wolf
[nickname.cpp:224]: Nickname #272 name = the Word-Thief
[nickname.cpp:224]: Nickname #273 name = the Gnat
[nickname.cpp:224]: Nickname #274 name = the Little Crow
[nickname.cpp:224]: Nickname #275 name = the Pest
[nickname.cpp:224]: Nickname #276 name = the Piglet
[nickname.cpp:224]: Nickname #277 name = the Sprinter
[nickname.cpp:224]: Nickname #278 name = the Absolved
[nickname.cpp:224]: Nickname #279 name = the Hermit
[nickname.cpp:224]: Nickname #280 name = the Recluse
[nickname.cpp:224]: Nickname #281 name = the Bone-Squeezer
[nickname.cpp:224]: Nickname #282 name = the Bull
[nickname.cpp:224]: Nickname #283 name = the Butch
[nickname.cpp:224]: Nickname #284 name = the Arm of [This.Religion.GetRandomGodName]
[nickname.cpp:224]: Nickname #285 name = Irongrip
[nickname.cpp:224]: Nickname #286 name = Knuckle-Slammer
[nickname.cpp:224]: Nickname #287 name = Strongarm
[nickname.cpp:224]: Nickname #288 name = the Feeble
[nickname.cpp:224]: Nickname #289 name = the Flower
[nickname.cpp:224]: Nickname #290 name = Girl-Arm
[nickname.cpp:224]: Nickname #291 name = the Milkdrinker
[nickname.cpp:224]: Nickname #292 name = the Grinner
[nickname.cpp:224]: Nickname #293 name = the Hyena
[nickname.cpp:224]: Nickname #294 name = the Merciless
[nickname.cpp:224]: Nickname #295 name = Poison-Tooth
[nickname.cpp:224]: Nickname #296 name = Sharp-Tongue
[nickname.cpp:224]: Nickname #297 name = the Trickster
[nickname.cpp:224]: Nickname #298 name = the Vixen
[nickname.cpp:224]: Nickname #299 name = the Word-Slayer
[nickname.cpp:224]: Nickname #300 name = the Blushing
[nickname.cpp:224]: Nickname #301 name = the Moaner
[nickname.cpp:224]: Nickname #302 name = Red-cheeks
[nickname.cpp:224]: Nickname #303 name = the Short-tempered
[nickname.cpp:224]: Nickname #304 name = the Shrinking Violet
[nickname.cpp:224]: Nickname #305 name = the Whiner
[nickname.cpp:224]: Nickname #306 name = the Cheater
[nickname.cpp:224]: Nickname #307 name = the Liar
[nickname.cpp:224]: Nickname #308 name = the Twitchy
[nickname.cpp:224]: Nickname #309 name = the Vain
[nickname.cpp:224]: Nickname #310 name = the Angel of Jerusalem
[nickname.cpp:224]: Nickname #311 name = the Chosen of Gabriel
[nickname.cpp:224]: Nickname #312 name = the Virgin's Maid
[nickname.cpp:224]: Nickname #313 name = the Messenger of Christ
[nickname.cpp:224]: Nickname #314 name = the Page of Our Lord
[nickname.cpp:224]: Nickname #315 name = the Reaper's Child
[nickname.cpp:224]: Nickname #316 name = the Eerie
[nickname.cpp:224]: Nickname #317 name = the Little Nightmare
[nickname.cpp:224]: Nickname #318 name = the Little Spider
[nickname.cpp:224]: Nickname #319 name = the Snakeling
[nickname.cpp:224]: Nickname #320 name = the Black Widow
[nickname.cpp:224]: Nickname #321 name = Ferrante
[nickname.cpp:224]: Nickname #322 name = the Grim Mistress
[nickname.cpp:224]: Nickname #323 name = Ironheart
[nickname.cpp:224]: Nickname #324 name = the Pale Spider
[nickname.cpp:224]: Nickname #325 name = the Reaper
[nickname.cpp:224]: Nickname #326 name = the Green Warrior
[nickname.cpp:224]: Nickname #327 name = the Warrior Child
[nickname.cpp:224]: Nickname #328 name = the Young Conqueror
[nickname.cpp:224]: Nickname #329 name = the Young Eagle
[nickname.cpp:224]: Nickname #330 name = the Bloodhound
[nickname.cpp:224]: Nickname #331 name = the Virago
[nickname.cpp:224]: Nickname #332 name = the Warrior-Philosopher
[nickname.cpp:224]: Nickname #333 name = the White Knight
[nickname.cpp:224]: Nickname #334 name = the Angel
[nickname.cpp:224]: Nickname #335 name = the Celestial
[nickname.cpp:224]: Nickname #336 name = the Innocent
[nickname.cpp:224]: Nickname #337 name = the Pure
[nickname.cpp:224]: Nickname #338 name = the Radiant
[nickname.cpp:224]: Nickname #339 name = the Munificent
[nickname.cpp:224]: Nickname #340 name = the Peace-Maker
[nickname.cpp:224]: Nickname #341 name = the Architect
[nickname.cpp:224]: Nickname #342 name = the Castellan
[nickname.cpp:224]: Nickname #343 name = the Carpenter
[nickname.cpp:224]: Nickname #344 name = the Grandiose
[nickname.cpp:224]: Nickname #345 name = the Griffin
[nickname.cpp:224]: Nickname #346 name = the Compassionate
[nickname.cpp:224]: Nickname #347 name = the Founder
[nickname.cpp:224]: Nickname #348 name = the Bloodlime
[nickname.cpp:224]: Nickname #349 name = the Patron of the Arts
[nickname.cpp:224]: Nickname #350 name = the Bastion of [This.Capital.GetName]
[nickname.cpp:224]: Nickname #351 name = the Holy Mason
[nickname.cpp:224]: Nickname #352 name = the Grand Matriarch
[nickname.cpp:224]: Nickname #353 name = the Grand Patriarch
[nickname.cpp:224]: Nickname #354 name = the Philosopher
[nickname.cpp:224]: Nickname #355 name = the Theologian
[nickname.cpp:224]: Nickname #356 name = the Zealot
[nickname.cpp:224]: Nickname #357 name = the Benevolent
[nickname.cpp:224]: Nickname #358 name = Elder
[nickname.cpp:224]: Nickname #359 name = the Lisp and Lame
[nickname.cpp:224]: Nickname #360 name = the Able
[nickname.cpp:224]: Nickname #361 name = the Kind
[nickname.cpp:224]: Nickname #362 name = the Good
[nickname.cpp:224]: Nickname #363 name = the Troubadour
[nickname.cpp:224]: Nickname #364 name = the Strong
[nickname.cpp:224]: Nickname #365 name = the Magnanimous
[nickname.cpp:224]: Nickname #366 name = the Simple
[nickname.cpp:224]: Nickname #367 name = the Merry
[nickname.cpp:224]: Nickname #368 name = the Noble
[nickname.cpp:224]: Nickname #369 name = the Blind
[nickname.cpp:224]: Nickname #370 name = the Leper
[nickname.cpp:224]: Nickname #371 name = the Gentle
[nickname.cpp:224]: Nickname #372 name = the Proud
[nickname.cpp:224]: Nickname #373 name = the Silent
[nickname.cpp:224]: Nickname #374 name = the Bastard
[nickname.cpp:224]: Nickname #375 name = the Gouty
[nickname.cpp:224]: Nickname #376 name = Half-Hand
[nickname.cpp:224]: Nickname #377 name = the Chaste
[nickname.cpp:224]: Nickname #378 name = the Hunter
[nickname.cpp:224]: Nickname #379 name = the Fowler
[nickname.cpp:224]: Nickname #380 name = the Just
[nickname.cpp:224]: Nickname #381 name = the Lame
[nickname.cpp:224]: Nickname #382 name = the Handsome
[nickname.cpp:224]: Nickname #383 name = the Fair
[nickname.cpp:224]: Nickname #384 name = the Hideous
[nickname.cpp:224]: Nickname #385 name = the Frog
[nickname.cpp:224]: Nickname #386 name = the Tenacious
[nickname.cpp:224]: Nickname #387 name = the Repulsive
[nickname.cpp:224]: Nickname #388 name = the Mad
[nickname.cpp:224]: Nickname #389 name = the Fat
[nickname.cpp:224]: Nickname #390 name = the Hollow
[nickname.cpp:224]: Nickname #391 name = the Drunkard
[nickname.cpp:224]: Nickname #392 name = the Cruel
[nickname.cpp:224]: Nickname #393 name = the Wise
[nickname.cpp:224]: Nickname #394 name = the Resilient
[nickname.cpp:224]: Nickname #395 name = One-Eye
[nickname.cpp:224]: Nickname #396 name = One-Hand
[nickname.cpp:224]: Nickname #397 name = the Legless
[nickname.cpp:224]: Nickname #398 name = of a Thousand Faces
[nickname.cpp:224]: Nickname #399 name = the Cannibal
[nickname.cpp:224]: Nickname #400 name = the Frail
[nickname.cpp:224]: Nickname #401 name = the Weak
[nickname.cpp:224]: Nickname #402 name = the Brute
[nickname.cpp:224]: Nickname #403 name = the Plaguebearer
[nickname.cpp:224]: Nickname #404 name = the Persevering
[nickname.cpp:224]: Nickname #405 name = the Mule
[nickname.cpp:224]: Nickname #406 name = the Wealthy
[nickname.cpp:224]: Nickname #407 name = the Loyal
[nickname.cpp:224]: Nickname #408 name = the [This.GetLordLady] of [This.PrimaryTitle.GetName]
[nickname.cpp:224]: Nickname #409 name = Twistedbeard
[nickname.cpp:224]: Nickname #410 name = the Bear
[nickname.cpp:224]: Nickname #411 name = the Boar
[nickname.cpp:224]: Nickname #412 name = the Faceless
[nickname.cpp:224]: Nickname #413 name = the Cyclops
[nickname.cpp:224]: Nickname #414 name = the Beanstalk
[nickname.cpp:224]: Nickname #415 name = the Accursed
[nickname.cpp:224]: Nickname #416 name = the Wicked
[nickname.cpp:224]: Nickname #417 name = the Bewitched
[nickname.cpp:224]: Nickname #418 name = Priest-Hater
[nickname.cpp:224]: Nickname #419 name = the Pious
[nickname.cpp:224]: Nickname #420 name = the Apostle
[nickname.cpp:224]: Nickname #421 name = the Blessed
[nickname.cpp:224]: Nickname #422 name = the Confessor
[nickname.cpp:224]: Nickname #423 name = the Monk
[nickname.cpp:224]: Nickname #424 name = the Nun
[nickname.cpp:224]: Nickname #425 name = Ironside
[nickname.cpp:224]: Nickname #426 name = the Lion
[nickname.cpp:224]: Nickname #427 name = the Lioness
[nickname.cpp:224]: Nickname #428 name = the Lionheart
[nickname.cpp:224]: Nickname #429 name = the Bold
[nickname.cpp:224]: Nickname #430 name = the Unready
[nickname.cpp:224]: Nickname #431 name = the Ill-Ruler
[nickname.cpp:224]: Nickname #432 name = the Terrible
[nickname.cpp:224]: Nickname #433 name = the Tyrant
[nickname.cpp:224]: Nickname #434 name = the Oppressor
[nickname.cpp:224]: Nickname #435 name = the [This.GetWarlockWitch]
[nickname.cpp:224]: Nickname #436 name = the Magnificent
[nickname.cpp:224]: Nickname #437 name = the Quarreller
[nickname.cpp:224]: Nickname #438 name = the Devil
[nickname.cpp:224]: Nickname #439 name = the Dragon
[nickname.cpp:224]: Nickname #440 name = the Dragoness
[nickname.cpp:224]: Nickname #441 name = the Careless
[nickname.cpp:224]: Nickname #442 name = the Young
[nickname.cpp:224]: Nickname #443 name = the Old
[nickname.cpp:224]: Nickname #444 name = the Undying
[nickname.cpp:224]: Nickname #445 name = the Great
[nickname.cpp:224]: Nickname #446 name = of the Empty Pockets
[nickname.cpp:224]: Nickname #447 name = the Hunchback
[nickname.cpp:224]: Nickname #448 name = the Scholar
[nickname.cpp:224]: Nickname #449 name = the Black
[nickname.cpp:224]: Nickname #450 name = the Wolf
[nickname.cpp:224]: Nickname #451 name = the Giant
[nickname.cpp:224]: Nickname #452 name = the Timely Rain
[nickname.cpp:224]: Nickname #453 name = the Jade Unicorn
[nickname.cpp:224]: Nickname #454 name = the Knowledgeable Star
[nickname.cpp:224]: Nickname #455 name = the Big Halberd
[nickname.cpp:224]: Nickname #456 name = the Panther Head
[nickname.cpp:224]: Nickname #457 name = the Fiery Thunderbolt
[nickname.cpp:224]: Nickname #458 name = the Little Whirlwind
[nickname.cpp:224]: Nickname #459 name = of the Beautiful Beard
[nickname.cpp:224]: Nickname #460 name = the Flowery Monk
[nickname.cpp:224]: Nickname #461 name = the Black Whirlwind
[nickname.cpp:224]: Nickname #462 name = the Unrestrained
[nickname.cpp:224]: Nickname #463 name = the Winged Tiger
[nickname.cpp:224]: Nickname #464 name = the River Dragon
[nickname.cpp:224]: Nickname #465 name = the Ferocious Giant
[nickname.cpp:224]: Nickname #466 name = the Wanderer
[nickname.cpp:224]: Nickname #467 name = Tiny
[nickname.cpp:224]: Nickname #468 name = the Roaring Flame
[nickname.cpp:224]: Nickname #469 name = the Shield of [nick_target_the_shield_of_capital.Capital.GetName]
[nickname.cpp:224]: Nickname #470 name = the Goliath
[nickname.cpp:224]: Nickname #471 name = Ladder-Legs
[nickname.cpp:224]: Nickname #472 name = the Peacock
[nickname.cpp:224]: Nickname #473 name = the Bellower
[eventmanager.cpp:184]: >=== NAMESPACE > 'HFP' is set to #1000000
[eventmanager.cpp:269]: Events loaded events/HFP_crusade_events.txt' #79
[casusbellitype.cpp:763]: CB Type #0 tag = null
[casusbellitype.cpp:763]: CB Type #1 tag = duchy_adventure
[casusbellitype.cpp:763]: CB Type #2 tag = kingdom_adventure
[casusbellitype.cpp:763]: CB Type #3 tag = manifest_destiny_invasion
[casusbellitype.cpp:763]: CB Type #4 tag = rivalry_cb
[casusbellitype.cpp:763]: CB Type #5 tag = hostages_cb
[casusbellitype.cpp:763]: CB Type #6 tag = offmap_submission
[casusbellitype.cpp:763]: CB Type #7 tag = tributary_offmap_cb
[casusbellitype.cpp:763]: CB Type #8 tag = dismantle_pretender_china_cb
[casusbellitype.cpp:763]: CB Type #9 tag = force_open_china_cb
[casusbellitype.cpp:763]: CB Type #10 tag = destabilization_china_cb
[casusbellitype.cpp:763]: CB Type #11 tag = invasion_of_china_cb
[casusbellitype.cpp:763]: CB Type #12 tag = excommunicated_ruler
[casusbellitype.cpp:763]: CB Type #13 tag = depose_antipope
[casusbellitype.cpp:763]: CB Type #14 tag = shepherds_crusade_invasion
[casusbellitype.cpp:763]: CB Type #15 tag = northern_crusade_war
[casusbellitype.cpp:763]: CB Type #16 tag = childrens_crusade
[casusbellitype.cpp:763]: CB Type #17 tag = pepin_religious
[casusbellitype.cpp:763]: CB Type #18 tag = depose_impious_pope
[casusbellitype.cpp:763]: CB Type #19 tag = claim
[casusbellitype.cpp:763]: CB Type #20 tag = claim_all
[casusbellitype.cpp:763]: CB Type #21 tag = claim_on_liege
[casusbellitype.cpp:763]: CB Type #22 tag = claim_on_liege_plot
[casusbellitype.cpp:763]: CB Type #23 tag = claim_on_vassal_plot
[casusbellitype.cpp:763]: CB Type #24 tag = other_claim
[casusbellitype.cpp:763]: CB Type #25 tag = other_claim_on_liege
[casusbellitype.cpp:763]: CB Type #26 tag = dejure_county_claim
[casusbellitype.cpp:763]: CB Type #27 tag = dejure_barony_claim
[casusbellitype.cpp:763]: CB Type #28 tag = dejure_duchy_claim
[casusbellitype.cpp:763]: CB Type #29 tag = other_dejure_barony_claim
[casusbellitype.cpp:763]: CB Type #30 tag = other_dejure_county_claim
[casusbellitype.cpp:763]: CB Type #31 tag = change_seniority_succession_law
[casusbellitype.cpp:763]: CB Type #32 tag = change_primogeniture_succession_law
[casusbellitype.cpp:763]: CB Type #33 tag = change_ultimogeniture_succession_law
[casusbellitype.cpp:763]: CB Type #34 tag = change_feudal_elective_succession_law
[casusbellitype.cpp:763]: CB Type #35 tag = change_gavelkind_succession_law
[casusbellitype.cpp:763]: CB Type #36 tag = lower_crown_authority_law
[casusbellitype.cpp:763]: CB Type #37 tag = lower_tribal_organization_law
[casusbellitype.cpp:763]: CB Type #38 tag = increase_council_power_war
[casusbellitype.cpp:763]: CB Type #39 tag = cb_faction_independence
[casusbellitype.cpp:763]: CB Type #40 tag = cb_install_antiking
[casusbellitype.cpp:763]: CB Type #41 tag = powerful_vassal_takeover_war
[casusbellitype.cpp:763]: CB Type #42 tag = buddhist_holy_war
[casusbellitype.cpp:763]: CB Type #43 tag = indian_subjugation
[casusbellitype.cpp:763]: CB Type #44 tag = muslim_county_conquest
[casusbellitype.cpp:763]: CB Type #45 tag = muslim_invasion
[casusbellitype.cpp:763]: CB Type #46 tag = cb_decadence_usurption
[casusbellitype.cpp:763]: CB Type #47 tag = caliphal_subjugation
[casusbellitype.cpp:763]: CB Type #48 tag = decadence_invasion
[casusbellitype.cpp:763]: CB Type #49 tag = shia_caliphate_rising
[casusbellitype.cpp:763]: CB Type #50 tag = cb_install_khan
[casusbellitype.cpp:763]: CB Type #51 tag = nomad_dispute
[casusbellitype.cpp:763]: CB Type #52 tag = cb_liberate_nomad_duchy
[casusbellitype.cpp:763]: CB Type #53 tag = cb_minor_clan_revolt
[casusbellitype.cpp:763]: CB Type #54 tag = nomad_subjugation
[casusbellitype.cpp:763]: CB Type #55 tag = nomad_invasion
[casusbellitype.cpp:763]: CB Type #56 tag = nomad_expansion
[casusbellitype.cpp:763]: CB Type #57 tag = nomad_humiliate_cb
[casusbellitype.cpp:763]: CB Type #58 tag = force_vassalization
[casusbellitype.cpp:763]: CB Type #59 tag = great_realm_conflict
[casusbellitype.cpp:763]: CB Type #60 tag = ducal_county_conquest
[casusbellitype.cpp:763]: CB Type #61 tag = unjust_conquest
[casusbellitype.cpp:763]: CB Type #62 tag = pagan_county_conquest
[casusbellitype.cpp:763]: CB Type #63 tag = pagan_subjugation
[casusbellitype.cpp:763]: CB Type #64 tag = viking_invasion
[casusbellitype.cpp:763]: CB Type #65 tag = tribal_invasion
[casusbellitype.cpp:763]: CB Type #66 tag = matriarchal_deposition_war
[casusbellitype.cpp:763]: CB Type #67 tag = patriarchal_deposition_war
[casusbellitype.cpp:763]: CB Type #68 tag = flower_war_cb
[casusbellitype.cpp:763]: CB Type #69 tag = truebelievers_bid_for_independence
[casusbellitype.cpp:763]: CB Type #70 tag = reconquista_aragon
[casusbellitype.cpp:763]: CB Type #71 tag = reconquista_balearic
[casusbellitype.cpp:763]: CB Type #72 tag = reconquista_beja
[casusbellitype.cpp:763]: CB Type #73 tag = reconquista_castille
[casusbellitype.cpp:763]: CB Type #74 tag = reconquista_cordoba
[casusbellitype.cpp:763]: CB Type #75 tag = reconquista_galicia
[casusbellitype.cpp:763]: CB Type #76 tag = reconquista_granada
[casusbellitype.cpp:763]: CB Type #77 tag = reconquista_leon
[casusbellitype.cpp:763]: CB Type #78 tag = reconquista_navarra
[casusbellitype.cpp:763]: CB Type #79 tag = reconquista_valencia
[casusbellitype.cpp:763]: CB Type #80 tag = crusade
[casusbellitype.cpp:763]: CB Type #81 tag = new_crusade
[casusbellitype.cpp:763]: CB Type #82 tag = religious
[casusbellitype.cpp:763]: CB Type #83 tag = liberate_religion
[casusbellitype.cpp:763]: CB Type #84 tag = coastal_republic
[casusbellitype.cpp:763]: CB Type #85 tag = coastal_county_republic
[casusbellitype.cpp:763]: CB Type #86 tag = embargo_cb
[casusbellitype.cpp:763]: CB Type #87 tag = seize_trade_post
[casusbellitype.cpp:763]: CB Type #88 tag = peasant_revolt
[casusbellitype.cpp:763]: CB Type #89 tag = heretic_revolt
[casusbellitype.cpp:763]: CB Type #90 tag = religious_revolt
[casusbellitype.cpp:763]: CB Type #91 tag = liberation_revolt
[casusbellitype.cpp:763]: CB Type #92 tag = shattered_world_county_conquest
[casusbellitype.cpp:763]: CB Type #93 tag = shattered_invasion
[casusbellitype.cpp:763]: CB Type #94 tag = invasion
[casusbellitype.cpp:763]: CB Type #95 tag = imperial_reconquest
[casusbellitype.cpp:763]: CB Type #96 tag = roman_christian_revolt
[casusbellitype.cpp:763]: CB Type #97 tag = abrahamic_antihellenic_revolt
[casusbellitype.cpp:763]: CB Type #98 tag = thankmars_rebellion
[casusbellitype.cpp:763]: CB Type #99 tag = tributary_cb
[casusbellitype.cpp:763]: CB Type #100 tag = free_tributary_cb
[casusbellitype.cpp:763]: CB Type #101 tag = tributary_permanent_cb
[casusbellitype.cpp:763]: CB Type #102 tag = tributary_nomad_cb
[casusbellitype.cpp:763]: CB Type #103 tag = bid_for_independence
[casusbellitype.cpp:763]: CB Type #104 tag = depose_liege
[casusbellitype.cpp:763]: CB Type #105 tag = overthrow_ruler
[casusbellitype.cpp:763]: CB Type #106 tag = overthrow_ruler_no_calls
[eventmanager.cpp:269]: Events loaded events/HFP_crusade_flavour.txt' #38
[eventmanager.cpp:269]: Events loaded events/HFP_eldership_events.txt' #25
[eventmanager.cpp:269]: Events loaded events/HFP_health_events.txt' #97
[eventmanager.cpp:269]: Events loaded events/HFP_holy_order_events.txt' #9
[building.cpp:776]: Building #0 tag = nobuilding name = nobuilding
[building.cpp:776]: Building #1 tag = ca_wall_q_1 name = Castle Fortifications
[building.cpp:776]: Building #2 tag = ca_wall_q_2 name = Castle Fortifications
[building.cpp:776]: Building #3 tag = ca_wall_q_3 name = Castle Fortifications
[building.cpp:776]: Building #4 tag = ca_wall_q_4 name = Castle Fortifications
[building.cpp:776]: Building #5 tag = ca_wall_q_5 name = Castle Fortifications
[building.cpp:776]: Building #6 tag = ca_wall_1 name = Castle Walls
[building.cpp:776]: Building #7 tag = ca_wall_2 name = Castle Walls
[building.cpp:776]: Building #8 tag = ca_wall_3 name = Castle Walls
[building.cpp:776]: Building #9 tag = ca_wall_4 name = Castle Walls
[building.cpp:776]: Building #10 tag = ca_wall_5 name = Castle Walls
[building.cpp:776]: Building #11 tag = ca_con_wall_6 name = Theodosian Walls
[building.cpp:776]: Building #12 tag = ca_keep_1 name = Keep
[building.cpp:776]: Building #13 tag = ca_keep_2 name = Keep
[building.cpp:776]: Building #14 tag = ca_keep_3 name = Keep
[building.cpp:776]: Building #15 tag = ca_keep_4 name = Keep
[building.cpp:776]: Building #16 tag = ca_keep_5 name = Keep
[building.cpp:776]: Building #17 tag = ca_keep_6 name = Keep
[building.cpp:776]: Building #18 tag = ca_militia_barracks_1 name = Militia Training Ground
[building.cpp:776]: Building #19 tag = ca_militia_barracks_2 name = Militia Training Ground
[building.cpp:776]: Building #20 tag = ca_militia_barracks_3 name = Militia Training Ground
[building.cpp:776]: Building #21 tag = ca_militia_barracks_4 name = Militia Training Ground
[building.cpp:776]: Building #22 tag = ca_training_grounds_1 name = Training Grounds
[building.cpp:776]: Building #23 tag = ca_training_grounds_2 name = Training Grounds
[building.cpp:776]: Building #24 tag = ca_training_grounds_3 name = Training Grounds
[building.cpp:776]: Building #25 tag = ca_barracks_1 name = Barracks
[building.cpp:776]: Building #26 tag = ca_barracks_2 name = Barracks
[building.cpp:776]: Building #27 tag = ca_barracks_3 name = Barracks
[building.cpp:776]: Building #28 tag = ca_barracks_4 name = Barracks
[building.cpp:776]: Building #29 tag = ca_barracks_5 name = Barracks
[building.cpp:776]: Building #30 tag = ca_barracks_6 name = Barracks
[building.cpp:776]: Building #31 tag = ca_stable_1 name = Stables
[building.cpp:776]: Building #32 tag = ca_stable_2 name = Stables
[building.cpp:776]: Building #33 tag = ca_stable_3 name = Stables
[building.cpp:776]: Building #34 tag = ca_stable_4 name = Stables
[building.cpp:776]: Building #35 tag = ca_stable_5 name = Stables
[building.cpp:776]: Building #36 tag = ca_stable_6 name = Stables
[building.cpp:776]: Building #37 tag = ca_town_1 name = Castle Town
[building.cpp:776]: Building #38 tag = ca_town_2 name = Castle Town
[building.cpp:776]: Building #39 tag = ca_town_3 name = Castle Town
[building.cpp:776]: Building #40 tag = ca_town_4 name = Castle Town
[building.cpp:776]: Building #41 tag = ca_town_5 name = Castle Town
[building.cpp:776]: Building #42 tag = ca_town_6 name = Castle Town
[building.cpp:776]: Building #43 tag = ct_wall_q_1 name = City Fortifications
[building.cpp:776]: Building #44 tag = ct_wall_q_2 name = City Fortifications
[building.cpp:776]: Building #45 tag = ct_wall_q_3 name = City Fortifications
[building.cpp:776]: Building #46 tag = ct_wall_q_4 name = City Fortifications
[building.cpp:776]: Building #47 tag = ct_wall_q_5 name = City Fortifications
[building.cpp:776]: Building #48 tag = ct_wall_1 name = City Walls
[building.cpp:776]: Building #49 tag = ct_wall_2 name = City Walls
[building.cpp:776]: Building #50 tag = ct_wall_3 name = City Walls
[building.cpp:776]: Building #51 tag = ct_wall_4 name = City Walls
[building.cpp:776]: Building #52 tag = ct_wall_5 name = City Walls
[building.cpp:776]: Building #53 tag = ct_training_grounds_1 name = Militia Training Ground
[building.cpp:776]: Building #54 tag = ct_training_grounds_2 name = Militia Training Ground
[building.cpp:776]: Building #55 tag = ct_training_grounds_3 name = Militia Training Ground
[building.cpp:776]: Building #56 tag = ct_training_grounds_4 name = Militia Training Ground
[building.cpp:776]: Building #57 tag = ct_training_grounds_5 name = Militia Training Ground
[building.cpp:776]: Building #58 tag = ct_training_grounds_6 name = Militia Training Ground
[building.cpp:776]: Building #59 tag = ct_barracks_1 name = Mustering Grounds
[building.cpp:776]: Building #60 tag = ct_barracks_2 name = Mustering Grounds
[building.cpp:776]: Building #61 tag = ct_barracks_3 name = Mustering Grounds
[building.cpp:776]: Building #62 tag = ct_barracks_4 name = Mustering Grounds
[building.cpp:776]: Building #63 tag = ct_barracks_5 name = Mustering Grounds
[building.cpp:776]: Building #64 tag = ct_barracks_6 name = Mustering Grounds
[building.cpp:776]: Building #65 tag = ct_guard_1 name = City Guard
[building.cpp:776]: Building #66 tag = ct_guard_2 name = City Guard
[building.cpp:776]: Building #67 tag = ct_guard_3 name = City Guard
[building.cpp:776]: Building #68 tag = ct_guard_4 name = City Guard
[building.cpp:776]: Building #69 tag = ct_guard_5 name = City Guard
[building.cpp:776]: Building #70 tag = ct_marketplace_1 name = Town Market
[building.cpp:776]: Building #71 tag = ct_marketplace_2 name = City Guild Hall
[building.cpp:776]: Building #72 tag = ct_marketplace_3 name = Toll Booth
[building.cpp:776]: Building #73 tag = ct_marketplace_4 name = Court
[building.cpp:776]: Building #74 tag = ct_marketplace_5 name = Assay Office
[building.cpp:776]: Building #75 tag = ct_marketplace_6 name = Fair
[building.cpp:776]: Building #76 tag = ct_university_1 name = University
[building.cpp:776]: Building #77 tag = ct_university_2 name = University
[building.cpp:776]: Building #78 tag = ct_university_3 name = University
[building.cpp:776]: Building #79 tag = no_horse_breeder_1 name = Horse Breeder
[building.cpp:776]: Building #80 tag = no_horse_breeder_2 name = Horse Breeder
[building.cpp:776]: Building #81 tag = no_horse_breeder_3 name = Horse Breeder
[building.cpp:776]: Building #82 tag = no_horse_breeder_4 name = Horse Breeder
[building.cpp:776]: Building #83 tag = no_horse_breeder_5 name = Horse Breeder
[building.cpp:776]: Building #84 tag = no_horse_breeder_6 name = Horse Breeder
[building.cpp:776]: Building #85 tag = no_horse_breeder_7 name = Horse Breeder
[building.cpp:776]: Building #86 tag = no_horse_breeder_8 name = Horse Breeder
[building.cpp:776]: Building #87 tag = no_riding_contests_1 name = Riding Contests
[building.cpp:776]: Building #88 tag = no_riding_contests_2 name = Riding Contests
[building.cpp:776]: Building #89 tag = no_riding_contests_3 name = Riding Contests
[building.cpp:776]: Building #90 tag = no_riding_contests_4 name = Riding Contests
[building.cpp:776]: Building #91 tag = no_riding_contests_5 name = Riding Contests
[building.cpp:776]: Building #92 tag = no_riding_contests_6 name = Riding Contests
[building.cpp:776]: Building #93 tag = no_riding_contests_7 name = Riding Contests
[building.cpp:776]: Building #94 tag = no_riding_contests_8 name = Riding Contests
[building.cpp:776]: Building #95 tag = no_airag_producer_1 name = Airag Producer
[building.cpp:776]: Building #96 tag = no_airag_producer_2 name = Airag Producer
[building.cpp:776]: Building #97 tag = no_airag_producer_3 name = Airag Producer
[building.cpp:776]: Building #98 tag = no_airag_producer_4 name = Airag Producer
[building.cpp:776]: Building #99 tag = no_airag_producer_5 name = Airag Producer
[building.cpp:776]: Building #100 tag = no_airag_producer_6 name = Airag Producer
[building.cpp:776]: Building #101 tag = no_airag_producer_7 name = Airag Producer
[building.cpp:776]: Building #102 tag = no_airag_producer_8 name = Airag Producer
[building.cpp:776]: Building #103 tag = no_cattle_pens_1 name = Cattle Pens
[building.cpp:776]: Building #104 tag = no_cattle_pens_2 name = Cattle Pens
[building.cpp:776]: Building #105 tag = no_cattle_pens_3 name = Cattle Pens
[building.cpp:776]: Building #106 tag = no_cattle_pens_4 name = Cattle Pens
[building.cpp:776]: Building #107 tag = no_cattle_pens_5 name = Cattle Pens
[building.cpp:776]: Building #108 tag = no_cattle_pens_6 name = Cattle Pens
[building.cpp:776]: Building #109 tag = no_cattle_pens_7 name = Cattle Pens
[building.cpp:776]: Building #110 tag = no_cattle_pens_8 name = Cattle Pens
[building.cpp:776]: Building #111 tag = no_ox_wagon_1 name = Ox & Wagon
[building.cpp:776]: Building #112 tag = no_ox_wagon_2 name = Ox & Wagon
[building.cpp:776]: Building #113 tag = no_ox_wagon_3 name = Ox & Wagon
[building.cpp:776]: Building #114 tag = no_ox_wagon_4 name = Ox & Wagon
[building.cpp:776]: Building #115 tag = no_ox_wagon_5 name = Ox & Wagon
[building.cpp:776]: Building #116 tag = no_ox_wagon_6 name = Ox & Wagon
[building.cpp:776]: Building #117 tag = no_ox_wagon_7 name = Ox & Wagon
[building.cpp:776]: Building #118 tag = no_ox_wagon_8 name = Ox & Wagon
[building.cpp:776]: Building #119 tag = no_meat_preserver_1 name = Meat Preserver
[building.cpp:776]: Building #120 tag = no_meat_preserver_2 name = Meat Preserver
[building.cpp:776]: Building #121 tag = no_meat_preserver_3 name = Meat Preserver
[building.cpp:776]: Building #122 tag = no_meat_preserver_4 name = Meat Preserver
[building.cpp:776]: Building #123 tag = no_meat_preserver_5 name = Meat Preserver
[building.cpp:776]: Building #124 tag = no_meat_preserver_6 name = Meat Preserver
[building.cpp:776]: Building #125 tag = no_meat_preserver_7 name = Meat Preserver
[building.cpp:776]: Building #126 tag = no_meat_preserver_8 name = Meat Preserver
[building.cpp:776]: Building #127 tag = no_sheep_1 name = Sheep
[building.cpp:776]: Building #128 tag = no_sheep_2 name = Sheep
[building.cpp:776]: Building #129 tag = no_sheep_3 name = Sheep
[building.cpp:776]: Building #130 tag = no_sheep_4 name = Sheep
[building.cpp:776]: Building #131 tag = no_sheep_5 name = Sheep
[building.cpp:776]: Building #132 tag = no_sheep_6 name = Sheep
[building.cpp:776]: Building #133 tag = no_sheep_7 name = Sheep
[building.cpp:776]: Building #134 tag = no_sheep_8 name = Sheep
[building.cpp:776]: Building #135 tag = no_felt_crafter_1 name = Felt Crafter
[building.cpp:776]: Building #136 tag = no_felt_crafter_2 name = Felt Crafter
[building.cpp:776]: Building #137 tag = no_felt_crafter_3 name = Felt Crafter
[building.cpp:776]: Building #138 tag = no_felt_crafter_4 name = Felt Crafter
[building.cpp:776]: Building #139 tag = no_felt_crafter_5 name = Felt Crafter
[building.cpp:776]: Building #140 tag = no_felt_crafter_6 name = Felt Crafter
[building.cpp:776]: Building #141 tag = no_felt_crafter_7 name = Felt Crafter
[building.cpp:776]: Building #142 tag = no_felt_crafter_8 name = Felt Crafter
[building.cpp:776]: Building #143 tag = no_ger_crafter_1 name = Ger Crafter
[building.cpp:776]: Building #144 tag = no_ger_crafter_2 name = Ger Crafter
[building.cpp:776]: Building #145 tag = no_ger_crafter_3 name = Ger Crafter
[building.cpp:776]: Building #146 tag = no_ger_crafter_4 name = Ger Crafter
[building.cpp:776]: Building #147 tag = no_ger_crafter_5 name = Ger Crafter
[building.cpp:776]: Building #148 tag = no_ger_crafter_6 name = Ger Crafter
[building.cpp:776]: Building #149 tag = no_ger_crafter_7 name = Ger Crafter
[building.cpp:776]: Building #150 tag = no_ger_crafter_8 name = Ger Crafter
[building.cpp:776]: Building #151 tag = no_wrestling_1 name = Wrestling
[building.cpp:776]: Building #152 tag = no_wrestling_2 name = Wrestling
[building.cpp:776]: Building #153 tag = no_wrestling_3 name = Wrestling
[building.cpp:776]: Building #154 tag = no_wrestling_4 name = Wrestling
[building.cpp:776]: Building #155 tag = no_wrestling_5 name = Wrestling
[building.cpp:776]: Building #156 tag = no_wrestling_6 name = Wrestling
[building.cpp:776]: Building #157 tag = no_wrestling_7 name = Wrestling
[building.cpp:776]: Building #158 tag = no_wrestling_8 name = Wrestling
[building.cpp:776]: Building #159 tag = no_shrine_1 name = Shrine
[building.cpp:776]: Building #160 tag = no_shrine_2 name = Shrine
[building.cpp:776]: Building #161 tag = no_shrine_3 name = Shrine
[building.cpp:776]: Building #162 tag = no_shrine_4 name = Shrine
[building.cpp:776]: Building #163 tag = no_shrine_5 name = Shrine
[building.cpp:776]: Building #164 tag = no_shrine_6 name = Shrine
[building.cpp:776]: Building #165 tag = no_shrine_7 name = Shrine
[building.cpp:776]: Building #166 tag = no_shrine_8 name = Shrine
[building.cpp:776]: Building #167 tag = no_hunting_parties_1 name = Hunting Parties
[building.cpp:776]: Building #168 tag = no_hunting_parties_2 name = Hunting Parties
[building.cpp:776]: Building #169 tag = no_hunting_parties_3 name = Hunting Parties
[building.cpp:776]: Building #170 tag = no_hunting_parties_4 name = Hunting Parties
[building.cpp:776]: Building #171 tag = no_hunting_parties_5 name = Hunting Parties
[building.cpp:776]: Building #172 tag = no_hunting_parties_6 name = Hunting Parties
[building.cpp:776]: Building #173 tag = no_hunting_parties_7 name = Hunting Parties
[building.cpp:776]: Building #174 tag = no_hunting_parties_8 name = Hunting Parties
[building.cpp:776]: Building #175 tag = no_yam_1 name = Yam
[building.cpp:776]: Building #176 tag = no_yam_2 name = Yam
[building.cpp:776]: Building #177 tag = no_yam_3 name = Yam
[building.cpp:776]: Building #178 tag = no_yam_4 name = Yam
[building.cpp:776]: Building #179 tag = no_yam_5 name = Yam
[building.cpp:776]: Building #180 tag = no_yam_6 name = Yam
[building.cpp:776]: Building #181 tag = no_yam_7 name = Yam
[building.cpp:776]: Building #182 tag = no_yam_8 name = Yam
[building.cpp:776]: Building #183 tag = no_baghatur_council_1 name = Baghatur Council
[building.cpp:776]: Building #184 tag = no_baghatur_council_2 name = Baghatur Council
[building.cpp:776]: Building #185 tag = no_baghatur_council_3 name = Baghatur Council
[building.cpp:776]: Building #186 tag = no_baghatur_council_4 name = Baghatur Council
[building.cpp:776]: Building #187 tag = no_baghatur_council_5 name = Baghatur Council
[building.cpp:776]: Building #188 tag = no_baghatur_council_6 name = Baghatur Council
[building.cpp:776]: Building #189 tag = no_baghatur_council_7 name = Baghatur Council
[building.cpp:776]: Building #190 tag = no_baghatur_council_8 name = Baghatur Council
[building.cpp:776]: Building #191 tag = no_composite_bow_crafter_1 name = Composite Bow
[building.cpp:776]: Building #192 tag = no_composite_bow_crafter_2 name = Composite Bow
[building.cpp:776]: Building #193 tag = no_composite_bow_crafter_3 name = Composite Bow
[building.cpp:776]: Building #194 tag = no_composite_bow_crafter_4 name = Composite Bow
[building.cpp:776]: Building #195 tag = no_composite_bow_crafter_5 name = Composite Bow
[building.cpp:776]: Building #196 tag = no_composite_bow_crafter_6 name = Composite Bow
[building.cpp:776]: Building #197 tag = no_composite_bow_crafter_7 name = Composite Bow
[building.cpp:776]: Building #198 tag = no_composite_bow_crafter_8 name = Composite Bow
[building.cpp:776]: Building #199 tag = no_lamellar_armor_crafter_1 name = Lamellar Armor Crafter
[building.cpp:776]: Building #200 tag = no_lamellar_armor_crafter_2 name = Lamellar Armor Crafter
[building.cpp:776]: Building #201 tag = no_lamellar_armor_crafter_3 name = Lamellar Armor Crafter
[building.cpp:776]: Building #202 tag = no_lamellar_armor_crafter_4 name = Lamellar Armor Crafter
[building.cpp:776]: Building #203 tag = no_lamellar_armor_crafter_5 name = Lamellar Armor Crafter
[building.cpp:776]: Building #204 tag = no_lamellar_armor_crafter_6 name = Lamellar Armor Crafter
[building.cpp:776]: Building #205 tag = no_lamellar_armor_crafter_7 name = Lamellar Armor Crafter
[building.cpp:776]: Building #206 tag = no_lamellar_armor_crafter_8 name = Lamellar Armor Crafter
[building.cpp:776]: Building #207 tag = no_minority_shrine_1 name = Minority Shrines
[building.cpp:776]: Building #208 tag = no_minority_shrine_2 name = Minority Shrines
[building.cpp:776]: Building #209 tag = no_minority_shrine_3 name = Minority Shrines
[building.cpp:776]: Building #210 tag = no_minority_shrine_4 name = Minority Shrines
[building.cpp:776]: Building #211 tag = no_minority_shrine_5 name = Minority Shrines
[building.cpp:776]: Building #212 tag = no_minority_shrine_6 name = Minority Shrines
[building.cpp:776]: Building #213 tag = no_minority_shrine_7 name = Minority Shrines
[building.cpp:776]: Building #214 tag = no_minority_shrine_8 name = Minority Shrines
[building.cpp:776]: Building #215 tag = no_gathering_hall_1 name = Clan Gathering Hall
[building.cpp:776]: Building #216 tag = no_gathering_hall_2 name = Clan Gathering Hall
[building.cpp:776]: Building #217 tag = no_gathering_hall_3 name = Clan Gathering Hall
[building.cpp:776]: Building #218 tag = no_gathering_hall_4 name = Clan Gathering Hall
[building.cpp:776]: Building #219 tag = no_gathering_hall_5 name = Clan Gathering Hall
[building.cpp:776]: Building #220 tag = no_gathering_hall_6 name = Clan Gathering Hall
[building.cpp:776]: Building #221 tag = no_gathering_hall_7 name = Clan Gathering Hall
[building.cpp:776]: Building #222 tag = no_gathering_hall_8 name = Clan Gathering Hall
[building.cpp:776]: Building #223 tag = no_minter_1 name = Minter
[building.cpp:776]: Building #224 tag = no_minter_2 name = Minter
[building.cpp:776]: Building #225 tag = no_minter_3 name = Minter
[building.cpp:776]: Building #226 tag = no_minter_4 name = Minter
[building.cpp:776]: Building #227 tag = no_minter_5 name = Minter
[building.cpp:776]: Building #228 tag = no_minter_6 name = Minter
[building.cpp:776]: Building #229 tag = no_minter_7 name = Minter
[building.cpp:776]: Building #230 tag = no_minter_8 name = Minter
[building.cpp:776]: Building #231 tag = no_camp_fortifications_1 name = Camp Fortifications
[building.cpp:776]: Building #232 tag = no_camp_fortifications_2 name = Camp Fortifications
[building.cpp:776]: Building #233 tag = no_camp_fortifications_3 name = Camp Fortifications
[building.cpp:776]: Building #234 tag = no_camp_fortifications_4 name = Camp Fortifications
[building.cpp:776]: Building #235 tag = no_camp_fortifications_5 name = Camp Fortifications
[building.cpp:776]: Building #236 tag = no_camp_fortifications_6 name = Camp Fortifications
[building.cpp:776]: Building #237 tag = no_camp_fortifications_7 name = Camp Fortifications
[building.cpp:776]: Building #238 tag = no_camp_fortifications_8 name = Camp Fortifications
[building.cpp:776]: Building #239 tag = tp_wall_q_1 name = [Root.Holder.GetHouseOfWorshipCap] Fortifications
[building.cpp:776]: Building #240 tag = tp_wall_q_2 name = [Root.Holder.GetHouseOfWorshipCap] Fortifications
[building.cpp:776]: Building #241 tag = tp_wall_q_3 name = [Root.Holder.GetHouseOfWorshipCap] Fortifications
[building.cpp:776]: Building #242 tag = tp_wall_q_4 name = [Root.Holder.GetHouseOfWorshipCap] Fortifications
[building.cpp:776]: Building #243 tag = tp_wall_q_5 name = [Root.Holder.GetHouseOfWorshipCap] Fortifications
[building.cpp:776]: Building #244 tag = tp_wall_1 name = [Root.Holder.GetHouseOfWorshipCap] Walls
[building.cpp:776]: Building #245 tag = tp_wall_2 name = [Root.Holder.GetHouseOfWorshipCap] Walls
[building.cpp:776]: Building #246 tag = tp_wall_3 name = [Root.Holder.GetHouseOfWorshipCap] Walls
[building.cpp:776]: Building #247 tag = tp_wall_4 name = [Root.Holder.GetHouseOfWorshipCap] Walls
[building.cpp:776]: Building #248 tag = tp_wall_5 name = [Root.Holder.GetHouseOfWorshipCap] Walls
[building.cpp:776]: Building #249 tag = tp_monastery_1 name = [Root.Holder.GetHouseOfWorshipCap]
[building.cpp:776]: Building #250 tag = tp_monastery_2 name = [Root.Holder.GetHouseOfWorshipCap]
[building.cpp:776]: Building #251 tag = tp_monastery_3 name = [Root.Holder.GetHouseOfWorshipCap]
[building.cpp:776]: Building #252 tag = tp_monastery_4 name = Cathedral
[building.cpp:776]: Building #253 tag = tp_monastery_5 name = Cathedral
[building.cpp:776]: Building #254 tag = tp_monastery_6 name = Cathedral
[building.cpp:776]: Building #255 tag = tp_barracks_1 name = Militia Quarters
[building.cpp:776]: Building #256 tag = tp_barracks_2 name = Militia Quarters
[building.cpp:776]: Building #257 tag = tp_barracks_3 name = Militia Quarters
[building.cpp:776]: Building #258 tag = tp_barracks_4 name = Militia Quarters
[building.cpp:776]: Building #259 tag = tp_barracks_5 name = Militia Quarters
[building.cpp:776]: Building #260 tag = tp_barracks_6 name = Militia Quarters
[building.cpp:776]: Building #261 tag = tp_elite_barracks_1 name = Barracks
[building.cpp:776]: Building #262 tag = tp_elite_barracks_2 name = Barracks
[building.cpp:776]: Building #263 tag = tp_elite_barracks_3 name = Barracks
[building.cpp:776]: Building #264 tag = tp_elite_barracks_4 name = Barracks
[building.cpp:776]: Building #265 tag = tp_elite_barracks_5 name = Barracks
[building.cpp:776]: Building #266 tag = tp_elite_barracks_6 name = Barracks
[building.cpp:776]: Building #267 tag = tp_town_1 name = [Root.Holder.GetHouseOfWorshipCap] Town
[building.cpp:776]: Building #268 tag = tp_town_2 name = [Root.Holder.GetHouseOfWorshipCap] Town
[building.cpp:776]: Building #269 tag = tp_town_3 name = [Root.Holder.GetHouseOfWorshipCap] Town
[building.cpp:776]: Building #270 tag = tp_town_4 name = [Root.Holder.GetHouseOfWorshipCap] Town
[building.cpp:776]: Building #271 tag = tp_town_5 name = [Root.Holder.GetHouseOfWorshipCap] Town
[building.cpp:776]: Building #272 tag = tp_town_6 name = [Root.Holder.GetHouseOfWorshipCap] Town
[building.cpp:776]: Building #273 tag = tp_school_1 name = Monastic School
[building.cpp:776]: Building #274 tag = tp_school_2 name = Cathedral School
[building.cpp:776]: Building #275 tag = tp_shrine_zeus name = Shrine to [GetZeusJupiterName]
[building.cpp:776]: Building #276 tag = tp_shrine_poseidon name = Shrine to [GetPoseidonNeptuneName]
[building.cpp:776]: Building #277 tag = tp_shrine_hades name = Shrine to [GetHadesPlutoName]
[building.cpp:776]: Building #278 tag = tp_shrine_hermes name = Shrine to [GetHermesMercuryName]
[building.cpp:776]: Building #279 tag = tp_shrine_demeter name = Shrine to [GetDemetraCeresName]
[building.cpp:776]: Building #280 tag = tp_shrine_athena name = Shrine to [GetAthenaMinervaName]
[building.cpp:776]: Building #281 tag = tp_shrine_apollo name = Shrine to Apollo
[building.cpp:776]: Building #282 tag = tp_shrine_arthemis name = Shrine to [GetArtemisDianaName]
[building.cpp:776]: Building #283 tag = tp_shrine_ares name = Shrine to [GetAresMarsName]
[building.cpp:776]: Building #284 tag = tp_shrine_aphrodite name = Shrine to [GetAphroditeVenusName]
[building.cpp:776]: Building #285 tag = tp_shrine_ephaestus name = Shrine to [GetHephaestusVulcanName]
[building.cpp:776]: Building #286 tag = tp_shrine_hestia name = Shrine to [GetHestiaVestaName]
[building.cpp:776]: Building #287 tag = tp_saint_shrine name = Local Saint Shrine
[building.cpp:776]: Building #288 tag = tb_hillfort_1 name = Earth Hillfort
[building.cpp:776]: Building #289 tag = tb_hillfort_2 name = Wooden Hillfort
[building.cpp:776]: Building #290 tag = tb_hillfort_3 name = Reinforced Hillfort
[building.cpp:776]: Building #291 tag = tb_hillfort_4 name = Stone Hillfort
[building.cpp:776]: Building #292 tag = tb_market_town_1 name = Market Village
[building.cpp:776]: Building #293 tag = tb_market_town_2 name = Market Town
[building.cpp:776]: Building #294 tag = tb_market_town_3 name = Market City
[building.cpp:776]: Building #295 tag = tb_market_town_4 name = Large Market City
[building.cpp:776]: Building #296 tag = tb_defensive_fortifications_1 name = Wall and Ditch
[building.cpp:776]: Building #297 tag = tb_defensive_fortifications_2 name = Camouflaged Outposts
[building.cpp:776]: Building #298 tag = tb_defensive_fortifications_3 name = Layered Palisades
[building.cpp:776]: Building #299 tag = tb_defensive_fortifications_4 name = Stone Watchtowers
[building.cpp:776]: Building #300 tag = tb_training_grounds_1 name = Training Grounds
[building.cpp:776]: Building #301 tag = tb_training_grounds_2 name = Training Grounds
[building.cpp:776]: Building #302 tag = tb_training_grounds_3 name = Training Grounds
[building.cpp:776]: Building #303 tag = tb_training_grounds_4 name = Training Grounds
[building.cpp:776]: Building #304 tag = tb_war_camp_1 name = War Camp
[building.cpp:776]: Building #305 tag = tb_war_camp_2 name = War Camp
[building.cpp:776]: Building #306 tag = tb_war_camp_3 name = War Camp
[building.cpp:776]: Building #307 tag = tb_war_camp_4 name = War Camp
[building.cpp:776]: Building #308 tag = tb_practice_range_1 name = Practice Range
[building.cpp:776]: Building #309 tag = tb_practice_range_2 name = Practice Range
[building.cpp:776]: Building #310 tag = tb_practice_range_3 name = Practice Range
[building.cpp:776]: Building #311 tag = tb_practice_range_4 name = Practice Range
[building.cpp:776]: Building #312 tag = tb_arsenal_1 name = Weaponsmith
[building.cpp:776]: Building #313 tag = tb_arsenal_2 name = Weaponsmith
[building.cpp:776]: Building #314 tag = tb_arsenal_3 name = Weaponsmith
[building.cpp:776]: Building #315 tag = tb_arsenal_4 name = Weaponsmith
[building.cpp:776]: Building #316 tag = fp_mansion_1 name = Mansion
[building.cpp:776]: Building #317 tag = fp_mansion_2 name = Great Mansion
[building.cpp:776]: Building #318 tag = fp_mansion_3 name = Palace
[building.cpp:776]: Building #319 tag = fp_mansion_4 name = Grand Palace
[building.cpp:776]: Building #320 tag = fp_barracks_1 name = Guard Barracks
[building.cpp:776]: Building #321 tag = fp_barracks_2 name = Swordsmith
[building.cpp:776]: Building #322 tag = fp_barracks_3 name = Armory
[building.cpp:776]: Building #323 tag = fp_stable_1 name = Small Stable
[building.cpp:776]: Building #324 tag = fp_stable_2 name = Riding Grounds
[building.cpp:776]: Building #325 tag = fp_stable_3 name = Horse Breeder
[building.cpp:776]: Building #326 tag = fp_bowyer_1 name = Bowyer
[building.cpp:776]: Building #327 tag = fp_bowyer_2 name = Target Range
[building.cpp:776]: Building #328 tag = fp_bowyer_3 name = Crossbow Workshop
[building.cpp:776]: Building #329 tag = fp_shipyard_1 name = Map Room
[building.cpp:776]: Building #330 tag = fp_shipyard_2 name = Private Shipyard
[building.cpp:776]: Building #331 tag = fp_shipyard_3 name = Naval Arsenal
[building.cpp:776]: Building #332 tag = fp_warehouse_1 name = Military Warehouse
[building.cpp:776]: Building #333 tag = fp_warehouse_2 name = Palace Archive
[building.cpp:776]: Building #334 tag = fp_warehouse_3 name = Administrative Office
[building.cpp:776]: Building #335 tag = fp_garden_1 name = Palace Garden
[building.cpp:776]: Building #336 tag = fp_garden_2 name = Scenic Pond
[building.cpp:776]: Building #337 tag = fp_garden_3 name = Hedge Maze
[building.cpp:776]: Building #338 tag = fp_cellar_1 name = Wine Cellar
[building.cpp:776]: Building #339 tag = fp_cellar_2 name = Catacombs
[building.cpp:776]: Building #340 tag = fp_cellar_3 name = Dungeon Complex
[building.cpp:776]: Building #341 tag = fp_shrine_1 name = Secluded Shrine
[building.cpp:776]: Building #342 tag = fp_shrine_2 name = Private Art Collection
[building.cpp:776]: Building #343 tag = fp_shrine_3 name = Grand Library
[building.cpp:776]: Building #344 tag = fp_vault_1 name = Fortified Vault
[building.cpp:776]: Building #345 tag = fp_vault_2 name = Secret Passages
[building.cpp:776]: Building #346 tag = fp_vault_3 name = Hidden Chamber
[building.cpp:776]: Building #347 tag = hospital_building_1 name = Sick House
[building.cpp:776]: Building #348 tag = hospital_building_2 name = Expanded Sick House
[building.cpp:776]: Building #349 tag = hospital_building_3 name = Separated Wards
[building.cpp:776]: Building #350 tag = hospital_building_4 name = Extended Wards
[building.cpp:776]: Building #351 tag = hospital_building_5 name = Extensive Hospital Complex
[building.cpp:776]: Building #352 tag = leper_colony_1 name = Leper Colony
[building.cpp:776]: Building #353 tag = soup_kitchen_1 name = Soup Kitchen
[building.cpp:776]: Building #354 tag = chapel_1 name = Chapel
[building.cpp:776]: Building #355 tag = translation_house_1 name = Translation House
[building.cpp:776]: Building #356 tag = pilgrims_inn_1 name = Pilgrim's Inn
[building.cpp:776]: Building #357 tag = library_1 name = Library
[building.cpp:776]: Building #358 tag = pharmacology_laboratory_1 name = Pharmacology Laboratory
[building.cpp:776]: Building #359 tag = medical_academy_1 name = Medical Academy
[building.cpp:776]: Building #360 tag = observatory_1 name = Observatory
[building.cpp:776]: Building #361 tag = tr_port_1 name = Merchant Port
[building.cpp:776]: Building #362 tag = tr_port_2 name = Merchant Port
[building.cpp:776]: Building #363 tag = tr_port_3 name = Merchant Port
[building.cpp:776]: Building #364 tag = tr_enclave_1 name = Merchant Enclave
[building.cpp:776]: Building #365 tag = tr_enclave_2 name = Merchant Enclave
[building.cpp:776]: Building #366 tag = tr_enclave_3 name = Merchant Enclave
[building.cpp:776]: Building #367 tag = tr_garrison_1 name = Garrison
[building.cpp:776]: Building #368 tag = tr_garrison_2 name = Garrison
[building.cpp:776]: Building #369 tag = tr_garrison_3 name = Garrison
[building.cpp:776]: Building #370 tag = tr_sahara_1 name = Saharan Trade Post
[building.cpp:776]: Building #371 tag = tr_sahara_2 name = Saharan Trade Market
[building.cpp:776]: Building #372 tag = tr_sahara_3 name = Saharan Trade City
[building.cpp:776]: Building #373 tag = tr_gold_mine_1 name = Gold Field
[building.cpp:776]: Building #374 tag = tr_gold_mine_2 name = Gold Mine
[building.cpp:776]: Building #375 tag = tr_gold_mine_3 name = Large Gold Mine
[building.cpp:776]: Building #376 tag = tr_salt_mine_1 name = Salt Mine
[building.cpp:776]: Building #377 tag = tr_cloth_production_1 name = Cloth Market
[building.cpp:776]: Building #378 tag = tr_silk_road_1 name = Silk Road Trade Post
[building.cpp:776]: Building #379 tag = tr_silk_road_2 name = Silk Road Market
[building.cpp:776]: Building #380 tag = tr_silk_road_3 name = Major Silk Road City
[building.cpp:776]: Building #381 tag = trade_offices_1 name = Rudimentary Trade Offices
[building.cpp:776]: Building #382 tag = trade_offices_2 name = Trade Offices
[building.cpp:776]: Building #383 tag = trade_offices_3 name = Grand Trade Offices
[building.cpp:776]: Building #384 tag = mercenary_garrison_1 name = Small Mercenary Garrison
[building.cpp:776]: Building #385 tag = mercenary_garrison_2 name = Medium Mercenary Garrison
[building.cpp:776]: Building #386 tag = mercenary_garrison_3 name = Large Mercenary Garrison
[building.cpp:776]: Building #387 tag = radhanite_quarter_1 name = Small Radhanite Compound
[building.cpp:776]: Building #388 tag = radhanite_quarter_2 name = Radhanite Compound
[building.cpp:776]: Building #389 tag = radhanite_quarter_3 name = Large Radhanite Compound
[building.cpp:776]: Building #390 tag = ca_shipyard_1 name = Castle Shipyard
[building.cpp:776]: Building #391 tag = ca_shipyard_2 name = Castle Shipyard
[building.cpp:776]: Building #392 tag = ca_shipyard_3 name = Castle Shipyard
[building.cpp:776]: Building #393 tag = ca_shipyard_4 name = Castle Shipyard
[building.cpp:776]: Building #394 tag = ct_port_1 name = Port
[building.cpp:776]: Building #395 tag = ct_port_2 name = Port
[building.cpp:776]: Building #396 tag = ct_port_3 name = Port
[building.cpp:776]: Building #397 tag = ct_port_4 name = Port
[building.cpp:776]: Building #398 tag = ct_port_5 name = Port
[building.cpp:776]: Building #399 tag = ct_shipyard_1 name = City Shipyard
[building.cpp:776]: Building #400 tag = ct_shipyard_2 name = City Shipyard
[building.cpp:776]: Building #401 tag = ct_shipyard_3 name = City Shipyard
[building.cpp:776]: Building #402 tag = ct_shipyard_4 name = City Shipyard
[building.cpp:776]: Building #403 tag = tp_shipyard_1 name = Temple Shipyard
[building.cpp:776]: Building #404 tag = tp_shipyard_2 name = Temple Shipyard
[building.cpp:776]: Building #405 tag = tp_shipyard_3 name = Temple Shipyard
[building.cpp:776]: Building #406 tag = tp_shipyard_4 name = Temple Shipyard
[building.cpp:776]: Building #407 tag = tb_shipyard_1 name = Shipbuilder
[building.cpp:776]: Building #408 tag = tb_shipyard_2 name = Shipbuilder
[building.cpp:776]: Building #409 tag = tb_shipyard_3 name = Shipbuilder
[building.cpp:776]: Building #410 tag = tb_shipyard_4 name = Shipbuilder
[building.cpp:776]: Building #411 tag = no_harbor_1 name = Harbor
[building.cpp:776]: Building #412 tag = no_harbor_2 name = Harbor
[building.cpp:776]: Building #413 tag = no_harbor_3 name = Harbor
[building.cpp:776]: Building #414 tag = no_harbor_4 name = Harbor
[building.cpp:776]: Building #415 tag = no_harbor_5 name = Harbor
[building.cpp:776]: Building #416 tag = no_harbor_6 name = Harbor
[building.cpp:776]: Building #417 tag = no_harbor_7 name = Harbor
[building.cpp:776]: Building #418 tag = no_harbor_8 name = Harbor
[building.cpp:776]: Building #419 tag = no_fishing_village_1 name = Fishing Village
[building.cpp:776]: Building #420 tag = no_fishing_village_2 name = Fishing Village
[building.cpp:776]: Building #421 tag = no_fishing_village_3 name = Fishing Village
[building.cpp:776]: Building #422 tag = no_fishing_village_4 name = Fishing Village
[building.cpp:776]: Building #423 tag = no_fishing_village_5 name = Fishing Village
[building.cpp:776]: Building #424 tag = no_fishing_village_6 name = Fishing Village
[building.cpp:776]: Building #425 tag = no_fishing_village_7 name = Fishing Village
[building.cpp:776]: Building #426 tag = no_fishing_village_8 name = Fishing Village
[building.cpp:776]: Building #427 tag = ca_desert_stable_1 name = Desert Cavalry
[building.cpp:776]: Building #428 tag = ca_desert_stable_2 name = Desert Cavalry
[building.cpp:776]: Building #429 tag = ca_desert_stable_3 name = Desert Cavalry
[building.cpp:776]: Building #430 tag = ca_desert_stable_4 name = Desert Cavalry
[building.cpp:776]: Building #431 tag = ca_desert_stable_5 name = Desert Cavalry
[building.cpp:776]: Building #432 tag = ca_desert_stable_6 name = Desert Cavalry
[building.cpp:776]: Building #433 tag = tb_desert_stable_1 name = Desert Riders
[building.cpp:776]: Building #434 tag = tb_desert_stable_2 name = Desert Riders
[building.cpp:776]: Building #435 tag = tb_desert_stable_3 name = Desert Riders
[building.cpp:776]: Building #436 tag = tb_desert_stable_4 name = Desert Riders
[building.cpp:776]: Building #437 tag = no_camel_breeder_1 name = Camel Breeder
[building.cpp:776]: Building #438 tag = no_camel_breeder_2 name = Camel Breeder
[building.cpp:776]: Building #439 tag = no_camel_breeder_3 name = Camel Breeder
[building.cpp:776]: Building #440 tag = no_camel_breeder_4 name = Camel Breeder
[building.cpp:776]: Building #441 tag = no_camel_breeder_5 name = Camel Breeder
[building.cpp:776]: Building #442 tag = no_camel_breeder_6 name = Camel Breeder
[building.cpp:776]: Building #443 tag = no_camel_breeder_7 name = Camel Breeder
[building.cpp:776]: Building #444 tag = no_camel_breeder_8 name = Camel Breeder
[building.cpp:776]: Building #445 tag = no_elephant_camp_1 name = Elephant Camp
[building.cpp:776]: Building #446 tag = no_elephant_camp_2 name = Elephant Camp
[building.cpp:776]: Building #447 tag = no_elephant_camp_3 name = Elephant Camp
[building.cpp:776]: Building #448 tag = no_elephant_camp_4 name = Elephant Camp
[building.cpp:776]: Building #449 tag = no_elephant_camp_5 name = Elephant Camp
[building.cpp:776]: Building #450 tag = no_elephant_camp_6 name = Elephant Camp
[building.cpp:776]: Building #451 tag = no_elephant_camp_7 name = Elephant Camp
[building.cpp:776]: Building #452 tag = no_elephant_camp_8 name = Elephant Camp
[building.cpp:776]: Building #453 tag = ca_steppe_barracks_1 name = Steppe Warrior Lodge
[building.cpp:776]: Building #454 tag = ca_steppe_barracks_2 name = Steppe Warrior Lodge
[building.cpp:776]: Building #455 tag = ca_steppe_barracks_3 name = Steppe Warrior Lodge
[building.cpp:776]: Building #456 tag = ca_steppe_barracks_4 name = Steppe Warrior Lodge
[building.cpp:776]: Building #457 tag = ca_steppe_barracks_5 name = Steppe Warrior Lodge
[building.cpp:776]: Building #458 tag = ca_steppe_barracks_6 name = Steppe Warrior Lodge
[building.cpp:776]: Building #459 tag = ca_steppe_stable_1 name = Steppe Riding Grounds
[building.cpp:776]: Building #460 tag = ca_steppe_stable_2 name = Steppe Riding Grounds
[building.cpp:776]: Building #461 tag = ca_steppe_stable_3 name = Steppe Riding Grounds
[building.cpp:776]: Building #462 tag = ca_steppe_stable_4 name = Steppe Riding Grounds
[building.cpp:776]: Building #463 tag = ca_steppe_stable_5 name = Steppe Riding Grounds
[building.cpp:776]: Building #464 tag = ca_steppe_stable_6 name = Steppe Riding Grounds
[building.cpp:776]: Building #465 tag = tb_steppe_barracks_1 name = Barracks
[building.cpp:776]: Building #466 tag = tb_steppe_barracks_2 name = Barracks
[building.cpp:776]: Building #467 tag = tb_steppe_barracks_3 name = Barracks
[building.cpp:776]: Building #468 tag = tb_steppe_barracks_4 name = Barracks
[building.cpp:776]: Building #469 tag = tb_steppe_stable_1 name = Stable
[building.cpp:776]: Building #470 tag = tb_steppe_stable_2 name = Stable
[building.cpp:776]: Building #471 tag = tb_steppe_stable_3 name = Stable
[building.cpp:776]: Building #472 tag = tb_steppe_stable_4 name = Stable
[building.cpp:776]: Building #473 tag = ca_culture_saxon_english_1 name = Longbow Range
[building.cpp:776]: Building #474 tag = ca_culture_saxon_english_2 name = Longbow Range
[building.cpp:776]: Building #475 tag = ca_culture_saxon_english_3 name = Longbow Range
[building.cpp:776]: Building #476 tag = ca_culture_saxon_english_4 name = Longbow Range
[building.cpp:776]: Building #477 tag = ca_culture_scottish_1 name = Schiltron Training Ground
[building.cpp:776]: Building #478 tag = ca_culture_scottish_2 name = Schiltron Training Ground
[building.cpp:776]: Building #479 tag = ca_culture_scottish_3 name = Schiltron Training Ground
[building.cpp:776]: Building #480 tag = ca_culture_scottish_4 name = Schiltron Training Ground
[building.cpp:776]: Building #481 tag = ca_culture_group_baltic_1 name = Warrior Gathering Ground
[building.cpp:776]: Building #482 tag = ca_culture_group_baltic_2 name = Warrior Gathering Ground
[building.cpp:776]: Building #483 tag = ca_culture_group_baltic_3 name = Warrior Gathering Ground
[building.cpp:776]: Building #484 tag = ca_culture_group_baltic_4 name = Warrior Gathering Ground
[building.cpp:776]: Building #485 tag = ca_culture_group_altaic_1 name = Riding Grounds
[building.cpp:776]: Building #486 tag = ca_culture_group_altaic_2 name = Riding Grounds
[building.cpp:776]: Building #487 tag = ca_culture_group_altaic_3 name = Riding Grounds
[building.cpp:776]: Building #488 tag = ca_culture_group_altaic_4 name = Riding Grounds
[building.cpp:776]: Building #489 tag = ca_culture_frank_norman_german_1 name = Jousting Lists
[building.cpp:776]: Building #490 tag = ca_culture_frank_norman_german_2 name = Jousting Lists
[building.cpp:776]: Building #491 tag = ca_culture_frank_norman_german_3 name = Jousting Lists
[building.cpp:776]: Building #492 tag = ca_culture_frank_norman_german_4 name = Jousting Lists
[building.cpp:776]: Building #493 tag = ca_culture_group_iberian_1 name = Caballero Training Ground
[building.cpp:776]: Building #494 tag = ca_culture_group_iberian_2 name = Caballero Training Ground
[building.cpp:776]: Building #495 tag = ca_culture_group_iberian_3 name = Caballero Training Ground
[building.cpp:776]: Building #496 tag = ca_culture_group_iberian_4 name = Caballero Training Ground
[building.cpp:776]: Building #497 tag = ca_culture_italian_1 name = Pike Training Ground
[building.cpp:776]: Building #498 tag = ca_culture_italian_2 name = Pike Training Ground
[building.cpp:776]: Building #499 tag = ca_culture_italian_3 name = Pike Training Ground
[building.cpp:776]: Building #500 tag = ca_culture_italian_4 name = Pike Training Ground
[building.cpp:776]: Building #501 tag = ca_culture_russian_1 name = Druzhina Training Ground
[building.cpp:776]: Building #502 tag = ca_culture_russian_2 name = Druzhina Training Ground
[building.cpp:776]: Building #503 tag = ca_culture_russian_3 name = Druzhina Training Ground
[building.cpp:776]: Building #504 tag = ca_culture_russian_4 name = Druzhina Training Ground
[building.cpp:776]: Building #505 tag = ca_culture_group_north_germanic_1 name = Housecarl Training Ground
[building.cpp:776]: Building #506 tag = ca_culture_group_north_germanic_2 name = Housecarl Training Ground
[building.cpp:776]: Building #507 tag = ca_culture_group_north_germanic_3 name = Housecarl Training Ground
[building.cpp:776]: Building #508 tag = ca_culture_group_north_germanic_4 name = Housecarl Training Ground
[building.cpp:776]: Building #509 tag = ca_culture_hungarian_1 name = Hussar Training Ground
[building.cpp:776]: Building #510 tag = ca_culture_hungarian_2 name = Hussar Training Ground
[building.cpp:776]: Building #511 tag = ca_culture_hungarian_3 name = Hussar Training Ground
[building.cpp:776]: Building #512 tag = ca_culture_hungarian_4 name = Hussar Training Ground
[building.cpp:776]: Building #513 tag = ca_culture_group_arabic_1 name = Camel Riding Ground
[building.cpp:776]: Building #514 tag = ca_culture_group_arabic_2 name = Camel Riding Ground
[building.cpp:776]: Building #515 tag = ca_culture_group_arabic_3 name = Camel Riding Ground
[building.cpp:776]: Building #516 tag = ca_culture_group_arabic_4 name = Camel Riding Ground
[building.cpp:776]: Building #517 tag = ca_culture_group_byzantine_1 name = Cataphract Training Ground
[building.cpp:776]: Building #518 tag = ca_culture_group_byzantine_2 name = Cataphract Training Ground
[building.cpp:776]: Building #519 tag = ca_culture_group_byzantine_3 name = Cataphract Training Ground
[building.cpp:776]: Building #520 tag = ca_culture_group_byzantine_4 name = Cataphract Training Ground
[building.cpp:776]: Building #521 tag = ca_culture_irish_1 name = Gallowglass Training Ground
[building.cpp:776]: Building #522 tag = ca_culture_irish_2 name = Gallowglass Training Ground
[building.cpp:776]: Building #523 tag = ca_culture_irish_3 name = Gallowglass Training Ground
[building.cpp:776]: Building #524 tag = ca_culture_irish_4 name = Gallowglass Training Ground
[building.cpp:776]: Building #525 tag = ca_culture_ethiopian_1 name = [ethiopian.GetName] Drilling Grounds
[building.cpp:776]: Building #526 tag = ca_culture_ethiopian_2 name = [ethiopian.GetName] Drilling Grounds
[building.cpp:776]: Building #527 tag = ca_culture_ethiopian_3 name = [ethiopian.GetName] Drilling Grounds
[building.cpp:776]: Building #528 tag = ca_culture_ethiopian_4 name = [ethiopian.GetName] Drilling Grounds
[building.cpp:776]: Building #529 tag = ca_culture_somali_1 name = [somali.GetName] Light Infantry Barracks
[building.cpp:776]: Building #530 tag = ca_culture_somali_2 name = [somali.GetName] Light Infantry Barracks
[building.cpp:776]: Building #531 tag = ca_culture_somali_3 name = [somali.GetName] Light Infantry Barracks
[building.cpp:776]: Building #532 tag = ca_culture_somali_4 name = [somali.GetName] Light Infantry Barracks
[building.cpp:776]: Building #533 tag = ca_culture_west_african_1 name = Free Warrior Lodge
[building.cpp:776]: Building #534 tag = ca_culture_west_african_2 name = Free Warrior Lodge
[building.cpp:776]: Building #535 tag = ca_culture_west_african_3 name = Free Warrior Lodge
[building.cpp:776]: Building #536 tag = ca_culture_west_african_4 name = Free Warrior Lodge
[building.cpp:776]: Building #537 tag = ca_culture_group_south_slavic_1 name = Gusar Training Ground
[building.cpp:776]: Building #538 tag = ca_culture_group_south_slavic_2 name = Gusar Training Ground
[building.cpp:776]: Building #539 tag = ca_culture_group_south_slavic_3 name = Gusar Training Ground
[building.cpp:776]: Building #540 tag = ca_culture_group_south_slavic_4 name = Gusar Training Ground
[building.cpp:776]: Building #541 tag = ca_culture_dutch_1 name = Goedendag Militia Quarters
[building.cpp:776]: Building #542 tag = ca_culture_dutch_2 name = Goedendag Militia Quarters
[building.cpp:776]: Building #543 tag = ca_culture_dutch_3 name = Goedendag Militia Quarters
[building.cpp:776]: Building #544 tag = ca_culture_dutch_4 name = Goedendag Militia Quarters
[building.cpp:776]: Building #545 tag = ca_culture_nahua_1 name = Jaguar Warrior Lodge
[building.cpp:776]: Building #546 tag = ca_culture_nahua_2 name = Jaguar Warrior Lodge
[building.cpp:776]: Building #547 tag = ca_culture_nahua_3 name = Jaguar Warrior Lodge
[building.cpp:776]: Building #548 tag = ca_culture_nahua_4 name = Jaguar Warrior Lodge
[building.cpp:776]: Building #549 tag = ca_culture_jewish_1 name = [israelite.GetGroupName] Heavy Infantry Barracks
[building.cpp:776]: Building #550 tag = ca_culture_jewish_2 name = [israelite.GetGroupName] Heavy Infantry Barracks
[building.cpp:776]: Building #551 tag = ca_culture_jewish_3 name = [israelite.GetGroupName] Heavy Infantry Barracks
[building.cpp:776]: Building #552 tag = ca_culture_jewish_4 name = [israelite.GetGroupName] Heavy Infantry Barracks
[building.cpp:776]: Building #553 tag = ca_culture_indian_1 name = War Elephant Pens
[building.cpp:776]: Building #554 tag = ca_culture_indian_2 name = War Elephant Pens
[building.cpp:776]: Building #555 tag = ca_culture_indian_3 name = War Elephant Pens
[building.cpp:776]: Building #556 tag = ca_culture_indian_4 name = War Elephant Pens
[building.cpp:776]: Building #557 tag = ca_culture_nubian_1 name = [nubian.GetName] Warrior Barracks
[building.cpp:776]: Building #558 tag = ca_culture_nubian_2 name = [nubian.GetName] Warrior Barracks
[building.cpp:776]: Building #559 tag = ca_culture_nubian_3 name = [nubian.GetName] Warrior Barracks
[building.cpp:776]: Building #560 tag = ca_culture_nubian_4 name = [nubian.GetName] Warrior Barracks
[building.cpp:776]: Building #561 tag = ca_culture_germanic_1 name = [GetGermanic] Infantry Barracks
[building.cpp:776]: Building #562 tag = ca_culture_germanic_2 name = [GetGermanic] Infantry Barracks
[building.cpp:776]: Building #563 tag = ca_culture_germanic_3 name = [GetGermanic] Infantry Barracks
[building.cpp:776]: Building #564 tag = ca_culture_germanic_4 name = [GetGermanic] Infantry Barracks
[building.cpp:776]: Building #565 tag = ca_culture_pictish_1 name = Hall of War
[building.cpp:776]: Building #566 tag = ca_culture_pictish_2 name = Hall of War
[building.cpp:776]: Building #567 tag = ca_culture_pictish_3 name = Hall of War
[building.cpp:776]: Building #568 tag = ca_culture_pictish_4 name = Hall of War
[building.cpp:776]: Building #569 tag = ca_culture_suebi_1 name = Free Warrior Camp
[building.cpp:776]: Building #570 tag = ca_culture_suebi_2 name = Free Warrior Camp
[building.cpp:776]: Building #571 tag = ca_culture_suebi_3 name = Free Warrior Camp
[building.cpp:776]: Building #572 tag = ca_culture_suebi_4 name = Free Warrior Camp
[building.cpp:776]: Building #573 tag = ca_culture_moors_1 name = [GetMoorish] Cavalry Barracks
[building.cpp:776]: Building #574 tag = ca_culture_moors_2 name = Moorish Cavalry Barracks
[building.cpp:776]: Building #575 tag = ca_culture_moors_3 name = Moorish Cavalry Barracks
[building.cpp:776]: Building #576 tag = ca_culture_moors_4 name = Moorish Cavalry Barracks
[building.cpp:776]: Building #577 tag = ca_culture_chinese_han_1 name = Crossbow Range
[building.cpp:776]: Building #578 tag = ca_culture_chinese_han_2 name = Crossbow Range
[building.cpp:776]: Building #579 tag = ca_culture_chinese_han_3 name = Crossbow Range
[building.cpp:776]: Building #580 tag = ca_culture_chinese_han_4 name = Crossbow Range
[building.cpp:776]: Building #581 tag = ca_culture_altaic_jurchen_1 name = [jurchen.GetName] Cavalry Barracks
[building.cpp:776]: Building #582 tag = ca_culture_altaic_jurchen_2 name = [jurchen.GetName] Cavalry Barracks
[building.cpp:776]: Building #583 tag = ca_culture_altaic_jurchen_3 name = [jurchen.GetName] Cavalry Barracks
[building.cpp:776]: Building #584 tag = ca_culture_altaic_jurchen_4 name = [jurchen.GetName] Cavalry Barracks
[building.cpp:776]: Building #585 tag = ca_culture_tibetan_1 name = Mountaineer Academy
[building.cpp:776]: Building #586 tag = ca_culture_tibetan_2 name = Mountaineer Academy
[building.cpp:776]: Building #587 tag = ca_culture_tibetan_3 name = Mountaineer Academy
[building.cpp:776]: Building #588 tag = ca_culture_tibetan_4 name = Mountaineer Academy
[building.cpp:776]: Building #589 tag = ca_culture_roman_1 name = Field of Mars
[building.cpp:776]: Building #590 tag = ca_culture_roman_2 name = Field of Mars
[building.cpp:776]: Building #591 tag = ca_culture_roman_3 name = Field of Mars
[building.cpp:776]: Building #592 tag = ca_culture_roman_4 name = Field of Mars
[building.cpp:776]: Building #593 tag = ca_culture_coptic_1 name = [coptic.GetName] Spearmen
[building.cpp:776]: Building #594 tag = ca_culture_coptic_2 name = [coptic.GetName] Spearmen
[building.cpp:776]: Building #595 tag = ca_culture_coptic_3 name = [coptic.GetName] Spearmen
[building.cpp:776]: Building #596 tag = ca_culture_coptic_4 name = [coptic.GetName] Spearmen
[building.cpp:776]: Building #597 tag = ca_culture_animal_1 name = Animal Farm
[building.cpp:776]: Building #598 tag = ca_culture_animal_2 name = Animal Farm
[building.cpp:776]: Building #599 tag = ca_culture_animal_3 name = Animal Farm
[building.cpp:776]: Building #600 tag = ca_culture_animal_4 name = Animal Farm
[building.cpp:776]: Building #601 tag = ca_culture_arberian_1 name = Stratiotet Stables
[building.cpp:776]: Building #602 tag = ca_culture_arberian_2 name = Stratiotet Stables
[building.cpp:776]: Building #603 tag = ca_culture_arberian_3 name = Stratiotet Stables
[building.cpp:776]: Building #604 tag = ca_culture_arberian_4 name = Stratiotet Stables
[building.cpp:776]: Building #605 tag = ca_culture_sardinian_1 name = [sardinian.GetName] Garrison
[building.cpp:776]: Building #606 tag = ca_culture_sardinian_2 name = [sardinian.GetName] Garrison
[building.cpp:776]: Building #607 tag = ca_culture_sardinian_3 name = [sardinian.GetName] Garrison
[building.cpp:776]: Building #608 tag = ca_culture_sardinian_4 name = [sardinian.GetName] Garrison
[building.cpp:776]: Building #609 tag = tb_culture_saxon_english_1 name = Longbow Range
[building.cpp:776]: Building #610 tag = tb_culture_saxon_english_2 name = Longbow Range
[building.cpp:776]: Building #611 tag = tb_culture_saxon_english_3 name = Longbow Range
[building.cpp:776]: Building #612 tag = tb_culture_saxon_english_4 name = Longbow Range
[building.cpp:776]: Building #613 tag = tb_culture_scottish_1 name = Schiltron Training Ground
[building.cpp:776]: Building #614 tag = tb_culture_scottish_2 name = Schiltron Training Ground
[building.cpp:776]: Building #615 tag = tb_culture_scottish_3 name = Schiltron Training Ground
[building.cpp:776]: Building #616 tag = tb_culture_scottish_4 name = Schiltron Training Ground
[building.cpp:776]: Building #617 tag = tb_culture_group_baltic_1 name = Warrior Gathering Ground
[building.cpp:776]: Building #618 tag = tb_culture_group_baltic_2 name = Warrior Gathering Ground
[building.cpp:776]: Building #619 tag = tb_culture_group_baltic_3 name = Warrior Gathering Ground
[building.cpp:776]: Building #620 tag = tb_culture_group_baltic_4 name = Warrior Gathering Ground
[building.cpp:776]: Building #621 tag = tb_culture_group_altaic_1 name = Riding Grounds
[building.cpp:776]: Building #622 tag = tb_culture_group_altaic_2 name = Riding Grounds
[building.cpp:776]: Building #623 tag = tb_culture_group_altaic_3 name = Riding Grounds
[building.cpp:776]: Building #624 tag = tb_culture_group_altaic_4 name = Riding Grounds
[building.cpp:776]: Building #625 tag = tb_culture_frank_norman_german_1 name = [GetGermanic] Warrior Lodge
[building.cpp:776]: Building #626 tag = tb_culture_frank_norman_german_2 name = [GetGermanic] Warrior Lodge
[building.cpp:776]: Building #627 tag = tb_culture_frank_norman_german_3 name = [GetGermanic] Warrior Lodge
[building.cpp:776]: Building #628 tag = tb_culture_frank_norman_german_4 name = [GetGermanic] Warrior Lodge
[building.cpp:776]: Building #629 tag = tb_culture_group_iberian_1 name = Caballero Training Ground
[building.cpp:776]: Building #630 tag = tb_culture_group_iberian_2 name = Caballero Training Ground
[building.cpp:776]: Building #631 tag = tb_culture_group_iberian_3 name = Caballero Training Ground
[building.cpp:776]: Building #632 tag = tb_culture_group_iberian_4 name = Caballero Training Ground
[building.cpp:776]: Building #633 tag = tb_culture_italian_1 name = Pike Training Ground
[building.cpp:776]: Building #634 tag = tb_culture_italian_2 name = Pike Training Ground
[building.cpp:776]: Building #635 tag = tb_culture_italian_3 name = Pike Training Ground
[building.cpp:776]: Building #636 tag = tb_culture_italian_4 name = Pike Training Ground
[building.cpp:776]: Building #637 tag = tb_culture_russian_1 name = Druzhina Training Ground
[building.cpp:776]: Building #638 tag = tb_culture_russian_2 name = Druzhina Training Ground
[building.cpp:776]: Building #639 tag = tb_culture_russian_3 name = Druzhina Training Ground
[building.cpp:776]: Building #640 tag = tb_culture_russian_4 name = Druzhina Training Ground
[building.cpp:776]: Building #641 tag = tb_culture_group_north_germanic_1 name = Housecarl Training Ground
[building.cpp:776]: Building #642 tag = tb_culture_group_north_germanic_2 name = Housecarl Training Ground
[building.cpp:776]: Building #643 tag = tb_culture_group_north_germanic_3 name = Housecarl Training Ground
[building.cpp:776]: Building #644 tag = tb_culture_group_north_germanic_4 name = Housecarl Training Ground
[building.cpp:776]: Building #645 tag = tb_culture_hungarian_1 name = Hussar Training Ground
[building.cpp:776]: Building #646 tag = tb_culture_hungarian_2 name = Hussar Training Ground
[building.cpp:776]: Building #647 tag = tb_culture_hungarian_3 name = Hussar Training Ground
[building.cpp:776]: Building #648 tag = tb_culture_hungarian_4 name = Hussar Training Ground
[building.cpp:776]: Building #649 tag = tb_culture_group_arabic_1 name = Camel Riding Ground
[building.cpp:776]: Building #650 tag = tb_culture_group_arabic_2 name = Camel Riding Ground
[building.cpp:776]: Building #651 tag = tb_culture_group_arabic_3 name = Camel Riding Ground
[building.cpp:776]: Building #652 tag = tb_culture_group_arabic_4 name = Camel Riding Ground
[building.cpp:776]: Building #653 tag = tb_culture_group_byzantine_1 name = [byzantine.GetGroupName] Riding Ground
[building.cpp:776]: Building #654 tag = tb_culture_group_byzantine_2 name = [byzantine.GetGroupName] Riding Ground
[building.cpp:776]: Building #655 tag = tb_culture_group_byzantine_3 name = [byzantine.GetGroupName] Riding Ground
[building.cpp:776]: Building #656 tag = tb_culture_group_byzantine_4 name = [byzantine.GetGroupName] Riding Ground
[building.cpp:776]: Building #657 tag = tb_culture_irish_1 name = Gallowglass Training Ground
[building.cpp:776]: Building #658 tag = tb_culture_irish_2 name = Gallowglass Training Ground
[building.cpp:776]: Building #659 tag = tb_culture_irish_3 name = Gallowglass Training Ground
[building.cpp:776]: Building #660 tag = tb_culture_irish_4 name = Gallowglass Training Ground
[building.cpp:776]: Building #661 tag = tb_culture_ethiopian_1 name = [ethiopian.GetName] Drilling Grounds
[building.cpp:776]: Building #662 tag = tb_culture_ethiopian_2 name = [ethiopian.GetName] Drilling Grounds
[building.cpp:776]: Building #663 tag = tb_culture_ethiopian_3 name = [ethiopian.GetName] Drilling Grounds
[building.cpp:776]: Building #664 tag = tb_culture_ethiopian_4 name = [ethiopian.GetName] Drilling Grounds
[building.cpp:776]: Building #665 tag = tb_culture_somali_1 name = [somali.GetName] Light Infantry Barracks
[building.cpp:776]: Building #666 tag = tb_culture_somali_2 name = [somali.GetName] Light Infantry Barracks
[building.cpp:776]: Building #667 tag = tb_culture_somali_3 name = [somali.GetName] Light Infantry Barracks
[building.cpp:776]: Building #668 tag = tb_culture_somali_4 name = [somali.GetName] Light Infantry Barracks
[building.cpp:776]: Building #669 tag = tb_culture_west_african_1 name = Free Warrior Lodge
[building.cpp:776]: Building #670 tag = tb_culture_west_african_2 name = Free Warrior Lodge
[building.cpp:776]: Building #671 tag = tb_culture_west_african_3 name = Free Warrior Lodge
[building.cpp:776]: Building #672 tag = tb_culture_west_african_4 name = Free Warrior Lodge
[building.cpp:776]: Building #673 tag = tb_culture_group_south_slavic_1 name = Gusar Training Ground
[building.cpp:776]: Building #674 tag = tb_culture_group_south_slavic_2 name = Gusar Training Ground
[building.cpp:776]: Building #675 tag = tb_culture_group_south_slavic_3 name = Gusar Training Ground
[building.cpp:776]: Building #676 tag = tb_culture_group_south_slavic_4 name = Gusar Training Ground
[building.cpp:776]: Building #677 tag = tb_culture_dutch_1 name = Goedendag Militia Quarters
[building.cpp:776]: Building #678 tag = tb_culture_dutch_2 name = Goedendag Militia Quarters
[building.cpp:776]: Building #679 tag = tb_culture_dutch_3 name = Goedendag Militia Quarters
[building.cpp:776]: Building #680 tag = tb_culture_dutch_4 name = Goedendag Militia Quarters
[building.cpp:776]: Building #681 tag = tb_culture_nahua_1 name = Jaguar Warrior Lodge
[building.cpp:776]: Building #682 tag = tb_culture_nahua_2 name = Jaguar Warrior Lodge
[building.cpp:776]: Building #683 tag = tb_culture_nahua_3 name = Jaguar Warrior Lodge
[building.cpp:776]: Building #684 tag = tb_culture_nahua_4 name = Jaguar Warrior Lodge
[building.cpp:776]: Building #685 tag = tb_culture_jewish_1 name = [israelite.GetGroupName] Heavy Infantry Barracks
[building.cpp:776]: Building #686 tag = tb_culture_jewish_2 name = [israelite.GetGroupName] Heavy Infantry Barracks
[building.cpp:776]: Building #687 tag = tb_culture_jewish_3 name = [israelite.GetGroupName] Heavy Infantry Barracks
[building.cpp:776]: Building #688 tag = tb_culture_jewish_4 name = [israelite.GetGroupName] Heavy Infantry Barracks
[building.cpp:776]: Building #689 tag = tb_culture_indian_1 name = War Elephant Pens
[building.cpp:776]: Building #690 tag = tb_culture_indian_2 name = War Elephant Pens
[building.cpp:776]: Building #691 tag = tb_culture_indian_3 name = War Elephant Pens
[building.cpp:776]: Building #692 tag = tb_culture_indian_4 name = War Elephant Pens
[building.cpp:776]: Building #693 tag = tb_culture_nubian_1 name = [nubian.GetName] Warrior Barracks
[building.cpp:776]: Building #694 tag = tb_culture_nubian_2 name = [nubian.GetName] Warrior Barracks
[building.cpp:776]: Building #695 tag = tb_culture_nubian_3 name = [nubian.GetName] Warrior Barracks
[building.cpp:776]: Building #696 tag = tb_culture_nubian_4 name = [nubian.GetName] Warrior Barracks
[building.cpp:776]: Building #697 tag = tb_culture_germanic_1 name = [GetGermanic] Infantry Barracks
[building.cpp:776]: Building #698 tag = tb_culture_germanic_2 name = [GetGermanic] Infantry Barracks
[building.cpp:776]: Building #699 tag = tb_culture_germanic_3 name = [GetGermanic] Infantry Barracks
[building.cpp:776]: Building #700 tag = tb_culture_germanic_4 name = [GetGermanic] Infantry Barracks
[building.cpp:776]: Building #701 tag = tb_culture_pictish_1 name = Hall of War
[building.cpp:776]: Building #702 tag = tb_culture_pictish_2 name = Hall of War
[building.cpp:776]: Building #703 tag = tb_culture_pictish_3 name = Hall of War
[building.cpp:776]: Building #704 tag = tb_culture_pictish_4 name = Hall of War
[building.cpp:776]: Building #705 tag = tb_culture_suebi_1 name = Free Warrior Camp
[building.cpp:776]: Building #706 tag = tb_culture_suebi_2 name = Free Warrior Camp
[building.cpp:776]: Building #707 tag = tb_culture_suebi_3 name = Free Warrior Camp
[building.cpp:776]: Building #708 tag = tb_culture_suebi_4 name = Free Warrior Camp
[building.cpp:776]: Building #709 tag = tb_culture_moors_1 name = Moorish Cavalry Barracks
[building.cpp:776]: Building #710 tag = tb_culture_moors_2 name = Moorish Cavalry Barracks
[building.cpp:776]: Building #711 tag = tb_culture_moors_3 name = Moorish Cavalry Barracks
[building.cpp:776]: Building #712 tag = tb_culture_moors_4 name = Moorish Cavalry Barracks
[building.cpp:776]: Building #713 tag = tb_culture_chinese_han_1 name = Crossbow Range
[building.cpp:776]: Building #714 tag = tb_culture_chinese_han_2 name = Crossbow Range
[building.cpp:776]: Building #715 tag = tb_culture_chinese_han_3 name = Crossbow Range
[building.cpp:776]: Building #716 tag = tb_culture_chinese_han_4 name = Crossbow Range
[building.cpp:776]: Building #717 tag = tb_culture_altaic_jurchen_1 name = [jurchen.GetName] Cavalry Barracks
[building.cpp:776]: Building #718 tag = tb_culture_altaic_jurchen_2 name = [jurchen.GetName] Cavalry Barracks
[building.cpp:776]: Building #719 tag = tb_culture_altaic_jurchen_3 name = [jurchen.GetName] Cavalry Barracks
[building.cpp:776]: Building #720 tag = tb_culture_altaic_jurchen_4 name = [jurchen.GetName] Cavalry Barracks
[building.cpp:776]: Building #721 tag = tb_culture_tibetan_1 name = Mountaineer Academy
[building.cpp:776]: Building #722 tag = tb_culture_tibetan_2 name = Mountaineer Academy
[building.cpp:776]: Building #723 tag = tb_culture_tibetan_3 name = Mountaineer Academy
[building.cpp:776]: Building #724 tag = tb_culture_tibetan_4 name = Mountaineer Academy
[building.cpp:776]: Building #725 tag = tb_culture_coptic_1 name = [coptic.GetName] Spearmen
[building.cpp:776]: Building #726 tag = tb_culture_coptic_2 name = [coptic.GetName] Spearmen
[building.cpp:776]: Building #727 tag = tb_culture_coptic_3 name = [coptic.GetName] Spearmen
[building.cpp:776]: Building #728 tag = tb_culture_coptic_4 name = [coptic.GetName] Spearmen
[building.cpp:776]: Building #729 tag = tb_culture_animal_1 name = Animal Farm
[building.cpp:776]: Building #730 tag = tb_culture_animal_2 name = Animal Farm
[building.cpp:776]: Building #731 tag = tb_culture_animal_3 name = Animal Farm
[building.cpp:776]: Building #732 tag = tb_culture_animal_4 name = Animal Farm
[building.cpp:776]: Building #733 tag = tb_culture_arberian_1 name = Stratiotet Stables
[building.cpp:776]: Building #734 tag = tb_culture_arberian_2 name = Stratiotet Stables
[building.cpp:776]: Building #735 tag = tb_culture_arberian_3 name = Stratiotet Stables
[building.cpp:776]: Building #736 tag = tb_culture_arberian_4 name = Stratiotet Stables
[building.cpp:776]: Building #737 tag = tb_culture_sardinian_1 name = [sardinian.GetName] Garrison
[building.cpp:776]: Building #738 tag = tb_culture_sardinian_2 name = [sardinian.GetName] Garrison
[building.cpp:776]: Building #739 tag = tb_culture_sardinian_3 name = [sardinian.GetName] Garrison
[building.cpp:776]: Building #740 tag = tb_culture_sardinian_4 name = [sardinian.GetName] Garrison
[building.cpp:776]: Building #741 tag = ca_special_fortifications_1 name = Insulated Sections
[building.cpp:776]: Building #742 tag = ca_special_fortifications_2 name = Killing Fields
[building.cpp:776]: Building #743 tag = ca_special_fortifications_3 name = Extended Machicolations
[building.cpp:776]: Building #744 tag = ca_special_fortifications_4 name = Reinforced Barbican
[building.cpp:776]: Building #745 tag = ca_oppressive_fortifications_1 name = Gloomy Monument
[building.cpp:776]: Building #746 tag = ca_oppressive_fortifications_2 name = Connected Watchtowers
[building.cpp:776]: Building #747 tag = ca_oppressive_fortifications_3 name = Lonely Spire
[building.cpp:776]: Building #748 tag = ca_oppressive_fortifications_4 name = Palace of Justice
[building.cpp:776]: Building #749 tag = ct_planned_infrastructure_1 name = Garrisoned Roads
[building.cpp:776]: Building #750 tag = ct_planned_infrastructure_2 name = Stone Roads
[building.cpp:776]: Building #751 tag = ct_planned_infrastructure_3 name = Cleared Pathways
[building.cpp:776]: Building #752 tag = ct_planned_infrastructure_4 name = Great Aqueduct
[building.cpp:776]: Building #753 tag = tp_monumental_shrines_1 name = Monumental Shrines
[building.cpp:776]: Building #754 tag = tp_monumental_shrines_2 name = Monumental Shrines
[building.cpp:776]: Building #755 tag = tp_monumental_shrines_3 name = Monumental Shrines
[building.cpp:776]: Building #756 tag = tp_monumental_shrines_4 name = Monumental Shrines
[building.cpp:776]: Building #757 tag = tb_great_pillar_norse name = Irminsul Tree
[building.cpp:776]: Building #758 tag = tb_great_pillar_tengri name = Ovoo Shrine
[building.cpp:776]: Building #759 tag = tb_great_pillar_slavic name = Great [slavic_pagan.GetName] Pillar
[building.cpp:776]: Building #760 tag = tb_great_pillar_baltic name = Great [baltic_pagan.GetName] Pillar
[building.cpp:776]: Building #761 tag = tb_great_pillar_finnish name = Hiisi Grove
[building.cpp:776]: Building #762 tag = tb_great_pillar_west_african name = Great Totem
[building.cpp:776]: Building #763 tag = tb_great_pillar_aztec name = Skull Totem
[building.cpp:776]: Building #764 tag = tb_great_pillar_bon name = Balancing Stone
[building.cpp:776]: Building #765 tag = tb_great_pillar_zun name = Sun Column
[building.cpp:776]: Building #766 tag = tb_great_pillar_hellenic name = [GetZeusJupiterName] Column
[building.cpp:776]: Building #767 tag = tp_great_pillar_norse name = Irminsul Tree
[building.cpp:776]: Building #768 tag = ca_government_monastery_1 name = Gompa Monastery
[building.cpp:776]: Building #769 tag = ca_government_monastery_2 name = Gompa Monastery
[building.cpp:776]: Building #770 tag = ca_government_monastery_3 name = Gompa Monastery
[building.cpp:776]: Building #771 tag = ca_government_monastery_4 name = Gompa Monastery
[building.cpp:776]: Building #772 tag = ct_rep_arsenal_1 name = Arsenal
[building.cpp:776]: Building #773 tag = ct_rep_arsenal_2 name = Arsenal
[building.cpp:776]: Building #774 tag = ct_rep_arsenal_3 name = Arsenal
[trait.cpp:1221]: Trait #0 tag =  name = 
[trait.cpp:1221]: Trait #1 tag = cat name = Cat
[trait.cpp:1221]: Trait #2 tag = horse name = Horse
[trait.cpp:1221]: Trait #3 tag = affectionate name = Affectionate
[trait.cpp:1221]: Trait #4 tag = brooding name = Brooding
[trait.cpp:1221]: Trait #5 tag = conscientious name = Conscientious
[trait.cpp:1221]: Trait #6 tag = curious name = Curious
[trait.cpp:1221]: Trait #7 tag = fussy name = Fussy
[trait.cpp:1221]: Trait #8 tag = haughty name = Haughty
[trait.cpp:1221]: Trait #9 tag = idolizer name = Idolizer
[trait.cpp:1221]: Trait #10 tag = indolent name = Indolent
[trait.cpp:1221]: Trait #11 tag = playful name = Playful
[trait.cpp:595]: Made timid into opposite of rowdy
[trait.cpp:1221]: Trait #12 tag = rowdy name = Rowdy
[trait.cpp:1221]: Trait #13 tag = timid name = Timid
[trait.cpp:1221]: Trait #14 tag = willful name = Willful
[trait.cpp:1221]: Trait #15 tag = berserker name = Berserker
[trait.cpp:595]: Made frail into opposite of brawny
[trait.cpp:595]: Made sturdy into opposite of brawny
[trait.cpp:1221]: Trait #16 tag = brawny name = Brawny
[trait.cpp:595]: Made sturdy into opposite of frail
[trait.cpp:1221]: Trait #17 tag = frail name = Frail
[trait.cpp:1221]: Trait #18 tag = gladiator name = Gladiator
[trait.cpp:1221]: Trait #19 tag = shieldmaiden name = Shieldmaiden
[trait.cpp:1221]: Trait #20 tag = sturdy name = Sturdy
[trait.cpp:1221]: Trait #21 tag = varangian name = Varangian
[trait.cpp:595]: Made viking into opposite of pirate
[trait.cpp:595]: Made ravager into opposite of pirate
[trait.cpp:595]: Made sea_king into opposite of pirate
[trait.cpp:595]: Made sea_queen into opposite of pirate
[trait.cpp:1221]: Trait #22 tag = pirate name = Pirate
[trait.cpp:595]: Made viking into opposite of ravager
[trait.cpp:595]: Made sea_king into opposite of ravager
[trait.cpp:595]: Made sea_queen into opposite of ravager
[trait.cpp:1221]: Trait #23 tag = ravager name = Ravager
[trait.cpp:595]: Made viking into opposite of sea_king
[trait.cpp:595]: Made sea_queen into opposite of sea_king
[trait.cpp:1221]: Trait #24 tag = sea_king name = Sea King
[trait.cpp:595]: Made viking into opposite of sea_queen
[trait.cpp:1221]: Trait #25 tag = sea_queen name = Sea Queen
[trait.cpp:1221]: Trait #26 tag = viking name = Viking
[trait.cpp:595]: Made crowned_by_priest into opposite of crowned_by_bishop
[trait.cpp:595]: Made crowned_by_pope into opposite of crowned_by_bishop
[trait.cpp:595]: Made crowned_by_myself into opposite of crowned_by_bishop
[trait.cpp:1221]: Trait #27 tag = crowned_by_bishop name = Crowned by [GetCrownedByName]
[trait.cpp:595]: Made crowned_by_priest into opposite of crowned_by_myself
[trait.cpp:595]: Made crowned_by_pope into opposite of crowned_by_myself
[trait.cpp:1221]: Trait #28 tag = crowned_by_myself name = Self-Crowned
[trait.cpp:595]: Made crowned_by_priest into opposite of crowned_by_pope
[trait.cpp:1221]: Trait #29 tag = crowned_by_pope name = Crowned by [GetCrownedByName]
[trait.cpp:1221]: Trait #30 tag = crowned_by_priest name = Crowned by a Bishop
[trait.cpp:1221]: Trait #31 tag = uncrowned name = Uncrowned
[trait.cpp:595]: Made crowned_by_priest_rd into opposite of crowned_by_bishop_rd
[trait.cpp:595]: Made crowned_by_pope_rd into opposite of crowned_by_bishop_rd
[trait.cpp:1221]: Trait #32 tag = crowned_by_bishop_rd name = Crowned by a Prince-Bishop
[trait.cpp:595]: Made crowned_by_priest_rd into opposite of crowned_by_pope_rd
[trait.cpp:1221]: Trait #33 tag = crowned_by_pope_rd name = Crowned by the Pope
[trait.cpp:1221]: Trait #34 tag = crowned_by_priest_rd name = Crowned by a Bishop
[trait.cpp:1221]: Trait #35 tag = dead_crown_hre name = dummy
[trait.cpp:1221]: Trait #36 tag = dead_crown_pahlavi name = dummy
[trait.cpp:1221]: Trait #37 tag = dead_crown_byzantine name = dummy
[trait.cpp:1221]: Trait #38 tag = dead_crown_fylkir name = dummy
[trait.cpp:1221]: Trait #39 tag = dead_crown_tengri_fylkir name = dummy
[trait.cpp:1221]: Trait #40 tag = dead_crown_finnish_fylkir name = dummy
[trait.cpp:1221]: Trait #41 tag = dead_iron_crown_lombardy name = dummy
[trait.cpp:1221]: Trait #42 tag = dead_cursed_diamond_crown name = dummy
[trait.cpp:1221]: Trait #43 tag = dead_crown_west_african_fylkir name = dummy
[trait.cpp:1221]: Trait #44 tag = dead_crown_slavic_fylkir name = dummy
[trait.cpp:1221]: Trait #45 tag = dead_crown_romuva_fylkir name = dummy
[trait.cpp:1221]: Trait #46 tag = dead_scepter_bon_fylkir name = dummy
[trait.cpp:1221]: Trait #47 tag = dead_crown_zun_fylkir name = dummy
[trait.cpp:1221]: Trait #48 tag = dead_scepter_hellenic_fylkir name = dummy
[trait.cpp:1221]: Trait #49 tag = dead_crown_aztec_fylkir name = dummy
[trait.cpp:595]: Made crusader_king into opposite of ares_own
[trait.cpp:595]: Made crusader_queen into opposite of ares_own
[trait.cpp:595]: Made mujahid into opposite of ares_own
[trait.cpp:595]: Made valhalla_bound into opposite of ares_own
[trait.cpp:595]: Made crusader into opposite of ares_own
[trait.cpp:595]: Made eagle_knight into opposite of ares_own
[trait.cpp:595]: Made sun_warrior into opposite of ares_own
[trait.cpp:595]: Made ukkos_hammer into opposite of ares_own
[trait.cpp:595]: Made nyames_shield into opposite of ares_own
[trait.cpp:595]: Made peruns_chosen into opposite of ares_own
[trait.cpp:595]: Made hound_of_dievas into opposite of ares_own
[trait.cpp:595]: Made skylord into opposite of ares_own
[trait.cpp:595]: Made kanai into opposite of ares_own
[trait.cpp:595]: Made gondi_shahansha into opposite of ares_own
[trait.cpp:595]: Made kailash_guardian into opposite of ares_own
[trait.cpp:1221]: Trait #50 tag = ares_own name = Ares' Own
[trait.cpp:595]: Made crusader_king into opposite of crusader
[trait.cpp:595]: Made crusader_queen into opposite of crusader
[trait.cpp:595]: Made mujahid into opposite of crusader
[trait.cpp:595]: Made valhalla_bound into opposite of crusader
[trait.cpp:595]: Made eagle_knight into opposite of crusader
[trait.cpp:595]: Made sun_warrior into opposite of crusader
[trait.cpp:595]: Made ukkos_hammer into opposite of crusader
[trait.cpp:595]: Made nyames_shield into opposite of crusader
[trait.cpp:595]: Made peruns_chosen into opposite of crusader
[trait.cpp:595]: Made hound_of_dievas into opposite of crusader
[trait.cpp:595]: Made skylord into opposite of crusader
[trait.cpp:595]: Made kanai into opposite of crusader
[trait.cpp:595]: Made gondi_shahansha into opposite of crusader
[trait.cpp:595]: Made kailash_guardian into opposite of crusader
[trait.cpp:1221]: Trait #51 tag = crusader name = Crusader
[trait.cpp:595]: Made crusader_queen into opposite of crusader_king
[trait.cpp:595]: Made mujahid into opposite of crusader_king
[trait.cpp:595]: Made valhalla_bound into opposite of crusader_king
[trait.cpp:595]: Made eagle_knight into opposite of crusader_king
[trait.cpp:595]: Made sun_warrior into opposite of crusader_king
[trait.cpp:595]: Made ukkos_hammer into opposite of crusader_king
[trait.cpp:595]: Made nyames_shield into opposite of crusader_king
[trait.cpp:595]: Made peruns_chosen into opposite of crusader_king
[trait.cpp:595]: Made hound_of_dievas into opposite of crusader_king
[trait.cpp:595]: Made skylord into opposite of crusader_king
[trait.cpp:595]: Made kanai into opposite of crusader_king
[trait.cpp:595]: Made gondi_shahansha into opposite of crusader_king
[trait.cpp:595]: Made kailash_guardian into opposite of crusader_king
[trait.cpp:1221]: Trait #52 tag = crusader_king name = Crusader King
[trait.cpp:595]: Made mujahid into opposite of crusader_queen
[trait.cpp:595]: Made valhalla_bound into opposite of crusader_queen
[trait.cpp:595]: Made eagle_knight into opposite of crusader_queen
[trait.cpp:595]: Made sun_warrior into opposite of crusader_queen
[trait.cpp:595]: Made ukkos_hammer into opposite of crusader_queen
[trait.cpp:595]: Made nyames_shield into opposite of crusader_queen
[trait.cpp:595]: Made peruns_chosen into opposite of crusader_queen
[trait.cpp:595]: Made hound_of_dievas into opposite of crusader_queen
[trait.cpp:595]: Made skylord into opposite of crusader_queen
[trait.cpp:595]: Made kanai into opposite of crusader_queen
[trait.cpp:595]: Made gondi_shahansha into opposite of crusader_queen
[trait.cpp:595]: Made kailash_guardian into opposite of crusader_queen
[trait.cpp:1221]: Trait #53 tag = crusader_queen name = Crusader Queen
[trait.cpp:595]: Made mujahid into opposite of eagle_knight
[trait.cpp:595]: Made valhalla_bound into opposite of eagle_knight
[trait.cpp:595]: Made sun_warrior into opposite of eagle_knight
[trait.cpp:595]: Made ukkos_hammer into opposite of eagle_knight
[trait.cpp:595]: Made nyames_shield into opposite of eagle_knight
[trait.cpp:595]: Made peruns_chosen into opposite of eagle_knight
[trait.cpp:595]: Made hound_of_dievas into opposite of eagle_knight
[trait.cpp:595]: Made skylord into opposite of eagle_knight
[trait.cpp:595]: Made kanai into opposite of eagle_knight
[trait.cpp:595]: Made gondi_shahansha into opposite of eagle_knight
[trait.cpp:595]: Made kailash_guardian into opposite of eagle_knight
[trait.cpp:1221]: Trait #54 tag = eagle_knight name = Eagle Knight
[trait.cpp:595]: Made mujahid into opposite of gondi_shahansha
[trait.cpp:595]: Made valhalla_bound into opposite of gondi_shahansha
[trait.cpp:595]: Made sun_warrior into opposite of gondi_shahansha
[trait.cpp:595]: Made ukkos_hammer into opposite of gondi_shahansha
[trait.cpp:595]: Made nyames_shield into opposite of gondi_shahansha
[trait.cpp:595]: Made peruns_chosen into opposite of gondi_shahansha
[trait.cpp:595]: Made hound_of_dievas into opposite of gondi_shahansha
[trait.cpp:595]: Made skylord into opposite of gondi_shahansha
[trait.cpp:595]: Made kanai into opposite of gondi_shahansha
[trait.cpp:595]: Made kailash_guardian into opposite of gondi_shahansha
[trait.cpp:1221]: Trait #55 tag = gondi_shahansha name = Gond-i Shahanshah
[trait.cpp:595]: Made mujahid into opposite of hound_of_dievas
[trait.cpp:595]: Made valhalla_bound into opposite of hound_of_dievas
[trait.cpp:595]: Made sun_warrior into opposite of hound_of_dievas
[trait.cpp:595]: Made ukkos_hammer into opposite of hound_of_dievas
[trait.cpp:595]: Made nyames_shield into opposite of hound_of_dievas
[trait.cpp:595]: Made peruns_chosen into opposite of hound_of_dievas
[trait.cpp:595]: Made skylord into opposite of hound_of_dievas
[trait.cpp:595]: Made kanai into opposite of hound_of_dievas
[trait.cpp:595]: Made kailash_guardian into opposite of hound_of_dievas
[trait.cpp:1221]: Trait #56 tag = hound_of_dievas name = Hound of Dievas
[trait.cpp:595]: Made mujahid into opposite of kailash_guardian
[trait.cpp:595]: Made sun_warrior into opposite of kailash_guardian
[trait.cpp:595]: Made ukkos_hammer into opposite of kailash_guardian
[trait.cpp:595]: Made nyames_shield into opposite of kailash_guardian
[trait.cpp:595]: Made peruns_chosen into opposite of kailash_guardian
[trait.cpp:595]: Made skylord into opposite of kailash_guardian
[trait.cpp:595]: Made kanai into opposite of kailash_guardian
[trait.cpp:595]: Made valhalla_bound into opposite of kailash_guardian
[trait.cpp:1221]: Trait #57 tag = kailash_guardian name = Kailash Guardian
[trait.cpp:595]: Made mujahid into opposite of kanai
[trait.cpp:595]: Made valhalla_bound into opposite of kanai
[trait.cpp:595]: Made sun_warrior into opposite of kanai
[trait.cpp:595]: Made ukkos_hammer into opposite of kanai
[trait.cpp:595]: Made nyames_shield into opposite of kanai
[trait.cpp:595]: Made peruns_chosen into opposite of kanai
[trait.cpp:595]: Made skylord into opposite of kanai
[trait.cpp:1221]: Trait #58 tag = kanai name = Kanai
[trait.cpp:595]: Made valhalla_bound into opposite of mujahid
[trait.cpp:595]: Made sun_warrior into opposite of mujahid
[trait.cpp:595]: Made ukkos_hammer into opposite of mujahid
[trait.cpp:595]: Made nyames_shield into opposite of mujahid
[trait.cpp:595]: Made peruns_chosen into opposite of mujahid
[trait.cpp:595]: Made skylord into opposite of mujahid
[trait.cpp:1221]: Trait #59 tag = mujahid name = Mujahid
[trait.cpp:595]: Made valhalla_bound into opposite of nyames_shield
[trait.cpp:595]: Made sun_warrior into opposite of nyames_shield
[trait.cpp:595]: Made ukkos_hammer into opposite of nyames_shield
[trait.cpp:595]: Made peruns_chosen into opposite of nyames_shield
[trait.cpp:595]: Made skylord into opposite of nyames_shield
[trait.cpp:1221]: Trait #60 tag = nyames_shield name = Nyame's Shield
[trait.cpp:595]: Made valhalla_bound into opposite of peruns_chosen
[trait.cpp:595]: Made sun_warrior into opposite of peruns_chosen
[trait.cpp:595]: Made ukkos_hammer into opposite of peruns_chosen
[trait.cpp:595]: Made skylord into opposite of peruns_chosen
[trait.cpp:1221]: Trait #61 tag = peruns_chosen name = Perun's Chosen
[trait.cpp:595]: Made valhalla_bound into opposite of sun_warrior
[trait.cpp:595]: Made ukkos_hammer into opposite of sun_warrior
[trait.cpp:595]: Made skylord into opposite of sun_warrior
[trait.cpp:1221]: Trait #62 tag = sun_warrior name = Warrior of the Sun
[trait.cpp:595]: Made valhalla_bound into opposite of skylord
[trait.cpp:595]: Made ukkos_hammer into opposite of skylord
[trait.cpp:1221]: Trait #63 tag = skylord name = Skylord
[trait.cpp:595]: Made valhalla_bound into opposite of ukkos_hammer
[trait.cpp:1221]: Trait #64 tag = ukkos_hammer name = Ukko's Hammer
[trait.cpp:1221]: Trait #65 tag = valhalla_bound name = Valhalla Bound
[trait.cpp:1221]: Trait #66 tag = abdominal_pain name = Abdominal Pain
[trait.cpp:1221]: Trait #67 tag = chest_pain name = Chest Pains
[trait.cpp:1221]: Trait #68 tag = cough name = Cough
[trait.cpp:1221]: Trait #69 tag = cramps name = Cramps
[trait.cpp:1221]: Trait #70 tag = diarrhea name = Diarrhea
[trait.cpp:1221]: Trait #71 tag = fatigue name = Fatigue
[trait.cpp:1221]: Trait #72 tag = fever name = Fever
[trait.cpp:1221]: Trait #73 tag = headache name = Headache
[trait.cpp:1221]: Trait #74 tag = malaise name = Malaise
[trait.cpp:1221]: Trait #75 tag = rash name = Rash
[trait.cpp:1221]: Trait #76 tag = vomiting name = Vomiting
[trait.cpp:595]: Made pneumonic into opposite of ill
[trait.cpp:1221]: Trait #77 tag = ill name = Ill
[trait.cpp:1221]: Trait #78 tag = infection name = Infection
[trait.cpp:1221]: Trait #79 tag = leper name = Leper
[trait.cpp:1221]: Trait #80 tag = pneumonic name = Pneumonic
[trait.cpp:1221]: Trait #81 tag = great_pox name = Has Great Pox
[trait.cpp:1221]: Trait #82 tag = cancer name = Cancer
[trait.cpp:1221]: Trait #83 tag = dysentery name = Dysentery
[trait.cpp:1221]: Trait #84 tag = flu name = Flu
[trait.cpp:1221]: Trait #85 tag = food_poisoning name = Food Poisoning
[trait.cpp:1221]: Trait #86 tag = gout name = Gout
[trait.cpp:1221]: Trait #87 tag = rabies name = Rabies
[trait.cpp:1221]: Trait #88 tag = scurvy name = Scurvy
[trait.cpp:1221]: Trait #89 tag = amateurish_plotter name = Amateurish Plotter
[trait.cpp:1221]: Trait #90 tag = flamboyant_schemer name = Flamboyant Schemer
[trait.cpp:1221]: Trait #91 tag = intricate_webweaver name = Intricate Webweaver
[trait.cpp:1221]: Trait #92 tag = elusive_shadow name = Elusive Shadow
[trait.cpp:1221]: Trait #93 tag = naive_appeaser name = Naive Appeaser
[trait.cpp:1221]: Trait #94 tag = underhanded_rogue name = Underhanded Rogue
[trait.cpp:1221]: Trait #95 tag = charismatic_negotiator name = Charismatic Negotiator
[trait.cpp:1221]: Trait #96 tag = grey_eminence name = Grey Eminence
[trait.cpp:1221]: Trait #97 tag = indulgent_wastrel name = Indulgent Wastrel
[trait.cpp:1221]: Trait #98 tag = thrifty_clerk name = Thrifty Clerk
[trait.cpp:1221]: Trait #99 tag = fortune_builder name = Fortune Builder
[trait.cpp:1221]: Trait #100 tag = midas_touched name = Midas Touched
[trait.cpp:1221]: Trait #101 tag = misguided_warrior name = Misguided Warrior
[trait.cpp:1221]: Trait #102 tag = tough_soldier name = Tough Soldier
[trait.cpp:1221]: Trait #103 tag = skilled_tactician name = Skilled Tactician
[trait.cpp:1221]: Trait #104 tag = brilliant_strategist name = Brilliant Strategist
[trait.cpp:1221]: Trait #105 tag = detached_priest name = Detached Priest
[trait.cpp:1221]: Trait #106 tag = dutiful_cleric name = Dutiful Cleric
[trait.cpp:1221]: Trait #107 tag = scholarly_theologian name = Scholarly Theologian
[trait.cpp:1221]: Trait #108 tag = mastermind_theologian name = Mastermind Theologian
[trait.cpp:1221]: Trait #109 tag = dancing_plague name = Dancing Plague
[trait.cpp:1221]: Trait #110 tag = aztec_disease name = Syphilitic
[trait.cpp:1221]: Trait #111 tag = bubonic_plague name = The Plague
[trait.cpp:1221]: Trait #112 tag = measles name = Measles
[trait.cpp:1221]: Trait #113 tag = smallpox name = Smallpox
[trait.cpp:1221]: Trait #114 tag = consumption name = Consumption
[trait.cpp:1221]: Trait #115 tag = slow_fever name = Slow Fever
[trait.cpp:1221]: Trait #116 tag = camp_fever name = Camp Fever
[trait.cpp:595]: Made legit_bastard into opposite of bastard
[trait.cpp:1221]: Trait #117 tag = bastard name = Bastard
[trait.cpp:1221]: Trait #118 tag = born_in_the_purple name = Born in the Purple
[trait.cpp:595]: Made zealous into opposite of decadent
[trait.cpp:1221]: Trait #119 tag = decadent name = Decadent
[trait.cpp:1221]: Trait #120 tag = excommunicated name = Excommunicated
[trait.cpp:1221]: Trait #121 tag = homosexual name = Homosexual
[trait.cpp:1221]: Trait #122 tag = i_used_to_be_a_player name = dummy
[trait.cpp:1221]: Trait #123 tag = legit_bastard name = Legitimized Bastard
[trait.cpp:595]: Made sayyid into opposite of mirza
[trait.cpp:1221]: Trait #124 tag = mirza name = Mirza
[trait.cpp:1221]: Trait #125 tag = pregnant name = Pregnant
[trait.cpp:1221]: Trait #126 tag = twin name = Twin
[trait.cpp:595]: Made familial_kinslayer into opposite of kinslayer
[trait.cpp:595]: Made dynastic_kinslayer into opposite of kinslayer
[trait.cpp:595]: Made tribal_kinslayer into opposite of kinslayer
[trait.cpp:1221]: Trait #127 tag = kinslayer name = Kinslayer
[trait.cpp:595]: Made dynastic_kinslayer into opposite of familial_kinslayer
[trait.cpp:595]: Made tribal_kinslayer into opposite of familial_kinslayer
[trait.cpp:1221]: Trait #128 tag = familial_kinslayer name = Familial Kinslayer
[trait.cpp:595]: Made tribal_kinslayer into opposite of dynastic_kinslayer
[trait.cpp:1221]: Trait #129 tag = dynastic_kinslayer name = Dynastic Kinslayer
[trait.cpp:1221]: Trait #130 tag = tribal_kinslayer name = Tribal Kinslayer
[trait.cpp:1221]: Trait #131 tag = blinded name = Blinded
[trait.cpp:1221]: Trait #132 tag = depressed name = Depressed
[trait.cpp:1221]: Trait #133 tag = drunkard name = Drunkard
[trait.cpp:1221]: Trait #134 tag = eunuch name = Eunuch
[trait.cpp:1221]: Trait #135 tag = incapable name = Incapable
[trait.cpp:1221]: Trait #136 tag = infirm name = Infirm
[trait.cpp:1221]: Trait #137 tag = lovers_pox name = Lover's Pox
[trait.cpp:1221]: Trait #138 tag = lunatic name = Lunatic
[trait.cpp:595]: Made wounded into opposite of maimed
[trait.cpp:1221]: Trait #139 tag = maimed name = Maimed
[trait.cpp:1221]: Trait #140 tag = possessed name = Possessed
[trait.cpp:1221]: Trait #141 tag = sickly name = Sickly
[trait.cpp:1221]: Trait #142 tag = stressed name = Stressed
[trait.cpp:1221]: Trait #143 tag = wounded name = Wounded
[trait.cpp:1221]: Trait #144 tag = one_eyed name = One-Eyed
[trait.cpp:1221]: Trait #145 tag = one_handed name = One-Handed
[trait.cpp:1221]: Trait #146 tag = one_legged name = One-Legged
[trait.cpp:1221]: Trait #147 tag = disfigured name = Disfigured
[trait.cpp:1221]: Trait #148 tag = mangled name = Mangled
[trait.cpp:1221]: Trait #149 tag = severely_injured name = Severely Injured
[trait.cpp:1221]: Trait #150 tag = sick_incapable name = dummy
[trait.cpp:595]: Made troubled_pregnancy into opposite of hard_pregnancy
[trait.cpp:1221]: Trait #151 tag = hard_pregnancy name = Difficult Pregnancy
[trait.cpp:1221]: Trait #152 tag = pregnancy_finishing name = Final Months
[trait.cpp:1221]: Trait #153 tag = troubled_pregnancy name = Troubled Pregnancy
[trait.cpp:1221]: Trait #154 tag = one_eyed name = One-Eyed
[trait.cpp:1221]: Trait #155 tag = clubfooted name = Clubfooted
[trait.cpp:595]: Made giant into opposite of dwarf
[trait.cpp:1221]: Trait #156 tag = dwarf name = Dwarf
[trait.cpp:595]: Made ugly into opposite of attractive
[trait.cpp:1221]: Trait #157 tag = attractive name = Attractive
[trait.cpp:595]: Made imbecile into opposite of genius
[trait.cpp:595]: Made slow into opposite of genius
[trait.cpp:595]: Made quick into opposite of genius
[trait.cpp:1221]: Trait #158 tag = genius name = Genius
[trait.cpp:1221]: Trait #159 tag = giant name = Giant
[trait.cpp:1221]: Trait #160 tag = harelip name = Harelip
[trait.cpp:1221]: Trait #161 tag = hunchback name = Hunchback
[trait.cpp:595]: Made slow into opposite of imbecile
[trait.cpp:595]: Made quick into opposite of imbecile
[trait.cpp:1221]: Trait #162 tag = imbecile name = Imbecile
[trait.cpp:1221]: Trait #163 tag = inbred name = Inbred
[trait.cpp:1221]: Trait #164 tag = lefthanded name = Left-Handed
[trait.cpp:1221]: Trait #165 tag = lisp name = Lisp
[trait.cpp:595]: Made slow into opposite of quick
[trait.cpp:1221]: Trait #166 tag = quick name = Quick
[trait.cpp:1221]: Trait #167 tag = saoshyant_descendant name = Saoshyant Descendant
[trait.cpp:1221]: Trait #168 tag = sayyid name = Sayyid
[trait.cpp:1221]: Trait #169 tag = slow name = Slow
[trait.cpp:595]: Made weak into opposite of strong
[trait.cpp:1221]: Trait #170 tag = strong name = Strong
[trait.cpp:1221]: Trait #171 tag = stutter name = Stutter
[trait.cpp:1221]: Trait #172 tag = ugly name = Ugly
[trait.cpp:1221]: Trait #173 tag = weak name = Weak
[trait.cpp:595]: Made freckles_2 into opposite of freckles
[trait.cpp:595]: Made freckles_3 into opposite of freckles
[trait.cpp:595]: Made freckles_4 into opposite of freckles
[trait.cpp:595]: Made freckles_5 into opposite of freckles
[trait.cpp:1221]: Trait #174 tag = freckles name = Freckles
[trait.cpp:595]: Made freckles_3 into opposite of freckles_2
[trait.cpp:595]: Made freckles_4 into opposite of freckles_2
[trait.cpp:595]: Made freckles_5 into opposite of freckles_2
[trait.cpp:1221]: Trait #175 tag = freckles_2 name = Freckles
[trait.cpp:595]: Made freckles_4 into opposite of freckles_3
[trait.cpp:595]: Made freckles_5 into opposite of freckles_3
[trait.cpp:1221]: Trait #176 tag = freckles_3 name = Freckles
[trait.cpp:595]: Made freckles_5 into opposite of freckles_4
[trait.cpp:1221]: Trait #177 tag = freckles_4 name = Freckles
[trait.cpp:1221]: Trait #178 tag = freckles_5 name = Freckles
[trait.cpp:1221]: Trait #179 tag = aggressive_leader name = Aggressive Leader
[trait.cpp:1221]: Trait #180 tag = cavalry_leader name = Cavalry Leader
[trait.cpp:1221]: Trait #181 tag = defensive_leader name = Defensive Leader
[trait.cpp:1221]: Trait #182 tag = desert_expert name = Desert Expert
[trait.cpp:1221]: Trait #183 tag = direct_leader name = Direct Leader
[trait.cpp:1221]: Trait #184 tag = flanker name = Flanker
[trait.cpp:1221]: Trait #185 tag = flat_terrain_expert name = Flat Terrain Expert
[trait.cpp:1221]: Trait #186 tag = heavy_infantry_leader name = Heavy Infantry Leader
[trait.cpp:1221]: Trait #187 tag = holy_warrior name = Holy Warrior
[trait.cpp:1221]: Trait #188 tag = inspiring_leader name = Inspiring Leader
[trait.cpp:1221]: Trait #189 tag = jungle_expert name = Jungle Expert
[trait.cpp:1221]: Trait #190 tag = levy_coordinator name = Way of the Tiger
[trait.cpp:1221]: Trait #191 tag = light_foot_leader name = Light Foot Leader
[trait.cpp:1221]: Trait #192 tag = logistics_expert name = Way of the Dog
[trait.cpp:1221]: Trait #193 tag = master_of_flame name = Way of the Dragon
[trait.cpp:1221]: Trait #194 tag = mountain_expert name = Mountain Expert
[trait.cpp:1221]: Trait #195 tag = battlefield_terrain_master name = Battlefield Terrain Master
[trait.cpp:1221]: Trait #196 tag = organizer name = Organizer
[trait.cpp:1221]: Trait #197 tag = rough_terrain_expert name = Rough Terrain Expert
[trait.cpp:1221]: Trait #198 tag = sapper name = Way of the Leopard
[trait.cpp:1221]: Trait #199 tag = siege_leader name = Siege Leader
[trait.cpp:1221]: Trait #200 tag = trickster name = Trickster
[trait.cpp:1221]: Trait #201 tag = unyielding_leader name = Unyielding Leader
[trait.cpp:1221]: Trait #202 tag = war_elephant_leader name = War Elephant Leader
[trait.cpp:1221]: Trait #203 tag = winter_soldier name = Winter Soldier
[trait.cpp:1221]: Trait #204 tag = baltic_leader name = Forest Ambusher
[trait.cpp:1221]: Trait #205 tag = bon_leader name = Mountain Guardian
[trait.cpp:1221]: Trait #206 tag = finnish_leader name = Shield of the Tundra
[trait.cpp:1221]: Trait #207 tag = hellenic_leader name = Aeneator
[trait.cpp:1221]: Trait #208 tag = norse_leader name = Fearsome
[trait.cpp:1221]: Trait #209 tag = slavic_leader name = Pillar of the Plains
[trait.cpp:1221]: Trait #210 tag = tengri_leader name = Marauder
[trait.cpp:1221]: Trait #211 tag = west_african_leader name = Spirit Warrior
[trait.cpp:1221]: Trait #212 tag = zun_leader name = Scorcher
[trait.cpp:1221]: Trait #213 tag = administrator name = Administrator
[trait.cpp:1221]: Trait #214 tag = architect name = Architect
[trait.cpp:595]: Made hedonist into opposite of celibate
[trait.cpp:595]: Made master_seducer into opposite of celibate
[trait.cpp:595]: Made master_seductress into opposite of celibate
[trait.cpp:1221]: Trait #215 tag = celibate name = Celibate
[trait.cpp:1221]: Trait #216 tag = duelist name = Duelist
[trait.cpp:1221]: Trait #217 tag = game_master name = Game Master
[trait.cpp:1221]: Trait #218 tag = gardener name = Gardener
[trait.cpp:1221]: Trait #219 tag = hedonist name = Hedonist
[trait.cpp:1221]: Trait #220 tag = hunter name = Hunter
[trait.cpp:1221]: Trait #221 tag = impaler name = Impaler
[trait.cpp:1221]: Trait #222 tag = mystic name = Mystic
[trait.cpp:1221]: Trait #223 tag = master_schemer name = Master Schemer
[trait.cpp:595]: Made faqih into opposite of scholar
[trait.cpp:1221]: Trait #224 tag = scholar name = Scholar
[trait.cpp:595]: Made master_seductress into opposite of master_seducer
[trait.cpp:1221]: Trait #225 tag = master_seducer name = Master Seducer
[trait.cpp:1221]: Trait #226 tag = master_seductress name = Master Seductress
[trait.cpp:1221]: Trait #227 tag = socializer name = Socializer
[trait.cpp:1221]: Trait #228 tag = strategist name = Strategist
[trait.cpp:1221]: Trait #229 tag = theologian name = Theologian
[trait.cpp:595]: Made kind into opposite of envious
[trait.cpp:1221]: Trait #230 tag = envious name = Envious
[trait.cpp:595]: Made temperate into opposite of gluttonous
[trait.cpp:1221]: Trait #231 tag = gluttonous name = Gluttonous
[trait.cpp:595]: Made charitable into opposite of greedy
[trait.cpp:1221]: Trait #232 tag = greedy name = Greedy
[trait.cpp:595]: Made chaste into opposite of lustful
[trait.cpp:1221]: Trait #233 tag = lustful name = Lustful
[trait.cpp:595]: Made humble into opposite of proud
[trait.cpp:1221]: Trait #234 tag = proud name = Proud
[trait.cpp:595]: Made diligent into opposite of slothful
[trait.cpp:1221]: Trait #235 tag = slothful name = Slothful
[trait.cpp:595]: Made patient into opposite of wroth
[trait.cpp:1221]: Trait #236 tag = wroth name = Wroth
[trait.cpp:1221]: Trait #237 tag = charitable name = Charitable
[trait.cpp:1221]: Trait #238 tag = chaste name = Chaste
[trait.cpp:1221]: Trait #239 tag = diligent name = Diligent
[trait.cpp:1221]: Trait #240 tag = humble name = Humble
[trait.cpp:595]: Made cruel into opposite of kind
[trait.cpp:1221]: Trait #241 tag = kind name = Kind
[trait.cpp:1221]: Trait #242 tag = patient name = Patient
[trait.cpp:1221]: Trait #243 tag = temperate name = Temperate
[trait.cpp:595]: Made content into opposite of ambitious
[trait.cpp:1221]: Trait #244 tag = ambitious name = Ambitious
[trait.cpp:595]: Made just into opposite of arbitrary
[trait.cpp:1221]: Trait #245 tag = arbitrary name = Arbitrary
[trait.cpp:595]: Made craven into opposite of brave
[trait.cpp:1221]: Trait #246 tag = brave name = Brave
[trait.cpp:1221]: Trait #247 tag = content name = Content
[trait.cpp:1221]: Trait #248 tag = craven name = Craven
[trait.cpp:1221]: Trait #249 tag = cruel name = Cruel
[trait.cpp:595]: Made zealous into opposite of cynical
[trait.cpp:1221]: Trait #250 tag = cynical name = Cynical
[trait.cpp:595]: Made honest into opposite of deceitful
[trait.cpp:1221]: Trait #251 tag = deceitful name = Deceitful
[trait.cpp:595]: Made shrewd into opposite of dull
[trait.cpp:1221]: Trait #252 tag = dull name = Dull
[trait.cpp:1221]: Trait #253 tag = erudite name = Erudite
[trait.cpp:595]: Made shy into opposite of gregarious
[trait.cpp:1221]: Trait #254 tag = gregarious name = Gregarious
[trait.cpp:595]: Made uncouth into opposite of groomed
[trait.cpp:1221]: Trait #255 tag = groomed name = Groomed
[trait.cpp:1221]: Trait #256 tag = honest name = Honest
[trait.cpp:1221]: Trait #257 tag = just name = Just
[trait.cpp:595]: Made trusting into opposite of paranoid
[trait.cpp:1221]: Trait #258 tag = paranoid name = Paranoid
[trait.cpp:1221]: Trait #259 tag = shrewd name = Shrewd
[trait.cpp:1221]: Trait #260 tag = shy name = Shy
[trait.cpp:1221]: Trait #261 tag = stubborn name = Stubborn
[trait.cpp:1221]: Trait #262 tag = trusting name = Trusting
[trait.cpp:1221]: Trait #263 tag = uncouth name = Uncouth
[trait.cpp:595]: Made sympathy_christendom into opposite of zealous
[trait.cpp:595]: Made sympathy_islam into opposite of zealous
[trait.cpp:595]: Made sympathy_pagans into opposite of zealous
[trait.cpp:595]: Made sympathy_zoroastrianism into opposite of zealous
[trait.cpp:595]: Made sympathy_judaism into opposite of zealous
[trait.cpp:595]: Made sympathy_indian into opposite of zealous
[trait.cpp:1221]: Trait #264 tag = zealous name = Zealous
[trait.cpp:1221]: Trait #265 tag = hajjaj name = Hajajj
[trait.cpp:1221]: Trait #266 tag = indian_pilgrim name = Pilgrim
[trait.cpp:1221]: Trait #267 tag = kow_tow_travels name = On Kowtow
[trait.cpp:1221]: Trait #268 tag = kow_tow_completed_tier_1 name = Kowtow
[trait.cpp:1221]: Trait #269 tag = kow_tow_completed_tier_2 name = Kowtow
[trait.cpp:1221]: Trait #270 tag = kow_tow_completed_tier_3 name = Kowtow
[trait.cpp:1221]: Trait #271 tag = on_hajj name = On Hajj
[trait.cpp:1221]: Trait #272 tag = on_indian_pilgrimage name = On pilgrimage
[trait.cpp:1221]: Trait #273 tag = on_pilgrimage name = On pilgrimage
[trait.cpp:1221]: Trait #274 tag = pilgrim name = Pilgrim
[trait.cpp:1221]: Trait #275 tag = travelling name = On a Journey
[trait.cpp:1221]: Trait #276 tag = falconer name = Falconer
[trait.cpp:1221]: Trait #277 tag = physician name = Renowned Physician
[trait.cpp:1221]: Trait #278 tag = poet name = Poet
[trait.cpp:1221]: Trait #279 tag = sympathy_christendom name = Sympathy for [christian.GetGroupName] religions
[trait.cpp:1221]: Trait #280 tag = sympathy_indian name = Sympathy for [indian_group.GetGroupName] religions
[trait.cpp:1221]: Trait #281 tag = sympathy_islam name = Sympathy for [muslim.GetGroupName] religions
[trait.cpp:1221]: Trait #282 tag = sympathy_judaism name = Sympathy for [jewish.GetName] religions
[trait.cpp:1221]: Trait #283 tag = sympathy_pagans name = Sympathy for [pagan_group.GetGroupName] religions
[trait.cpp:1221]: Trait #284 tag = sympathy_zoroastrianism name = Sympathy for [zoroastrian_group.GetGroupName] religions
[trait.cpp:595]: Made mutazilite into opposite of ashari
[trait.cpp:1221]: Trait #285 tag = ashari name = Ash'ari
[trait.cpp:1221]: Trait #286 tag = bad_priest_aztec name = Unworthy Priest
[trait.cpp:1221]: Trait #287 tag = bad_priest_christian name = Wicked Priest
[trait.cpp:1221]: Trait #288 tag = bad_priest_muslim name = Wicked Caliph
[trait.cpp:1221]: Trait #289 tag = bad_priest_norse name = Unworthy Priest
[trait.cpp:1221]: Trait #290 tag = bad_priest_tengri name = Unworthy Priest
[trait.cpp:1221]: Trait #291 tag = bad_priest_zoroastrian name = Immoral Priest
[trait.cpp:595]: Made baptized_by_patriarch into opposite of baptized_by_bishop
[trait.cpp:595]: Made baptized_by_pope into opposite of baptized_by_bishop
[trait.cpp:595]: Made baptized_by_satan into opposite of baptized_by_bishop
[trait.cpp:1221]: Trait #292 tag = baptized_by_bishop name = Baptized by [GetBaptizedByName]
[trait.cpp:595]: Made baptized_by_pope into opposite of baptized_by_patriarch
[trait.cpp:595]: Made baptized_by_satan into opposite of baptized_by_patriarch
[trait.cpp:1221]: Trait #293 tag = baptized_by_patriarch name = Baptized by [GetBaptizedByName]
[trait.cpp:595]: Made baptized_by_satan into opposite of baptized_by_pope
[trait.cpp:1221]: Trait #294 tag = baptized_by_pope name = Baptized by [GetBaptizedByName]
[trait.cpp:1221]: Trait #295 tag = baptized_by_satan name = Baptized by [baptizing_satanist_per.GetTitledFirstName]
[trait.cpp:1221]: Trait #296 tag = beatified name = Beatified
[trait.cpp:1221]: Trait #297 tag = blessed_ancestor name = Blessed Ancestor
[trait.cpp:595]: Made bloodthirsty_gods_2 into opposite of bloodthirsty_gods_1
[trait.cpp:595]: Made bloodthirsty_gods_3 into opposite of bloodthirsty_gods_1
[trait.cpp:1221]: Trait #298 tag = bloodthirsty_gods_1 name = Haemophiliac
[trait.cpp:595]: Made bloodthirsty_gods_3 into opposite of bloodthirsty_gods_2
[trait.cpp:1221]: Trait #299 tag = bloodthirsty_gods_2 name = Haemophant
[trait.cpp:1221]: Trait #300 tag = bloodthirsty_gods_3 name = Haemoarch
[trait.cpp:1221]: Trait #301 tag = faqih name = Faqih
[trait.cpp:1221]: Trait #302 tag = hafiz name = Hafiz
[trait.cpp:1221]: Trait #303 tag = heresiarch name = Heresiarch
[trait.cpp:1221]: Trait #304 tag = mutazilite name = Mu'tazilite
[trait.cpp:1221]: Trait #305 tag = saint name = Saint
[trait.cpp:1221]: Trait #306 tag = saoshyant name = Saoshyant
[trait.cpp:1221]: Trait #307 tag = aryika name = Aryika
[trait.cpp:1221]: Trait #308 tag = bhikkhu name = Bhikkhu
[trait.cpp:1221]: Trait #309 tag = bhikkhuni name = Bhikkuni
[trait.cpp:1221]: Trait #310 tag = monk name = Monk
[trait.cpp:1221]: Trait #311 tag = muni name = Muni
[trait.cpp:1221]: Trait #312 tag = nun name = Nun
[trait.cpp:1221]: Trait #313 tag = sanyasi name = Sanyasi
[trait.cpp:1221]: Trait #314 tag = sanyasini name = Sanyasini
[trait.cpp:595]: Made pagan_branch_2 into opposite of pagan_branch_1
[trait.cpp:595]: Made pagan_branch_3 into opposite of pagan_branch_1
[trait.cpp:595]: Made pagan_branch_4 into opposite of pagan_branch_1
[trait.cpp:1221]: Trait #315 tag = pagan_branch_1 name = Syncretist
[trait.cpp:595]: Made pagan_branch_3 into opposite of pagan_branch_2
[trait.cpp:595]: Made pagan_branch_4 into opposite of pagan_branch_2
[trait.cpp:1221]: Trait #316 tag = pagan_branch_2 name = Spiritualist
[trait.cpp:595]: Made pagan_branch_4 into opposite of pagan_branch_3
[trait.cpp:1221]: Trait #317 tag = pagan_branch_3 name = Militant
[trait.cpp:1221]: Trait #318 tag = pagan_branch_4 name = Tribalist
[trait.cpp:595]: Made vaishnavist_hindu into opposite of shaivist_hindu
[trait.cpp:595]: Made shaktist_hindu into opposite of shaivist_hindu
[trait.cpp:595]: Made smartist_hindu into opposite of shaivist_hindu
[trait.cpp:1221]: Trait #319 tag = shaivist_hindu name = Shaivist
[trait.cpp:595]: Made vaishnavist_hindu into opposite of shaktist_hindu
[trait.cpp:595]: Made smartist_hindu into opposite of shaktist_hindu
[trait.cpp:1221]: Trait #320 tag = shaktist_hindu name = Shaktist
[trait.cpp:595]: Made vaishnavist_hindu into opposite of smartist_hindu
[trait.cpp:1221]: Trait #321 tag = smartist_hindu name = Smartist
[trait.cpp:1221]: Trait #322 tag = vaishnavist_hindu name = Vaishnavist
[trait.cpp:595]: Made vajrayana_buddhist into opposite of mahayana_buddhist
[trait.cpp:595]: Made theravada_buddhist into opposite of mahayana_buddhist
[trait.cpp:1221]: Trait #323 tag = mahayana_buddhist name = Mahayana [buddhist.GetName]
[trait.cpp:595]: Made vajrayana_buddhist into opposite of theravada_buddhist
[trait.cpp:1221]: Trait #324 tag = theravada_buddhist name = Theravada [buddhist.GetName]
[trait.cpp:1221]: Trait #325 tag = vajrayana_buddhist name = Vajrayana [buddhist.GetName]
[trait.cpp:595]: Made svetambara_jain into opposite of digambara_jain
[trait.cpp:1221]: Trait #326 tag = digambara_jain name = Digambara [jain.GetName]
[trait.cpp:1221]: Trait #327 tag = svetambara_jain name = Svetambara [jain.GetName]
[trait.cpp:595]: Made kshatriya into opposite of brahmin
[trait.cpp:595]: Made vaishya into opposite of brahmin
[trait.cpp:1221]: Trait #328 tag = brahmin name = Brahmin
[trait.cpp:595]: Made vaishya into opposite of kshatriya
[trait.cpp:1221]: Trait #329 tag = kshatriya name = Kshatriya
[trait.cpp:1221]: Trait #330 tag = vaishya name = Vaishya
[trait.cpp:595]: Made african_tattoo_2 into opposite of african_tattoo_1
[trait.cpp:595]: Made african_tattoo_3 into opposite of african_tattoo_1
[trait.cpp:595]: Made african_tattoo_4 into opposite of african_tattoo_1
[trait.cpp:595]: Made african_tattoo_5 into opposite of african_tattoo_1
[trait.cpp:595]: Made african_tattoo_6 into opposite of african_tattoo_1
[trait.cpp:595]: Made african_tattoo_7 into opposite of african_tattoo_1
[trait.cpp:595]: Made african_tattoo_8 into opposite of african_tattoo_1
[trait.cpp:595]: Made african_tattoo_9 into opposite of african_tattoo_1
[trait.cpp:595]: Made african_tattoo_10 into opposite of african_tattoo_1
[trait.cpp:595]: Made african_tattoo_11 into opposite of african_tattoo_1
[trait.cpp:595]: Made african_tattoo_12 into opposite of african_tattoo_1
[trait.cpp:595]: Made norse_tattoo_1 into opposite of african_tattoo_1
[trait.cpp:595]: Made norse_tattoo_2 into opposite of african_tattoo_1
[trait.cpp:595]: Made norse_tattoo_3 into opposite of african_tattoo_1
[trait.cpp:595]: Made norse_tattoo_4 into opposite of african_tattoo_1
[trait.cpp:595]: Made norse_tattoo_5 into opposite of african_tattoo_1
[trait.cpp:595]: Made norse_tattoo_6 into opposite of african_tattoo_1
[trait.cpp:595]: Made slavic_tattoo_1 into opposite of african_tattoo_1
[trait.cpp:595]: Made slavic_tattoo_2 into opposite of african_tattoo_1
[trait.cpp:595]: Made slavic_tattoo_3 into opposite of african_tattoo_1
[trait.cpp:595]: Made slavic_tattoo_4 into opposite of african_tattoo_1
[trait.cpp:595]: Made slavic_tattoo_5 into opposite of african_tattoo_1
[trait.cpp:595]: Made slavic_tattoo_6 into opposite of african_tattoo_1
[trait.cpp:1221]: Trait #331 tag = african_tattoo_1 name = dummy
[trait.cpp:595]: Made african_tattoo_3 into opposite of african_tattoo_2
[trait.cpp:595]: Made african_tattoo_4 into opposite of african_tattoo_2
[trait.cpp:595]: Made african_tattoo_5 into opposite of african_tattoo_2
[trait.cpp:595]: Made african_tattoo_6 into opposite of african_tattoo_2
[trait.cpp:595]: Made african_tattoo_7 into opposite of african_tattoo_2
[trait.cpp:595]: Made african_tattoo_8 into opposite of african_tattoo_2
[trait.cpp:595]: Made african_tattoo_9 into opposite of african_tattoo_2
[trait.cpp:595]: Made african_tattoo_10 into opposite of african_tattoo_2
[trait.cpp:595]: Made african_tattoo_11 into opposite of african_tattoo_2
[trait.cpp:595]: Made african_tattoo_12 into opposite of african_tattoo_2
[trait.cpp:595]: Made norse_tattoo_1 into opposite of african_tattoo_2
[trait.cpp:595]: Made norse_tattoo_2 into opposite of african_tattoo_2
[trait.cpp:595]: Made norse_tattoo_3 into opposite of african_tattoo_2
[trait.cpp:595]: Made norse_tattoo_4 into opposite of african_tattoo_2
[trait.cpp:595]: Made norse_tattoo_5 into opposite of african_tattoo_2
[trait.cpp:595]: Made norse_tattoo_6 into opposite of african_tattoo_2
[trait.cpp:595]: Made slavic_tattoo_1 into opposite of african_tattoo_2
[trait.cpp:595]: Made slavic_tattoo_2 into opposite of african_tattoo_2
[trait.cpp:595]: Made slavic_tattoo_3 into opposite of african_tattoo_2
[trait.cpp:595]: Made slavic_tattoo_4 into opposite of african_tattoo_2
[trait.cpp:595]: Made slavic_tattoo_5 into opposite of african_tattoo_2
[trait.cpp:595]: Made slavic_tattoo_6 into opposite of african_tattoo_2
[trait.cpp:1221]: Trait #332 tag = african_tattoo_2 name = dummy
[trait.cpp:595]: Made african_tattoo_4 into opposite of african_tattoo_3
[trait.cpp:595]: Made african_tattoo_5 into opposite of african_tattoo_3
[trait.cpp:595]: Made african_tattoo_6 into opposite of african_tattoo_3
[trait.cpp:595]: Made african_tattoo_7 into opposite of african_tattoo_3
[trait.cpp:595]: Made african_tattoo_8 into opposite of african_tattoo_3
[trait.cpp:595]: Made african_tattoo_9 into opposite of african_tattoo_3
[trait.cpp:595]: Made african_tattoo_10 into opposite of african_tattoo_3
[trait.cpp:595]: Made african_tattoo_11 into opposite of african_tattoo_3
[trait.cpp:595]: Made african_tattoo_12 into opposite of african_tattoo_3
[trait.cpp:595]: Made norse_tattoo_1 into opposite of african_tattoo_3
[trait.cpp:595]: Made norse_tattoo_2 into opposite of african_tattoo_3
[trait.cpp:595]: Made norse_tattoo_3 into opposite of african_tattoo_3
[trait.cpp:595]: Made norse_tattoo_4 into opposite of african_tattoo_3
[trait.cpp:595]: Made norse_tattoo_5 into opposite of african_tattoo_3
[trait.cpp:595]: Made norse_tattoo_6 into opposite of african_tattoo_3
[trait.cpp:595]: Made slavic_tattoo_1 into opposite of african_tattoo_3
[trait.cpp:595]: Made slavic_tattoo_2 into opposite of african_tattoo_3
[trait.cpp:595]: Made slavic_tattoo_3 into opposite of african_tattoo_3
[trait.cpp:595]: Made slavic_tattoo_4 into opposite of african_tattoo_3
[trait.cpp:595]: Made slavic_tattoo_5 into opposite of african_tattoo_3
[trait.cpp:595]: Made slavic_tattoo_6 into opposite of african_tattoo_3
[trait.cpp:1221]: Trait #333 tag = african_tattoo_3 name = dummy
[trait.cpp:595]: Made african_tattoo_5 into opposite of african_tattoo_4
[trait.cpp:595]: Made african_tattoo_6 into opposite of african_tattoo_4
[trait.cpp:595]: Made african_tattoo_7 into opposite of african_tattoo_4
[trait.cpp:595]: Made african_tattoo_8 into opposite of african_tattoo_4
[trait.cpp:595]: Made african_tattoo_9 into opposite of african_tattoo_4
[trait.cpp:595]: Made african_tattoo_10 into opposite of african_tattoo_4
[trait.cpp:595]: Made african_tattoo_11 into opposite of african_tattoo_4
[trait.cpp:595]: Made african_tattoo_12 into opposite of african_tattoo_4
[trait.cpp:595]: Made norse_tattoo_1 into opposite of african_tattoo_4
[trait.cpp:595]: Made norse_tattoo_2 into opposite of african_tattoo_4
[trait.cpp:595]: Made norse_tattoo_3 into opposite of african_tattoo_4
[trait.cpp:595]: Made norse_tattoo_4 into opposite of african_tattoo_4
[trait.cpp:595]: Made norse_tattoo_5 into opposite of african_tattoo_4
[trait.cpp:595]: Made norse_tattoo_6 into opposite of african_tattoo_4
[trait.cpp:595]: Made slavic_tattoo_1 into opposite of african_tattoo_4
[trait.cpp:595]: Made slavic_tattoo_2 into opposite of african_tattoo_4
[trait.cpp:595]: Made slavic_tattoo_3 into opposite of african_tattoo_4
[trait.cpp:595]: Made slavic_tattoo_4 into opposite of african_tattoo_4
[trait.cpp:595]: Made slavic_tattoo_5 into opposite of african_tattoo_4
[trait.cpp:595]: Made slavic_tattoo_6 into opposite of african_tattoo_4
[trait.cpp:1221]: Trait #334 tag = african_tattoo_4 name = dummy
[trait.cpp:595]: Made african_tattoo_6 into opposite of african_tattoo_5
[trait.cpp:595]: Made african_tattoo_7 into opposite of african_tattoo_5
[trait.cpp:595]: Made african_tattoo_8 into opposite of african_tattoo_5
[trait.cpp:595]: Made african_tattoo_9 into opposite of african_tattoo_5
[trait.cpp:595]: Made african_tattoo_10 into opposite of african_tattoo_5
[trait.cpp:595]: Made african_tattoo_11 into opposite of african_tattoo_5
[trait.cpp:595]: Made african_tattoo_12 into opposite of african_tattoo_5
[trait.cpp:595]: Made norse_tattoo_1 into opposite of african_tattoo_5
[trait.cpp:595]: Made norse_tattoo_2 into opposite of african_tattoo_5
[trait.cpp:595]: Made norse_tattoo_3 into opposite of african_tattoo_5
[trait.cpp:595]: Made norse_tattoo_4 into opposite of african_tattoo_5
[trait.cpp:595]: Made norse_tattoo_5 into opposite of african_tattoo_5
[trait.cpp:595]: Made norse_tattoo_6 into opposite of african_tattoo_5
[trait.cpp:595]: Made slavic_tattoo_1 into opposite of african_tattoo_5
[trait.cpp:595]: Made slavic_tattoo_2 into opposite of african_tattoo_5
[trait.cpp:595]: Made slavic_tattoo_3 into opposite of african_tattoo_5
[trait.cpp:595]: Made slavic_tattoo_4 into opposite of african_tattoo_5
[trait.cpp:595]: Made slavic_tattoo_5 into opposite of african_tattoo_5
[trait.cpp:595]: Made slavic_tattoo_6 into opposite of african_tattoo_5
[trait.cpp:1221]: Trait #335 tag = african_tattoo_5 name = dummy
[trait.cpp:595]: Made african_tattoo_7 into opposite of african_tattoo_6
[trait.cpp:595]: Made african_tattoo_8 into opposite of african_tattoo_6
[trait.cpp:595]: Made african_tattoo_9 into opposite of african_tattoo_6
[trait.cpp:595]: Made african_tattoo_10 into opposite of african_tattoo_6
[trait.cpp:595]: Made african_tattoo_11 into opposite of african_tattoo_6
[trait.cpp:595]: Made african_tattoo_12 into opposite of african_tattoo_6
[trait.cpp:595]: Made norse_tattoo_1 into opposite of african_tattoo_6
[trait.cpp:595]: Made norse_tattoo_2 into opposite of african_tattoo_6
[trait.cpp:595]: Made norse_tattoo_3 into opposite of african_tattoo_6
[trait.cpp:595]: Made norse_tattoo_4 into opposite of african_tattoo_6
[trait.cpp:595]: Made norse_tattoo_5 into opposite of african_tattoo_6
[trait.cpp:595]: Made norse_tattoo_6 into opposite of african_tattoo_6
[trait.cpp:595]: Made slavic_tattoo_1 into opposite of african_tattoo_6
[trait.cpp:595]: Made slavic_tattoo_2 into opposite of african_tattoo_6
[trait.cpp:595]: Made slavic_tattoo_3 into opposite of african_tattoo_6
[trait.cpp:595]: Made slavic_tattoo_4 into opposite of african_tattoo_6
[trait.cpp:595]: Made slavic_tattoo_5 into opposite of african_tattoo_6
[trait.cpp:595]: Made slavic_tattoo_6 into opposite of african_tattoo_6
[trait.cpp:1221]: Trait #336 tag = african_tattoo_6 name = dummy
[trait.cpp:595]: Made african_tattoo_8 into opposite of african_tattoo_7
[trait.cpp:595]: Made african_tattoo_9 into opposite of african_tattoo_7
[trait.cpp:595]: Made african_tattoo_10 into opposite of african_tattoo_7
[trait.cpp:595]: Made african_tattoo_11 into opposite of african_tattoo_7
[trait.cpp:595]: Made african_tattoo_12 into opposite of african_tattoo_7
[trait.cpp:595]: Made norse_tattoo_1 into opposite of african_tattoo_7
[trait.cpp:595]: Made norse_tattoo_2 into opposite of african_tattoo_7
[trait.cpp:595]: Made norse_tattoo_3 into opposite of african_tattoo_7
[trait.cpp:595]: Made norse_tattoo_4 into opposite of african_tattoo_7
[trait.cpp:595]: Made norse_tattoo_5 into opposite of african_tattoo_7
[trait.cpp:595]: Made norse_tattoo_6 into opposite of african_tattoo_7
[trait.cpp:595]: Made slavic_tattoo_1 into opposite of african_tattoo_7
[trait.cpp:595]: Made slavic_tattoo_2 into opposite of african_tattoo_7
[trait.cpp:595]: Made slavic_tattoo_3 into opposite of african_tattoo_7
[trait.cpp:595]: Made slavic_tattoo_4 into opposite of african_tattoo_7
[trait.cpp:595]: Made slavic_tattoo_5 into opposite of african_tattoo_7
[trait.cpp:595]: Made slavic_tattoo_6 into opposite of african_tattoo_7
[trait.cpp:1221]: Trait #337 tag = african_tattoo_7 name = dummy
[trait.cpp:595]: Made african_tattoo_9 into opposite of african_tattoo_8
[trait.cpp:595]: Made african_tattoo_10 into opposite of african_tattoo_8
[trait.cpp:595]: Made african_tattoo_11 into opposite of african_tattoo_8
[trait.cpp:595]: Made african_tattoo_12 into opposite of african_tattoo_8
[trait.cpp:595]: Made norse_tattoo_1 into opposite of african_tattoo_8
[trait.cpp:595]: Made norse_tattoo_2 into opposite of african_tattoo_8
[trait.cpp:595]: Made norse_tattoo_3 into opposite of african_tattoo_8
[trait.cpp:595]: Made norse_tattoo_4 into opposite of african_tattoo_8
[trait.cpp:595]: Made norse_tattoo_5 into opposite of african_tattoo_8
[trait.cpp:595]: Made norse_tattoo_6 into opposite of african_tattoo_8
[trait.cpp:595]: Made slavic_tattoo_1 into opposite of african_tattoo_8
[trait.cpp:595]: Made slavic_tattoo_2 into opposite of african_tattoo_8
[trait.cpp:595]: Made slavic_tattoo_3 into opposite of african_tattoo_8
[trait.cpp:595]: Made slavic_tattoo_4 into opposite of african_tattoo_8
[trait.cpp:595]: Made slavic_tattoo_5 into opposite of african_tattoo_8
[trait.cpp:595]: Made slavic_tattoo_6 into opposite of african_tattoo_8
[trait.cpp:1221]: Trait #338 tag = african_tattoo_8 name = dummy
[trait.cpp:595]: Made african_tattoo_10 into opposite of african_tattoo_9
[trait.cpp:595]: Made african_tattoo_11 into opposite of african_tattoo_9
[trait.cpp:595]: Made african_tattoo_12 into opposite of african_tattoo_9
[trait.cpp:595]: Made norse_tattoo_1 into opposite of african_tattoo_9
[trait.cpp:595]: Made norse_tattoo_2 into opposite of african_tattoo_9
[trait.cpp:595]: Made norse_tattoo_3 into opposite of african_tattoo_9
[trait.cpp:595]: Made norse_tattoo_4 into opposite of african_tattoo_9
[trait.cpp:595]: Made norse_tattoo_5 into opposite of african_tattoo_9
[trait.cpp:595]: Made norse_tattoo_6 into opposite of african_tattoo_9
[trait.cpp:595]: Made slavic_tattoo_1 into opposite of african_tattoo_9
[trait.cpp:595]: Made slavic_tattoo_2 into opposite of african_tattoo_9
[trait.cpp:595]: Made slavic_tattoo_3 into opposite of african_tattoo_9
[trait.cpp:595]: Made slavic_tattoo_4 into opposite of african_tattoo_9
[trait.cpp:595]: Made slavic_tattoo_5 into opposite of african_tattoo_9
[trait.cpp:595]: Made slavic_tattoo_6 into opposite of african_tattoo_9
[trait.cpp:1221]: Trait #339 tag = african_tattoo_9 name = dummy
[trait.cpp:595]: Made african_tattoo_11 into opposite of african_tattoo_10
[trait.cpp:595]: Made african_tattoo_12 into opposite of african_tattoo_10
[trait.cpp:595]: Made norse_tattoo_1 into opposite of african_tattoo_10
[trait.cpp:595]: Made norse_tattoo_2 into opposite of african_tattoo_10
[trait.cpp:595]: Made norse_tattoo_3 into opposite of african_tattoo_10
[trait.cpp:595]: Made norse_tattoo_4 into opposite of african_tattoo_10
[trait.cpp:595]: Made norse_tattoo_5 into opposite of african_tattoo_10
[trait.cpp:595]: Made norse_tattoo_6 into opposite of african_tattoo_10
[trait.cpp:595]: Made slavic_tattoo_1 into opposite of african_tattoo_10
[trait.cpp:595]: Made slavic_tattoo_2 into opposite of african_tattoo_10
[trait.cpp:595]: Made slavic_tattoo_3 into opposite of african_tattoo_10
[trait.cpp:595]: Made slavic_tattoo_4 into opposite of african_tattoo_10
[trait.cpp:595]: Made slavic_tattoo_5 into opposite of african_tattoo_10
[trait.cpp:595]: Made slavic_tattoo_6 into opposite of african_tattoo_10
[trait.cpp:1221]: Trait #340 tag = african_tattoo_10 name = dummy
[trait.cpp:595]: Made african_tattoo_12 into opposite of african_tattoo_11
[trait.cpp:595]: Made norse_tattoo_1 into opposite of african_tattoo_11
[trait.cpp:595]: Made norse_tattoo_2 into opposite of african_tattoo_11
[trait.cpp:595]: Made norse_tattoo_3 into opposite of african_tattoo_11
[trait.cpp:595]: Made norse_tattoo_4 into opposite of african_tattoo_11
[trait.cpp:595]: Made norse_tattoo_5 into opposite of african_tattoo_11
[trait.cpp:595]: Made norse_tattoo_6 into opposite of african_tattoo_11
[trait.cpp:595]: Made slavic_tattoo_1 into opposite of african_tattoo_11
[trait.cpp:595]: Made slavic_tattoo_2 into opposite of african_tattoo_11
[trait.cpp:595]: Made slavic_tattoo_3 into opposite of african_tattoo_11
[trait.cpp:595]: Made slavic_tattoo_4 into opposite of african_tattoo_11
[trait.cpp:595]: Made slavic_tattoo_5 into opposite of african_tattoo_11
[trait.cpp:595]: Made slavic_tattoo_6 into opposite of african_tattoo_11
[trait.cpp:1221]: Trait #341 tag = african_tattoo_11 name = dummy
[trait.cpp:595]: Made norse_tattoo_1 into opposite of african_tattoo_12
[trait.cpp:595]: Made norse_tattoo_2 into opposite of african_tattoo_12
[trait.cpp:595]: Made norse_tattoo_3 into opposite of african_tattoo_12
[trait.cpp:595]: Made norse_tattoo_4 into opposite of african_tattoo_12
[trait.cpp:595]: Made norse_tattoo_5 into opposite of african_tattoo_12
[trait.cpp:595]: Made norse_tattoo_6 into opposite of african_tattoo_12
[trait.cpp:595]: Made slavic_tattoo_1 into opposite of african_tattoo_12
[trait.cpp:595]: Made slavic_tattoo_2 into opposite of african_tattoo_12
[trait.cpp:595]: Made slavic_tattoo_3 into opposite of african_tattoo_12
[trait.cpp:595]: Made slavic_tattoo_4 into opposite of african_tattoo_12
[trait.cpp:595]: Made slavic_tattoo_5 into opposite of african_tattoo_12
[trait.cpp:595]: Made slavic_tattoo_6 into opposite of african_tattoo_12
[trait.cpp:1221]: Trait #342 tag = african_tattoo_12 name = dummy
[trait.cpp:595]: Made norse_tattoo_2 into opposite of norse_tattoo_1
[trait.cpp:595]: Made norse_tattoo_3 into opposite of norse_tattoo_1
[trait.cpp:595]: Made norse_tattoo_4 into opposite of norse_tattoo_1
[trait.cpp:595]: Made norse_tattoo_5 into opposite of norse_tattoo_1
[trait.cpp:595]: Made norse_tattoo_6 into opposite of norse_tattoo_1
[trait.cpp:595]: Made slavic_tattoo_1 into opposite of norse_tattoo_1
[trait.cpp:595]: Made slavic_tattoo_2 into opposite of norse_tattoo_1
[trait.cpp:595]: Made slavic_tattoo_3 into opposite of norse_tattoo_1
[trait.cpp:595]: Made slavic_tattoo_4 into opposite of norse_tattoo_1
[trait.cpp:595]: Made slavic_tattoo_5 into opposite of norse_tattoo_1
[trait.cpp:595]: Made slavic_tattoo_6 into opposite of norse_tattoo_1
[trait.cpp:1221]: Trait #343 tag = norse_tattoo_1 name = dummy
[trait.cpp:595]: Made norse_tattoo_3 into opposite of norse_tattoo_2
[trait.cpp:595]: Made norse_tattoo_4 into opposite of norse_tattoo_2
[trait.cpp:595]: Made norse_tattoo_5 into opposite of norse_tattoo_2
[trait.cpp:595]: Made norse_tattoo_6 into opposite of norse_tattoo_2
[trait.cpp:595]: Made slavic_tattoo_1 into opposite of norse_tattoo_2
[trait.cpp:595]: Made slavic_tattoo_2 into opposite of norse_tattoo_2
[trait.cpp:595]: Made slavic_tattoo_3 into opposite of norse_tattoo_2
[trait.cpp:595]: Made slavic_tattoo_4 into opposite of norse_tattoo_2
[trait.cpp:595]: Made slavic_tattoo_5 into opposite of norse_tattoo_2
[trait.cpp:595]: Made slavic_tattoo_6 into opposite of norse_tattoo_2
[trait.cpp:1221]: Trait #344 tag = norse_tattoo_2 name = dummy
[trait.cpp:595]: Made norse_tattoo_4 into opposite of norse_tattoo_3
[trait.cpp:595]: Made norse_tattoo_5 into opposite of norse_tattoo_3
[trait.cpp:595]: Made norse_tattoo_6 into opposite of norse_tattoo_3
[trait.cpp:595]: Made slavic_tattoo_1 into opposite of norse_tattoo_3
[trait.cpp:595]: Made slavic_tattoo_2 into opposite of norse_tattoo_3
[trait.cpp:595]: Made slavic_tattoo_3 into opposite of norse_tattoo_3
[trait.cpp:595]: Made slavic_tattoo_4 into opposite of norse_tattoo_3
[trait.cpp:595]: Made slavic_tattoo_5 into opposite of norse_tattoo_3
[trait.cpp:595]: Made slavic_tattoo_6 into opposite of norse_tattoo_3
[trait.cpp:1221]: Trait #345 tag = norse_tattoo_3 name = dummy
[trait.cpp:595]: Made norse_tattoo_5 into opposite of norse_tattoo_4
[trait.cpp:595]: Made norse_tattoo_6 into opposite of norse_tattoo_4
[trait.cpp:595]: Made slavic_tattoo_1 into opposite of norse_tattoo_4
[trait.cpp:595]: Made slavic_tattoo_2 into opposite of norse_tattoo_4
[trait.cpp:595]: Made slavic_tattoo_3 into opposite of norse_tattoo_4
[trait.cpp:595]: Made slavic_tattoo_4 into opposite of norse_tattoo_4
[trait.cpp:595]: Made slavic_tattoo_5 into opposite of norse_tattoo_4
[trait.cpp:595]: Made slavic_tattoo_6 into opposite of norse_tattoo_4
[trait.cpp:1221]: Trait #346 tag = norse_tattoo_4 name = dummy
[trait.cpp:595]: Made norse_tattoo_6 into opposite of norse_tattoo_5
[trait.cpp:595]: Made slavic_tattoo_1 into opposite of norse_tattoo_5
[trait.cpp:595]: Made slavic_tattoo_2 into opposite of norse_tattoo_5
[trait.cpp:595]: Made slavic_tattoo_3 into opposite of norse_tattoo_5
[trait.cpp:595]: Made slavic_tattoo_4 into opposite of norse_tattoo_5
[trait.cpp:595]: Made slavic_tattoo_5 into opposite of norse_tattoo_5
[trait.cpp:595]: Made slavic_tattoo_6 into opposite of norse_tattoo_5
[trait.cpp:1221]: Trait #347 tag = norse_tattoo_5 name = dummy
[trait.cpp:595]: Made slavic_tattoo_1 into opposite of norse_tattoo_6
[trait.cpp:595]: Made slavic_tattoo_2 into opposite of norse_tattoo_6
[trait.cpp:595]: Made slavic_tattoo_3 into opposite of norse_tattoo_6
[trait.cpp:595]: Made slavic_tattoo_4 into opposite of norse_tattoo_6
[trait.cpp:595]: Made slavic_tattoo_5 into opposite of norse_tattoo_6
[trait.cpp:595]: Made slavic_tattoo_6 into opposite of norse_tattoo_6
[trait.cpp:1221]: Trait #348 tag = norse_tattoo_6 name = dummy
[trait.cpp:595]: Made slavic_tattoo_2 into opposite of slavic_tattoo_1
[trait.cpp:595]: Made slavic_tattoo_3 into opposite of slavic_tattoo_1
[trait.cpp:595]: Made slavic_tattoo_4 into opposite of slavic_tattoo_1
[trait.cpp:595]: Made slavic_tattoo_5 into opposite of slavic_tattoo_1
[trait.cpp:595]: Made slavic_tattoo_6 into opposite of slavic_tattoo_1
[trait.cpp:1221]: Trait #349 tag = slavic_tattoo_1 name = dummy
[trait.cpp:595]: Made slavic_tattoo_3 into opposite of slavic_tattoo_2
[trait.cpp:595]: Made slavic_tattoo_4 into opposite of slavic_tattoo_2
[trait.cpp:595]: Made slavic_tattoo_5 into opposite of slavic_tattoo_2
[trait.cpp:595]: Made slavic_tattoo_6 into opposite of slavic_tattoo_2
[trait.cpp:1221]: Trait #350 tag = slavic_tattoo_2 name = dummy
[trait.cpp:595]: Made slavic_tattoo_4 into opposite of slavic_tattoo_3
[trait.cpp:595]: Made slavic_tattoo_5 into opposite of slavic_tattoo_3
[trait.cpp:595]: Made slavic_tattoo_6 into opposite of slavic_tattoo_3
[trait.cpp:1221]: Trait #351 tag = slavic_tattoo_3 name = dummy
[trait.cpp:595]: Made slavic_tattoo_5 into opposite of slavic_tattoo_4
[trait.cpp:595]: Made slavic_tattoo_6 into opposite of slavic_tattoo_4
[trait.cpp:1221]: Trait #352 tag = slavic_tattoo_4 name = dummy
[trait.cpp:595]: Made slavic_tattoo_6 into opposite of slavic_tattoo_5
[trait.cpp:1221]: Trait #353 tag = slavic_tattoo_5 name = dummy
[trait.cpp:1221]: Trait #354 tag = slavic_tattoo_6 name = dummy
[trait.cpp:595]: Made scarred_mid into opposite of scarred
[trait.cpp:595]: Made scarred_high into opposite of scarred
[trait.cpp:1221]: Trait #355 tag = scarred name = Scarred
[trait.cpp:595]: Made scarred_high into opposite of scarred_mid
[trait.cpp:1221]: Trait #356 tag = scarred_mid name = Grievously Scarred
[trait.cpp:1221]: Trait #357 tag = scarred_high name = Horrifically Scarred
[trait.cpp:595]: Made scarred_type_2 into opposite of scarred_type_1
[trait.cpp:595]: Made scarred_type_3 into opposite of scarred_type_1
[trait.cpp:595]: Made scarred_type_4 into opposite of scarred_type_1
[trait.cpp:595]: Made scarred_type_5 into opposite of scarred_type_1
[trait.cpp:595]: Made scarred_type_6 into opposite of scarred_type_1
[trait.cpp:595]: Made scarred_type_7 into opposite of scarred_type_1
[trait.cpp:595]: Made scarred_type_8 into opposite of scarred_type_1
[trait.cpp:595]: Made scarred_type_9 into opposite of scarred_type_1
[trait.cpp:595]: Made scarred_type_10 into opposite of scarred_type_1
[trait.cpp:1221]: Trait #358 tag = scarred_type_1 name = dummy
[trait.cpp:595]: Made scarred_type_3 into opposite of scarred_type_2
[trait.cpp:595]: Made scarred_type_4 into opposite of scarred_type_2
[trait.cpp:595]: Made scarred_type_5 into opposite of scarred_type_2
[trait.cpp:595]: Made scarred_type_6 into opposite of scarred_type_2
[trait.cpp:595]: Made scarred_type_7 into opposite of scarred_type_2
[trait.cpp:595]: Made scarred_type_8 into opposite of scarred_type_2
[trait.cpp:595]: Made scarred_type_9 into opposite of scarred_type_2
[trait.cpp:595]: Made scarred_type_10 into opposite of scarred_type_2
[trait.cpp:1221]: Trait #359 tag = scarred_type_2 name = dummy
[trait.cpp:595]: Made scarred_type_4 into opposite of scarred_type_3
[trait.cpp:595]: Made scarred_type_5 into opposite of scarred_type_3
[trait.cpp:595]: Made scarred_type_6 into opposite of scarred_type_3
[trait.cpp:595]: Made scarred_type_7 into opposite of scarred_type_3
[trait.cpp:595]: Made scarred_type_8 into opposite of scarred_type_3
[trait.cpp:595]: Made scarred_type_9 into opposite of scarred_type_3
[trait.cpp:595]: Made scarred_type_10 into opposite of scarred_type_3
[trait.cpp:1221]: Trait #360 tag = scarred_type_3 name = dummy
[trait.cpp:595]: Made scarred_type_5 into opposite of scarred_type_4
[trait.cpp:595]: Made scarred_type_6 into opposite of scarred_type_4
[eventmanager.cpp:269]: Events loaded events/HFP_pregnancy_events.txt' #214
[trait.cpp:595]: Made scarred_type_7 into opposite of scarred_type_4
[trait.cpp:595]: Made scarred_type_8 into opposite of scarred_type_4
[trait.cpp:595]: Made scarred_type_9 into opposite of scarred_type_4
[trait.cpp:595]: Made scarred_type_10 into opposite of scarred_type_4
[trait.cpp:1221]: Trait #361 tag = scarred_type_4 name = dummy
[trait.cpp:595]: Made scarred_type_6 into opposite of scarred_type_5
[trait.cpp:595]: Made scarred_type_7 into opposite of scarred_type_5
[trait.cpp:595]: Made scarred_type_8 into opposite of scarred_type_5
[trait.cpp:595]: Made scarred_type_9 into opposite of scarred_type_5
[trait.cpp:595]: Made scarred_type_10 into opposite of scarred_type_5
[trait.cpp:1221]: Trait #362 tag = scarred_type_5 name = dummy
[trait.cpp:595]: Made scarred_type_7 into opposite of scarred_type_6
[trait.cpp:595]: Made scarred_type_8 into opposite of scarred_type_6
[trait.cpp:595]: Made scarred_type_9 into opposite of scarred_type_6
[trait.cpp:595]: Made scarred_type_10 into opposite of scarred_type_6
[trait.cpp:1221]: Trait #363 tag = scarred_type_6 name = dummy
[trait.cpp:595]: Made scarred_type_8 into opposite of scarred_type_7
[trait.cpp:595]: Made scarred_type_9 into opposite of scarred_type_7
[trait.cpp:595]: Made scarred_type_10 into opposite of scarred_type_7
[trait.cpp:1221]: Trait #364 tag = scarred_type_7 name = dummy
[trait.cpp:595]: Made scarred_type_9 into opposite of scarred_type_8
[trait.cpp:595]: Made scarred_type_10 into opposite of scarred_type_8
[trait.cpp:1221]: Trait #365 tag = scarred_type_8 name = dummy
[trait.cpp:595]: Made scarred_type_10 into opposite of scarred_type_9
[trait.cpp:1221]: Trait #366 tag = scarred_type_9 name = dummy
[trait.cpp:1221]: Trait #367 tag = scarred_type_10 name = dummy
[trait.cpp:1221]: Trait #368 tag = adventurer name = Adventurer
[trait.cpp:1221]: Trait #369 tag = augustus name = Augustus
[trait.cpp:1221]: Trait #370 tag = cannibal name = Cannibal
[trait.cpp:1221]: Trait #371 tag = cannot_marry name = dummy
[trait.cpp:1221]: Trait #372 tag = child_of_consort name = Child of Concubine
[trait.cpp:1221]: Trait #373 tag = child_of_consort_male name = Child of Consort
[trait.cpp:1221]: Trait #374 tag = disinherited name = dummy
[trait.cpp:1221]: Trait #375 tag = reincarnation name = Reincarnation of [Reincarnation.GetBestName]
[trait.cpp:1221]: Trait #376 tag = immortal name = Immortal
[trait.cpp:1221]: Trait #377 tag = in_hiding name = In Hiding
[trait.cpp:595]: Made malnourished into opposite of fat
[trait.cpp:1221]: Trait #378 tag = fat name = Fat
[trait.cpp:1221]: Trait #379 tag = malnourished name = Malnourished
[trait.cpp:1221]: Trait #380 tag = peasant_leader name = Peasant Leader
[trait.cpp:595]: Made zodiac_leo into opposite of zodiac_aquarius
[trait.cpp:1221]: Trait #381 tag = zodiac_aquarius name = Aquarius
[trait.cpp:595]: Made zodiac_libra into opposite of zodiac_aries
[trait.cpp:1221]: Trait #382 tag = zodiac_aries name = Aries
[trait.cpp:595]: Made zodiac_capricorn into opposite of zodiac_cancer
[trait.cpp:1221]: Trait #383 tag = zodiac_cancer name = Cancer
[trait.cpp:1221]: Trait #384 tag = zodiac_capricorn name = Capricorn
[trait.cpp:595]: Made zodiac_sagittarius into opposite of zodiac_gemini
[trait.cpp:1221]: Trait #385 tag = zodiac_gemini name = Gemini
[trait.cpp:1221]: Trait #386 tag = zodiac_leo name = Leo
[trait.cpp:1221]: Trait #387 tag = zodiac_libra name = Libra
[trait.cpp:595]: Made zodiac_virgo into opposite of zodiac_pisces
[trait.cpp:1221]: Trait #388 tag = zodiac_pisces name = Pisces
[trait.cpp:1221]: Trait #389 tag = zodiac_sagittarius name = Sagittarius
[trait.cpp:595]: Made zodiac_taurus into opposite of zodiac_scorpio
[trait.cpp:1221]: Trait #390 tag = zodiac_scorpio name = Scorpio
[trait.cpp:1221]: Trait #391 tag = zodiac_taurus name = Taurus
[trait.cpp:1221]: Trait #392 tag = zodiac_virgo name = Virgo
[eventmanager.cpp:269]: Events loaded events/HFP_random_flavor_events.txt' #33
[eventmanager.cpp:269]: Events loaded events/HFP_realm_events.txt' #24
[eventmanager.cpp:269]: Events loaded events/HFP_religious_events.txt' #27
[eventmanager.cpp:269]: Events loaded events/HFP_trans_saharan_trade_events.txt' #6
[eventmanager.cpp:184]: >=== NAMESPACE > 'HF' is set to #1100000
[eventmanager.cpp:269]: Events loaded events/HF_alternate_start_events.txt' #11
[eventmanager.cpp:269]: Events loaded events/HF_ancestor_worship_events.txt' #2
[eventmanager.cpp:269]: Events loaded events/HF_antagonize_events.txt' #118
[map.cpp:524]: Terrain #0 name = text_0 with 1 colors assigned.
[map.cpp:524]: Terrain #1 name = text_1 with 1 colors assigned.
[map.cpp:524]: Terrain #2 name = text_2 with 1 colors assigned.
[map.cpp:524]: Terrain #3 name = text_3 with 1 colors assigned.
[map.cpp:524]: Terrain #4 name = text_4 with 1 colors assigned.
[map.cpp:524]: Terrain #5 name = text_5 with 1 colors assigned.
[map.cpp:524]: Terrain #6 name = text_6 with 1 colors assigned.
[map.cpp:524]: Terrain #7 name = text_7 with 1 colors assigned.
[map.cpp:524]: Terrain #8 name = text_8 with 1 colors assigned.
[map.cpp:524]: Terrain #9 name = text_9 with 1 colors assigned.
[map.cpp:524]: Terrain #10 name = text_10 with 1 colors assigned.
[map.cpp:524]: Terrain #11 name = text_11 with 1 colors assigned.
[map.cpp:524]: Terrain #12 name = text_12 with 1 colors assigned.
[map.cpp:524]: Terrain #13 name = text_13 with 1 colors assigned.
[map.cpp:524]: Terrain #14 name = text_14 with 1 colors assigned.
[map.cpp:524]: Terrain #15 name = text_15 with 1 colors assigned.
[map.cpp:524]: Terrain #16 name = text_16 with 1 colors assigned.
[map.cpp:833]: Continent #0 name = Scandinavia with 0province assigned.
[map.cpp:833]: Continent #1 name = British Isles with 86province assigned.
[map.cpp:833]: Continent #2 name = Iberia with 0province assigned.
[map.cpp:833]: Continent #3 name = Italy with 0province assigned.
[map.cpp:833]: Continent #4 name = France with 0province assigned.
[map.cpp:833]: Continent #5 name = North Africa with 0province assigned.
[map.cpp:833]: Continent #6 name = the Levant with 0province assigned.
[map.cpp:833]: Continent #7 name = the Balkans with 0province assigned.
[map.cpp:833]: Continent #8 name = Eastern Europe with 0province assigned.
[eventmanager.cpp:269]: Events loaded events/HF_baptism_events.txt' #118
[map.cpp:896]: Region #0 name = region_iceland with 0province assigned.
[map.cpp:896]: Region #1 name = region_faereyar with 0province assigned.
[map.cpp:896]: Region #2 name = region_shetland with 0province assigned.
[map.cpp:896]: Region #3 name = region_britain with 0province assigned.
[map.cpp:896]: Region #4 name = region_baleares with 0province assigned.
[map.cpp:896]: Region #5 name = region_sardinia_corsica with 0province assigned.
[map.cpp:896]: Region #6 name = region_malta with 0province assigned.
[map.cpp:896]: Region #7 name = region_crete with 0province assigned.
[map.cpp:896]: Region #8 name = region_cyprus with 0province assigned.
[map.cpp:896]: Region #9 name = region_socotra with 0province assigned.
[map.cpp:896]: Region #10 name = region_maldives with 0province assigned.
[map.cpp:896]: Region #11 name = region_canarias with 0province assigned.
[map.cpp:896]: Region #12 name = region_venice with 0province assigned.
[map.cpp:896]: Region #13 name = region_kolguyev with 0province assigned.
[map.cpp:964]: Region #0 name = East Africa with 0province assigned.
[map.cpp:964]: Region #1 name = Lower Nile Valley with 0province assigned.
[map.cpp:964]: Region #2 name = Northwest Africa with 0province assigned.
[map.cpp:964]: Region #3 name = North Africa with 0province assigned.
[map.cpp:964]: Region #4 name = West Africa with 0province assigned.
[map.cpp:964]: Region #5 name = Central Africa with 0province assigned.
[map.cpp:964]: Region #6 name = Africa with 0province assigned.
[map.cpp:964]: Region #7 name = Himalayas with 0province assigned.
[map.cpp:964]: Region #8 name = Bengal with 0province assigned.
[map.cpp:964]: Region #9 name = Deccan with 0province assigned.
[map.cpp:964]: Region #10 name = Rajastan with 0province assigned.
[map.cpp:964]: Region #11 name = India with 0province assigned.
[map.cpp:964]: Region #12 name = Tarim Basin with 0province assigned.
[map.cpp:964]: Region #13 name = Western Steppes with 0province assigned.
[map.cpp:964]: Region #14 name = Eastern Steppes with 0province assigned.
[map.cpp:964]: Region #15 name = Steppes with 0province assigned.
[map.cpp:964]: Region #16 name = Asia with 0province assigned.
[map.cpp:964]: Region #17 name = Baltic Rim with 0province assigned.
[map.cpp:964]: Region #18 name = Pannonia with 0province assigned.
[map.cpp:964]: Region #19 name = Rus Region with 0province assigned.
[map.cpp:964]: Region #20 name = Timan Ridge with 0province assigned.
[map.cpp:964]: Region #21 name = Eastern Europe with 0province assigned.
[map.cpp:964]: Region #22 name = Danish Archipelago with 0province assigned.
[map.cpp:964]: Region #23 name = Fennoscandia with 0province assigned.
[map.cpp:964]: Region #24 name = Jutland with 0province assigned.
[map.cpp:964]: Region #25 name = North Sea with 0province assigned.
[map.cpp:964]: Region #26 name = Northern Europe with 0province assigned.
[map.cpp:964]: Region #27 name = South-East Europe with 0province assigned.
[map.cpp:964]: Region #28 name = Italia with 0province assigned.
[map.cpp:964]: Region #29 name = Sardinia and Corsica with 0province assigned.
[map.cpp:964]: Region #30 name = Sicily with 0province assigned.
[map.cpp:964]: Region #31 name = Southern Europe with 0province assigned.
[map.cpp:964]: Region #32 name = Britain with 0province assigned.
[map.cpp:964]: Region #33 name = Ireland with 0province assigned.
[map.cpp:964]: Region #34 name = Great Britain with 0province assigned.
[map.cpp:964]: Region #35 name = British Isles with 0province assigned.
[map.cpp:964]: Region #36 name = Gaul with 0province assigned.
[map.cpp:964]: Region #37 name = Germania with 0province assigned.
[map.cpp:964]: Region #38 name = Iberia with 0province assigned.
[map.cpp:964]: Region #39 name = Western Europe with 0province assigned.
[map.cpp:964]: Region #40 name = Europe with 0province assigned.
[map.cpp:964]: Region #41 name = Arabian Peninsula with 0province assigned.
[map.cpp:964]: Region #42 name = Asia Minor with 0province assigned.
[map.cpp:964]: Region #43 name = The Levant with 0province assigned.
[map.cpp:964]: Region #44 name = Persia with 0province assigned.
[map.cpp:964]: Region #45 name = Near East with 0province assigned.
[map.cpp:964]: Region #46 name = Middle East with 0province assigned.
[map.cpp:964]: Region #47 name = South Iberia with 0province assigned.
[map.cpp:964]: Region #48 name = North Iberia with 0province assigned.
[map.cpp:964]: Region #49 name = East Iberia with 0province assigned.
[map.cpp:964]: Region #50 name = Denmark with 0province assigned.
[map.cpp:964]: Region #51 name = Eastern Baltic with 0province assigned.
[map.cpp:964]: Region #52 name = Frisia with 0province assigned.
[map.cpp:964]: Region #53 name = Norway with 0province assigned.
[map.cpp:964]: Region #54 name = North-West Iberia with 0province assigned.
[map.cpp:964]: Region #55 name = Sweden with 0province assigned.
[map.cpp:964]: Region #56 name = Historical Plague Exclusion Zone with 0province assigned.
[map.cpp:964]: Region #57 name = Eastern Edge with 0province assigned.
[map.cpp:964]: Region #58 name = Chinese Region of Influence with 0province assigned.
[map.cpp:964]: Region #59 name = Vicinity of China with 0province assigned.
[map.cpp:964]: Region #60 name = Aragon with 0province assigned.
[map.cpp:964]: Region #61 name = Balearic Islands with 0province assigned.
[map.cpp:964]: Region #62 name = Western Coast of Iberia with 0province assigned.
[map.cpp:964]: Region #63 name = Castille with 0province assigned.
[map.cpp:964]: Region #64 name = Galicia with 0province assigned.
[map.cpp:964]: Region #65 name = Central Iberia with 0province assigned.
[map.cpp:964]: Region #66 name = Southern Iberia with 0province assigned.
[map.cpp:964]: Region #67 name = León with 0province assigned.
[map.cpp:964]: Region #68 name = Navarra with 0province assigned.
[map.cpp:964]: Region #69 name = Eastern Coast of Iberia with 0province assigned.
[map.cpp:964]: Region #70 name = England with 0province assigned.
[map.cpp:964]: Region #71 name = Scotland with 0province assigned.
[map.cpp:964]: Region #72 name = Asia Minor with 0province assigned.
[map.cpp:964]: Region #73 name = Britannia with 0province assigned.
[map.cpp:964]: Region #74 name = Francia with 0province assigned.
[map.cpp:964]: Region #75 name = Jerusalem with 0province assigned.
[map.cpp:964]: Region #76 name = Persia with 0province assigned.
[map.cpp:964]: Region #77 name = Rus Region with 0province assigned.
[eventmanager.cpp:269]: Events loaded events/HF_battle_events.txt' #53
[eventmanager.cpp:269]: Events loaded events/HF_bloodline_acquisition_events.txt' #44
[eventmanager.cpp:269]: Events loaded events/HF_bloodline_events.txt' #181
[eventmanager.cpp:269]: Events loaded events/HF_childrens_crusade_events.txt' #27
[eventmanager.cpp:269]: Events loaded events/HF_coronation_events.txt' #160
[map.cpp:1401]: Bounding Box of 0 => (0,0) - (0,0)
[map.cpp:1401]: Bounding Box of 1 => (227,1342) - (257,1372)
[map.cpp:1401]: Bounding Box of 2 => (250,1334) - (276,1375)
[map.cpp:1401]: Bounding Box of 3 => (271,1327) - (301,1369)
[map.cpp:1401]: Bounding Box of 4 => (255,1322) - (291,1344)
[map.cpp:1401]: Bounding Box of 5 => (259,1309) - (283,1326)
[map.cpp:1401]: Bounding Box of 6 => (267,1292) - (288,1311)
[map.cpp:1401]: Bounding Box of 7 => (241,1289) - (271,1310)
[map.cpp:1401]: Bounding Box of 8 => (242,1303) - (260,1323)
[map.cpp:1401]: Bounding Box of 9 => (194,1316) - (245,1337)
[map.cpp:1401]: Bounding Box of 10 => (229,1320) - (264,1343)
[map.cpp:1401]: Bounding Box of 11 => (194,1295) - (227,1320)
[map.cpp:1401]: Bounding Box of 12 => (220,1294) - (244,1319)
[map.cpp:1401]: Bounding Box of 13 => (197,1263) - (244,1297)
[map.cpp:1401]: Bounding Box of 14 => (183,1239) - (222,1270)
[map.cpp:1401]: Bounding Box of 15 => (189,1229) - (242,1263)
[map.cpp:1401]: Bounding Box of 16 => (228,1247) - (260,1278)
[map.cpp:1401]: Bounding Box of 17 => (245,1255) - (269,1277)
[map.cpp:1401]: Bounding Box of 18 => (238,1271) - (272,1293)
[map.cpp:1401]: Bounding Box of 19 => (266,1256) - (288,1294)
[map.cpp:1401]: Bounding Box of 20 => (302,1234) - (325,1253)
[map.cpp:1401]: Bounding Box of 21 => (319,1231) - (336,1249)
[map.cpp:1401]: Bounding Box of 22 => (318,1248) - (338,1268)
[map.cpp:1401]: Bounding Box of 23 => (317,1266) - (342,1293)
[map.cpp:1401]: Bounding Box of 24 => (319,1289) - (329,1299)
[map.cpp:1401]: Bounding Box of 25 => (336,1276) - (354,1294)
[map.cpp:1401]: Bounding Box of 26 => (351,1255) - (371,1280)
[map.cpp:1401]: Bounding Box of 27 => (350,1235) - (367,1258)
[map.cpp:1401]: Bounding Box of 28 => (338,1244) - (352,1278)
[map.cpp:1401]: Bounding Box of 29 => (332,1244) - (347,1258)
[map.cpp:1401]: Bounding Box of 30 => (335,1235) - (352,1246)
[map.cpp:1401]: Bounding Box of 31 => (334,1222) - (353,1238)
[map.cpp:1401]: Bounding Box of 32 => (348,1227) - (360,1240)
[map.cpp:1401]: Bounding Box of 33 => (289,1178) - (322,1206)
[map.cpp:1401]: Bounding Box of 34 => (318,1183) - (353,1219)
[map.cpp:1401]: Bounding Box of 35 => (330,1205) - (363,1219)
[map.cpp:1401]: Bounding Box of 36 => (354,1209) - (371,1226)
[map.cpp:1401]: Bounding Box of 37 => (359,1224) - (380,1244)
[map.cpp:1401]: Bounding Box of 38 => (374,1216) - (407,1247)
[map.cpp:1401]: Bounding Box of 39 => (369,1207) - (387,1231)
[map.cpp:1401]: Bounding Box of 40 => (352,1191) - (377,1211)
[map.cpp:1401]: Bounding Box of 41 => (375,1195) - (408,1219)
[map.cpp:1401]: Bounding Box of 42 => (386,1189) - (396,1196)
[map.cpp:1401]: Bounding Box of 43 => (399,1189) - (429,1206)
[map.cpp:1401]: Bounding Box of 44 => (428,1191) - (456,1214)
[map.cpp:1401]: Bounding Box of 45 => (407,1201) - (430,1216)
[map.cpp:1401]: Bounding Box of 46 => (406,1212) - (438,1229)
[map.cpp:1401]: Bounding Box of 47 => (421,1215) - (457,1237)
[map.cpp:1401]: Bounding Box of 48 => (399,1226) - (422,1246)
[map.cpp:1401]: Bounding Box of 49 => (393,1234) - (430,1262)
[map.cpp:1401]: Bounding Box of 50 => (424,1230) - (465,1259)
[map.cpp:1401]: Bounding Box of 51 => (426,1247) - (459,1267)
[map.cpp:1401]: Bounding Box of 52 => (404,1260) - (434,1293)
[map.cpp:1401]: Bounding Box of 53 => (380,1254) - (412,1285)
[map.cpp:1401]: Bounding Box of 54 => (375,1245) - (396,1268)
[map.cpp:1401]: Bounding Box of 55 => (363,1242) - (378,1268)
[map.cpp:1401]: Bounding Box of 56 => (366,1267) - (393,1296)
[map.cpp:1401]: Bounding Box of 57 => (348,1278) - (374,1303)
[map.cpp:1401]: Bounding Box of 58 => (350,1297) - (376,1331)
[map.cpp:1401]: Bounding Box of 59 => (406,1291) - (429,1307)
[map.cpp:1401]: Bounding Box of 60 => (379,1284) - (407,1307)
[map.cpp:1401]: Bounding Box of 61 => (384,1299) - (423,1335)
[map.cpp:1401]: Bounding Box of 62 => (372,1295) - (388,1326)
[map.cpp:1401]: Bounding Box of 63 => (343,1323) - (368,1364)
[map.cpp:1401]: Bounding Box of 64 => (356,1317) - (374,1344)
[map.cpp:1401]: Bounding Box of 65 => (360,1348) - (391,1375)
[map.cpp:1401]: Bounding Box of 66 => (365,1369) - (382,1385)
[map.cpp:1401]: Bounding Box of 67 => (368,1323) - (399,1356)
[map.cpp:1401]: Bounding Box of 68 => (353,1372) - (373,1391)
[map.cpp:1401]: Bounding Box of 69 => (336,1373) - (360,1390)
[map.cpp:1401]: Bounding Box of 70 => (337,1349) - (362,1377)
[map.cpp:1401]: Bounding Box of 71 => (308,1312) - (329,1338)
[map.cpp:1401]: Bounding Box of 72 => (307,1344) - (342,1367)
[map.cpp:1401]: Bounding Box of 73 => (310,1358) - (331,1378)
[map.cpp:1401]: Bounding Box of 74 => (312,1364) - (344,1394)
[map.cpp:1401]: Bounding Box of 75 => (294,1370) - (322,1424)
[map.cpp:1401]: Bounding Box of 76 => (269,1381) - (302,1427)
[map.cpp:1401]: Bounding Box of 77 => (258,1430) - (296,1494)
[map.cpp:1401]: Bounding Box of 78 => (320,1386) - (344,1408)
[map.cpp:1401]: Bounding Box of 79 => (341,1388) - (366,1407)
[map.cpp:1401]: Bounding Box of 80 => (336,1402) - (374,1426)
[map.cpp:1401]: Bounding Box of 81 => (316,1407) - (360,1438)
[map.cpp:1401]: Bounding Box of 82 => (356,1420) - (387,1455)
[map.cpp:1401]: Bounding Box of 83 => (293,1418) - (364,1458)
[map.cpp:1401]: Bounding Box of 84 => (295,1440) - (338,1483)
[map.cpp:1401]: Bounding Box of 85 => (310,1466) - (357,1497)
[map.cpp:1401]: Bounding Box of 86 => (349,1500) - (369,1525)
[map.cpp:1401]: Bounding Box of 87 => (390,1542) - (414,1585)
[map.cpp:1401]: Bounding Box of 88 => (267,1625) - (292,1671)
[map.cpp:1401]: Bounding Box of 89 => (40,1845) - (168,1921)
[map.cpp:1401]: Bounding Box of 90 => (26,1902) - (114,2019)
[map.cpp:1401]: Bounding Box of 91 => (99,1910) - (226,1991)
[map.cpp:1401]: Bounding Box of 92 => (155,1861) - (257,1978)
[map.cpp:1401]: Bounding Box of 93 => (722,1394) - (740,1447)
[map.cpp:1401]: Bounding Box of 94 => (701,1441) - (737,1487)
[map.cpp:1401]: Bounding Box of 95 => (680,1436) - (713,1483)
[map.cpp:1401]: Bounding Box of 96 => (658,1421) - (694,1469)
[map.cpp:1401]: Bounding Box of 97 => (626,1404) - (682,1442)
[map.cpp:1401]: Bounding Box of 98 => (617,1425) - (662,1466)
[map.cpp:1401]: Bounding Box of 99 => (608,1461) - (678,1505)
[map.cpp:1401]: Bounding Box of 100 => (608,1499) - (685,1537)
[map.cpp:1401]: Bounding Box of 101 => (607,1523) - (664,1553)
[map.cpp:1401]: Bounding Box of 102 => (617,1535) - (687,1576)
[map.cpp:1401]: Bounding Box of 103 => (645,1552) - (729,1608)
[map.cpp:1401]: Bounding Box of 104 => (678,1509) - (727,1559)
[map.cpp:1401]: Bounding Box of 105 => (676,1477) - (737,1518)
[map.cpp:1401]: Bounding Box of 106 => (722,1466) - (753,1515)
[map.cpp:1401]: Bounding Box of 107 => (710,1506) - (762,1578)
[map.cpp:1401]: Bounding Box of 108 => (755,1525) - (812,1594)
[map.cpp:1401]: Bounding Box of 109 => (760,1567) - (835,1662)
[map.cpp:1401]: Bounding Box of 110 => (674,1575) - (777,1646)
[map.cpp:1401]: Bounding Box of 111 => (716,1624) - (796,1681)
[map.cpp:1401]: Bounding Box of 112 => (736,1670) - (822,1751)
[map.cpp:1401]: Bounding Box of 113 => (756,1725) - (887,1873)
[map.cpp:1401]: Bounding Box of 114 => (828,1812) - (1086,1972)
[map.cpp:1401]: Bounding Box of 115 => (1026,1733) - (1265,1903)
[map.cpp:1401]: Bounding Box of 116 => (1041,1669) - (1131,1775)
[map.cpp:1401]: Bounding Box of 117 => (883,1686) - (1063,1894)
[map.cpp:1401]: Bounding Box of 118 => (948,1684) - (1008,1736)
[map.cpp:1401]: Bounding Box of 119 => (797,1612) - (938,1823)
[map.cpp:1401]: Bounding Box of 120 => (865,1598) - (958,1774)
[map.cpp:1401]: Bounding Box of 121 => (899,1546) - (966,1620)
[map.cpp:1401]: Bounding Box of 122 => (946,1588) - (1026,1688)
[map.cpp:1401]: Bounding Box of 123 => (1008,1623) - (1076,1689)
[map.cpp:1401]: Bounding Box of 124 => (1058,1596) - (1137,1677)
[map.cpp:1401]: Bounding Box of 125 => (1108,1550) - (1205,1641)
[map.cpp:1401]: Bounding Box of 126 => (1136,1508) - (1222,1601)
[map.cpp:1401]: Bounding Box of 127 => (1066,1531) - (1149,1580)
[map.cpp:1401]: Bounding Box of 128 => (1033,1472) - (1115,1534)
[map.cpp:1401]: Bounding Box of 129 => (1007,1515) - (1073,1579)
[map.cpp:1401]: Bounding Box of 130 => (1033,1565) - (1111,1634)
[map.cpp:1401]: Bounding Box of 131 => (998,1572) - (1058,1633)
[map.cpp:1401]: Bounding Box of 132 => (940,1541) - (1015,1595)
[map.cpp:1401]: Bounding Box of 133 => (909,1493) - (983,1559)
[map.cpp:1401]: Bounding Box of 134 => (948,1485) - (1030,1546)
[map.cpp:1401]: Bounding Box of 135 => (997,1480) - (1065,1516)
[map.cpp:1401]: Bounding Box of 136 => (939,1461) - (1001,1501)
[map.cpp:1401]: Bounding Box of 137 => (901,1461) - (961,1507)
[map.cpp:1401]: Bounding Box of 138 => (819,1571) - (878,1636)
[map.cpp:1401]: Bounding Box of 139 => (801,1550) - (854,1585)
[map.cpp:1401]: Bounding Box of 140 => (799,1525) - (840,1557)
[map.cpp:1401]: Bounding Box of 141 => (756,1469) - (824,1536)
[map.cpp:1401]: Bounding Box of 142 => (737,1430) - (789,1520)
[map.cpp:1401]: Bounding Box of 143 => (788,1446) - (835,1479)
[map.cpp:1401]: Bounding Box of 144 => (810,1478) - (842,1529)
[map.cpp:1401]: Bounding Box of 145 => (831,1450) - (871,1491)
[map.cpp:1401]: Bounding Box of 146 => (809,1420) - (867,1453)
[map.cpp:1401]: Bounding Box of 147 => (876,1465) - (905,1485)
[map.cpp:1401]: Bounding Box of 148 => (850,1360) - (872,1398)
[map.cpp:1401]: Bounding Box of 149 => (818,1337) - (832,1376)
[map.cpp:1401]: Bounding Box of 150 => (799,1339) - (820,1365)
[map.cpp:1401]: Bounding Box of 151 => (799,1362) - (824,1391)
[map.cpp:1401]: Bounding Box of 152 => (813,1380) - (828,1408)
[map.cpp:1401]: Bounding Box of 153 => (788,1380) - (816,1410)
[map.cpp:1401]: Bounding Box of 154 => (772,1385) - (801,1410)
[map.cpp:1401]: Bounding Box of 155 => (786,1401) - (832,1435)
[map.cpp:1401]: Bounding Box of 156 => (780,1425) - (812,1455)
[map.cpp:1401]: Bounding Box of 157 => (759,1403) - (791,1440)
[map.cpp:1401]: Bounding Box of 158 => (729,1416) - (755,1456)
[map.cpp:1401]: Bounding Box of 159 => (730,1376) - (779,1425)
[map.cpp:1401]: Bounding Box of 160 => (752,1341) - (781,1387)
[map.cpp:1401]: Bounding Box of 161 => (777,1367) - (800,1386)
[map.cpp:1401]: Bounding Box of 162 => (775,1340) - (804,1371)
[map.cpp:1401]: Bounding Box of 163 => (777,1331) - (811,1345)
[map.cpp:1401]: Bounding Box of 164 => (782,1289) - (800,1310)
[map.cpp:1401]: Bounding Box of 165 => (737,1310) - (780,1351)
[map.cpp:1401]: Bounding Box of 166 => (725,1342) - (761,1391)
[map.cpp:1401]: Bounding Box of 167 => (707,1298) - (740,1333)
[map.cpp:1401]: Bounding Box of 168 => (701,1286) - (731,1302)
[map.cpp:1401]: Bounding Box of 169 => (685,1299) - (706,1327)
[map.cpp:1401]: Bounding Box of 170 => (670,1325) - (706,1358)
[map.cpp:1401]: Bounding Box of 171 => (672,1353) - (696,1373)
[map.cpp:1401]: Bounding Box of 172 => (655,1362) - (713,1396)
[map.cpp:1401]: Bounding Box of 173 => (650,1321) - (674,1369)
[map.cpp:1401]: Bounding Box of 174 => (651,1290) - (688,1327)
[map.cpp:1401]: Bounding Box of 175 => (672,1267) - (705,1295)
[map.cpp:1401]: Bounding Box of 176 => (655,1263) - (685,1294)
[map.cpp:1401]: Bounding Box of 177 => (645,1259) - (663,1283)
[map.cpp:1401]: Bounding Box of 178 => (647,1244) - (672,1269)
[map.cpp:1401]: Bounding Box of 179 => (620,1236) - (649,1268)
[map.cpp:1401]: Bounding Box of 180 => (602,1211) - (635,1255)
[map.cpp:1401]: Bounding Box of 181 => (627,1213) - (658,1248)
[map.cpp:1401]: Bounding Box of 182 => (594,1193) - (630,1226)
[map.cpp:1401]: Bounding Box of 183 => (626,1187) - (667,1218)
[map.cpp:1401]: Bounding Box of 184 => (647,1199) - (703,1233)
[map.cpp:1401]: Bounding Box of 185 => (655,1228) - (678,1251)
[map.cpp:1401]: Bounding Box of 186 => (671,1219) - (697,1258)
[map.cpp:1401]: Bounding Box of 187 => (691,1217) - (722,1248)
[map.cpp:1401]: Bounding Box of 188 => (694,1200) - (721,1224)
[map.cpp:1401]: Bounding Box of 189 => (693,1154) - (722,1202)
[map.cpp:1401]: Bounding Box of 190 => (663,1155) - (702,1203)
[map.cpp:1401]: Bounding Box of 191 => (642,1153) - (682,1196)
[map.cpp:1401]: Bounding Box of 192 => (614,1155) - (648,1195)
[map.cpp:1401]: Bounding Box of 193 => (611,1135) - (649,1167)
[map.cpp:1401]: Bounding Box of 194 => (598,1117) - (641,1145)
[map.cpp:1401]: Bounding Box of 195 => (615,1099) - (647,1124)
[map.cpp:1401]: Bounding Box of 196 => (642,1099) - (704,1128)
[map.cpp:1401]: Bounding Box of 197 => (639,1118) - (668,1157)
[map.cpp:1401]: Bounding Box of 198 => (661,1118) - (699,1163)
[map.cpp:1401]: Bounding Box of 199 => (688,1123) - (733,1158)
[map.cpp:1401]: Bounding Box of 200 => (701,1106) - (737,1137)
[map.cpp:1401]: Bounding Box of 201 => (700,1089) - (726,1112)
[map.cpp:1401]: Bounding Box of 202 => (725,1088) - (756,1117)
[map.cpp:1401]: Bounding Box of 203 => (748,1074) - (775,1102)
[map.cpp:1401]: Bounding Box of 204 => (704,1067) - (757,1092)
[map.cpp:1401]: Bounding Box of 205 => (705,1044) - (753,1074)
[map.cpp:1401]: Bounding Box of 206 => (732,1023) - (771,1050)
[map.cpp:1401]: Bounding Box of 207 => (743,1045) - (776,1075)
[map.cpp:1401]: Bounding Box of 208 => (763,1041) - (788,1075)
[map.cpp:1401]: Bounding Box of 209 => (774,1042) - (793,1062)
[map.cpp:1401]: Bounding Box of 210 => (772,1077) - (795,1102)
[map.cpp:1401]: Bounding Box of 211 => (790,1073) - (828,1101)
[map.cpp:1401]: Bounding Box of 212 => (786,1046) - (809,1077)
[map.cpp:1401]: Bounding Box of 213 => (805,1052) - (826,1076)
[map.cpp:1401]: Bounding Box of 214 => (804,1036) - (828,1056)
[map.cpp:1401]: Bounding Box of 215 => (766,1025) - (807,1050)
[map.cpp:1401]: Bounding Box of 216 => (788,997) - (817,1040)
[map.cpp:1401]: Bounding Box of 217 => (764,1005) - (795,1027)
[map.cpp:1401]: Bounding Box of 218 => (743,1004) - (784,1024)
[map.cpp:1401]: Bounding Box of 219 => (778,978) - (807,1010)
[map.cpp:1401]: Bounding Box of 220 => (759,967) - (789,1006)
[map.cpp:1401]: Bounding Box of 221 => (743,947) - (772,985)
[map.cpp:1401]: Bounding Box of 222 => (730,979) - (764,1004)
[map.cpp:1401]: Bounding Box of 223 => (718,996) - (767,1024)
[map.cpp:1401]: Bounding Box of 224 => (702,977) - (733,1008)
[map.cpp:1401]: Bounding Box of 225 => (677,982) - (706,1019)
[map.cpp:1401]: Bounding Box of 226 => (692,1005) - (717,1029)
[map.cpp:1401]: Bounding Box of 227 => (697,1023) - (749,1050)
[map.cpp:1401]: Bounding Box of 228 => (671,1019) - (703,1052)
[map.cpp:1401]: Bounding Box of 229 => (641,1007) - (679,1043)
[map.cpp:1401]: Bounding Box of 230 => (613,1018) - (648,1043)
[map.cpp:1401]: Bounding Box of 231 => (609,1039) - (640,1057)
[map.cpp:1401]: Bounding Box of 232 => (636,1040) - (672,1059)
[map.cpp:1401]: Bounding Box of 233 => (647,1045) - (688,1071)
[map.cpp:1401]: Bounding Box of 234 => (684,1048) - (710,1081)
[map.cpp:1401]: Bounding Box of 235 => (664,1069) - (708,1104)
[map.cpp:1401]: Bounding Box of 236 => (638,1070) - (688,1110)
[map.cpp:1401]: Bounding Box of 237 => (625,1057) - (655,1091)
[map.cpp:1401]: Bounding Box of 238 => (613,1080) - (640,1109)
[map.cpp:1401]: Bounding Box of 239 => (607,1053) - (632,1083)
[map.cpp:1401]: Bounding Box of 240 => (584,1052) - (607,1077)
[map.cpp:1401]: Bounding Box of 241 => (591,1073) - (625,1101)
[map.cpp:1401]: Bounding Box of 242 => (593,1094) - (617,1133)
[map.cpp:1401]: Bounding Box of 243 => (582,1124) - (613,1160)
[map.cpp:1401]: Bounding Box of 244 => (570,1090) - (599,1126)
[map.cpp:1401]: Bounding Box of 245 => (557,1060) - (597,1104)
[map.cpp:1401]: Bounding Box of 246 => (538,1074) - (576,1095)
[map.cpp:1401]: Bounding Box of 247 => (535,1085) - (559,1118)
[map.cpp:1401]: Bounding Box of 248 => (535,1102) - (582,1142)
[map.cpp:1401]: Bounding Box of 249 => (539,1122) - (582,1159)
[map.cpp:1401]: Bounding Box of 250 => (529,1141) - (570,1182)
[map.cpp:1401]: Bounding Box of 251 => (552,1177) - (582,1203)
[map.cpp:1401]: Bounding Box of 252 => (559,1133) - (594,1178)
[map.cpp:1401]: Bounding Box of 253 => (574,1156) - (600,1191)
[map.cpp:1401]: Bounding Box of 254 => (586,1162) - (619,1202)
[map.cpp:1401]: Bounding Box of 255 => (572,1194) - (602,1213)
[map.cpp:1401]: Bounding Box of 256 => (570,1213) - (608,1237)
[map.cpp:1401]: Bounding Box of 257 => (572,1227) - (607,1256)
[map.cpp:1401]: Bounding Box of 258 => (604,1248) - (646,1280)
[map.cpp:1401]: Bounding Box of 259 => (565,1244) - (607,1265)
[map.cpp:1401]: Bounding Box of 260 => (544,1231) - (587,1271)
[map.cpp:1401]: Bounding Box of 261 => (534,1210) - (564,1235)
[map.cpp:1401]: Bounding Box of 262 => (511,1199) - (538,1219)
[map.cpp:1401]: Bounding Box of 263 => (554,1208) - (580,1229)
[map.cpp:1401]: Bounding Box of 264 => (535,1185) - (571,1208)
[map.cpp:1401]: Bounding Box of 265 => (517,1153) - (554,1191)
[map.cpp:1401]: Bounding Box of 266 => (496,1148) - (533,1180)
[map.cpp:1401]: Bounding Box of 267 => (500,1172) - (540,1200)
[map.cpp:1401]: Bounding Box of 268 => (489,1184) - (522,1204)
[map.cpp:1401]: Bounding Box of 269 => (474,1168) - (509,1195)
[map.cpp:1401]: Bounding Box of 270 => (463,1181) - (477,1194)
[map.cpp:1401]: Bounding Box of 271 => (462,1163) - (481,1188)
[map.cpp:1401]: Bounding Box of 272 => (475,1156) - (502,1183)
[map.cpp:1401]: Bounding Box of 273 => (458,1150) - (480,1180)
[map.cpp:1401]: Bounding Box of 274 => (457,1119) - (483,1148)
[map.cpp:1401]: Bounding Box of 275 => (466,1122) - (501,1162)
[map.cpp:1401]: Bounding Box of 276 => (492,1131) - (531,1156)
[map.cpp:1401]: Bounding Box of 277 => (512,1099) - (539,1141)
[map.cpp:1401]: Bounding Box of 278 => (493,1077) - (540,1102)
[map.cpp:1401]: Bounding Box of 279 => (485,1095) - (534,1131)
[map.cpp:1401]: Bounding Box of 280 => (466,1109) - (485,1129)
[map.cpp:1401]: Bounding Box of 281 => (453,1094) - (491,1120)
[map.cpp:1401]: Bounding Box of 282 => (470,1074) - (505,1099)
[map.cpp:1401]: Bounding Box of 283 => (455,1069) - (473,1099)
[map.cpp:1401]: Bounding Box of 284 => (439,1050) - (467,1079)
[map.cpp:1401]: Bounding Box of 285 => (436,1073) - (458,1095)
[map.cpp:1401]: Bounding Box of 286 => (444,1091) - (462,1117)
[map.cpp:1401]: Bounding Box of 287 => (464,1039) - (484,1077)
[map.cpp:1401]: Bounding Box of 288 => (433,1027) - (481,1058)
[map.cpp:1401]: Bounding Box of 289 => (409,1039) - (446,1073)
[map.cpp:1401]: Bounding Box of 290 => (381,1054) - (414,1073)
[map.cpp:1401]: Bounding Box of 291 => (384,1066) - (424,1092)
[map.cpp:1401]: Bounding Box of 292 => (390,1077) - (432,1113)
[map.cpp:1401]: Bounding Box of 293 => (423,1072) - (446,1088)
[map.cpp:1401]: Bounding Box of 294 => (424,1088) - (449,1117)
[map.cpp:1401]: Bounding Box of 295 => (410,1105) - (455,1143)
[map.cpp:1401]: Bounding Box of 296 => (447,1128) - (465,1145)
[map.cpp:1401]: Bounding Box of 297 => (447,1145) - (466,1163)
[map.cpp:1401]: Bounding Box of 298 => (422,1138) - (461,1157)
[map.cpp:1401]: Bounding Box of 299 => (394,1109) - (422,1146)
[map.cpp:1401]: Bounding Box of 300 => (376,1113) - (398,1159)
[map.cpp:1401]: Bounding Box of 301 => (345,1096) - (370,1134)
[map.cpp:1401]: Bounding Box of 302 => (326,1111) - (348,1134)
[map.cpp:1401]: Bounding Box of 303 => (303,1119) - (328,1131)
[map.cpp:1401]: Bounding Box of 304 => (303,1094) - (333,1123)
[map.cpp:1401]: Bounding Box of 305 => (320,1103) - (347,1121)
[map.cpp:1401]: Bounding Box of 306 => (330,1080) - (371,1108)
[map.cpp:1401]: Bounding Box of 307 => (368,1086) - (391,1123)
[map.cpp:1401]: Bounding Box of 308 => (349,1066) - (388,1095)
[map.cpp:1401]: Bounding Box of 309 => (358,1056) - (383,1073)
[map.cpp:1401]: Bounding Box of 310 => (356,1031) - (407,1061)
[map.cpp:1401]: Bounding Box of 311 => (385,1024) - (433,1056)
[map.cpp:1401]: Bounding Box of 312 => (394,1004) - (434,1034)
[map.cpp:1401]: Bounding Box of 313 => (370,980) - (405,1032)
[map.cpp:1401]: Bounding Box of 314 => (395,984) - (429,1016)
[map.cpp:1401]: Bounding Box of 315 => (392,962) - (438,999)
[map.cpp:1401]: Bounding Box of 316 => (389,941) - (425,973)
[map.cpp:1401]: Bounding Box of 317 => (364,954) - (397,1003)
[map.cpp:1401]: Bounding Box of 318 => (361,929) - (396,965)
[map.cpp:1401]: Bounding Box of 319 => (352,926) - (377,947)
[map.cpp:1401]: Bounding Box of 320 => (366,916) - (402,932)
[map.cpp:1401]: Bounding Box of 321 => (390,899) - (430,953)
[map.cpp:1401]: Bounding Box of 322 => (424,893) - (449,918)
[map.cpp:1401]: Bounding Box of 323 => (442,894) - (466,921)
[map.cpp:1401]: Bounding Box of 324 => (463,898) - (489,933)
[map.cpp:1401]: Bounding Box of 325 => (483,916) - (520,953)
[map.cpp:1401]: Bounding Box of 326 => (443,927) - (485,973)
[map.cpp:1401]: Bounding Box of 327 => (415,913) - (470,980)
[map.cpp:1401]: Bounding Box of 328 => (451,959) - (494,997)
[map.cpp:1401]: Bounding Box of 329 => (477,941) - (516,987)
[map.cpp:1401]: Bounding Box of 330 => (465,971) - (502,1017)
[map.cpp:1401]: Bounding Box of 331 => (426,974) - (468,1009)
[map.cpp:1401]: Bounding Box of 332 => (422,1000) - (477,1032)
[map.cpp:1401]: Bounding Box of 333 => (464,1007) - (503,1043)
[map.cpp:1401]: Bounding Box of 334 => (481,1030) - (516,1058)
[map.cpp:1401]: Bounding Box of 335 => (474,1055) - (522,1081)
[map.cpp:1401]: Bounding Box of 336 => (497,1038) - (557,1086)
[map.cpp:1401]: Bounding Box of 337 => (496,1013) - (523,1044)
[map.cpp:1401]: Bounding Box of 338 => (510,1015) - (530,1033)
[map.cpp:1401]: Bounding Box of 339 => (522,1023) - (540,1047)
[map.cpp:1401]: Bounding Box of 340 => (537,1013) - (564,1034)
[map.cpp:1401]: Bounding Box of 341 => (547,1026) - (572,1055)
[map.cpp:1401]: Bounding Box of 342 => (537,1031) - (552,1055)
[map.cpp:1401]: Bounding Box of 343 => (541,1050) - (580,1075)
[map.cpp:1401]: Bounding Box of 344 => (571,1039) - (589,1063)
[map.cpp:1401]: Bounding Box of 345 => (583,1041) - (617,1058)
[map.cpp:1401]: Bounding Box of 346 => (570,1032) - (595,1045)
[map.cpp:1401]: Bounding Box of 347 => (564,1012) - (594,1034)
[map.cpp:1401]: Bounding Box of 348 => (591,1016) - (619,1046)
[map.cpp:1401]: Bounding Box of 349 => (590,1000) - (623,1029)
[map.cpp:1401]: Bounding Box of 350 => (585,979) - (608,1001)
[map.cpp:1401]: Bounding Box of 351 => (550,997) - (580,1023)
[map.cpp:1401]: Bounding Box of 352 => (543,971) - (593,1017)
[map.cpp:1401]: Bounding Box of 353 => (515,985) - (553,1023)
[map.cpp:1401]: Bounding Box of 354 => (498,980) - (525,1019)
[map.cpp:1401]: Bounding Box of 355 => (516,948) - (563,997)
[map.cpp:1401]: Bounding Box of 356 => (496,944) - (521,974)
[map.cpp:1401]: Bounding Box of 357 => (516,929) - (538,960)
[map.cpp:1401]: Bounding Box of 358 => (532,927) - (579,972)
[map.cpp:1401]: Bounding Box of 359 => (505,899) - (574,949)
[map.cpp:1401]: Bounding Box of 360 => (565,915) - (592,948)
[map.cpp:1401]: Bounding Box of 361 => (444,875) - (478,901)
[map.cpp:1401]: Bounding Box of 362 => (433,857) - (476,890)
[map.cpp:1401]: Bounding Box of 363 => (401,877) - (444,902)
[map.cpp:1401]: Bounding Box of 364 => (396,856) - (445,877)
[map.cpp:1401]: Bounding Box of 365 => (405,840) - (460,871)
[map.cpp:1401]: Bounding Box of 366 => (370,827) - (406,860)
[map.cpp:1401]: Bounding Box of 367 => (343,837) - (400,876)
[map.cpp:1401]: Bounding Box of 368 => (319,830) - (348,887)
[map.cpp:1401]: Bounding Box of 369 => (323,867) - (410,903)
[map.cpp:1401]: Bounding Box of 370 => (356,887) - (408,918)
[map.cpp:1401]: Bounding Box of 371 => (319,893) - (366,936)
[map.cpp:1401]: Bounding Box of 372 => (294,891) - (334,917)
[map.cpp:1401]: Bounding Box of 373 => (295,908) - (349,941)
[map.cpp:1401]: Bounding Box of 374 => (261,923) - (306,952)
[map.cpp:1401]: Bounding Box of 375 => (253,890) - (300,933)
[map.cpp:1401]: Bounding Box of 376 => (282,866) - (325,900)
[map.cpp:1401]: Bounding Box of 377 => (266,861) - (288,897)
[map.cpp:1401]: Bounding Box of 378 => (237,855) - (269,899)
[map.cpp:1401]: Bounding Box of 379 => (180,855) - (241,884)
[map.cpp:1401]: Bounding Box of 380 => (190,875) - (243,911)
[map.cpp:1401]: Bounding Box of 381 => (227,896) - (265,940)
[map.cpp:1401]: Bounding Box of 382 => (212,907) - (254,947)
[map.cpp:1401]: Bounding Box of 383 => (198,907) - (225,952)
[map.cpp:1401]: Bounding Box of 384 => (201,941) - (266,977)
[map.cpp:1401]: Bounding Box of 385 => (172,926) - (204,969)
[map.cpp:1401]: Bounding Box of 386 => (147,956) - (207,993)
[map.cpp:1401]: Bounding Box of 387 => (148,930) - (177,962)
[map.cpp:1401]: Bounding Box of 388 => (141,891) - (172,944)
[map.cpp:1401]: Bounding Box of 389 => (164,884) - (211,930)
[map.cpp:1401]: Bounding Box of 390 => (156,857) - (190,891)
[map.cpp:1401]: Bounding Box of 391 => (126,860) - (170,894)
[map.cpp:1401]: Bounding Box of 392 => (93,825) - (146,869)
[map.cpp:1401]: Bounding Box of 393 => (99,811) - (132,840)
[map.cpp:1401]: Bounding Box of 394 => (140,844) - (180,862)
[map.cpp:1401]: Bounding Box of 395 => (127,797) - (169,844)
[map.cpp:1401]: Bounding Box of 396 => (129,766) - (167,802)
[map.cpp:1401]: Bounding Box of 397 => (104,771) - (139,820)
[map.cpp:1401]: Bounding Box of 398 => (95,758) - (121,784)
[map.cpp:1401]: Bounding Box of 399 => (120,751) - (142,776)
[map.cpp:1401]: Bounding Box of 400 => (140,748) - (163,774)
[map.cpp:1401]: Bounding Box of 401 => (151,741) - (180,783)
[map.cpp:1401]: Bounding Box of 402 => (169,721) - (194,755)
[map.cpp:1401]: Bounding Box of 403 => (174,702) - (205,730)
[map.cpp:1401]: Bounding Box of 404 => (186,726) - (234,762)
[map.cpp:1401]: Bounding Box of 405 => (176,757) - (204,787)
[map.cpp:1401]: Bounding Box of 406 => (161,779) - (234,813)
[map.cpp:1401]: Bounding Box of 407 => (164,807) - (232,838)
[map.cpp:1401]: Bounding Box of 408 => (166,819) - (206,859)
[map.cpp:1401]: Bounding Box of 409 => (200,830) - (242,859)
[map.cpp:1401]: Bounding Box of 410 => (228,810) - (283,857)
[map.cpp:1401]: Bounding Box of 411 => (266,839) - (309,878)
[map.cpp:1401]: Bounding Box of 412 => (302,834) - (328,883)
[map.cpp:1401]: Bounding Box of 413 => (274,820) - (328,843)
[map.cpp:1401]: Bounding Box of 414 => (264,776) - (321,823)
[map.cpp:1401]: Bounding Box of 415 => (227,780) - (277,817)
[map.cpp:1401]: Bounding Box of 416 => (198,757) - (242,793)
[map.cpp:1401]: Bounding Box of 417 => (237,752) - (299,786)
[map.cpp:1401]: Bounding Box of 418 => (201,707) - (247,752)
[map.cpp:1401]: Bounding Box of 419 => (232,714) - (293,762)
[map.cpp:1401]: Bounding Box of 420 => (277,714) - (310,755)
[map.cpp:1401]: Bounding Box of 421 => (301,732) - (341,768)
[map.cpp:1401]: Bounding Box of 422 => (295,753) - (338,812)
[map.cpp:1401]: Bounding Box of 423 => (326,751) - (368,785)
[map.cpp:1401]: Bounding Box of 424 => (321,778) - (364,828)
[map.cpp:1401]: Bounding Box of 425 => (339,807) - (387,846)
[map.cpp:1401]: Bounding Box of 426 => (395,765) - (463,802)
[map.cpp:1401]: Bounding Box of 427 => (469,792) - (494,810)
[map.cpp:1401]: Bounding Box of 428 => (608,768) - (644,794)
[map.cpp:1401]: Bounding Box of 429 => (629,783) - (647,814)
[map.cpp:1401]: Bounding Box of 430 => (609,785) - (637,815)
[map.cpp:1401]: Bounding Box of 431 => (606,810) - (641,840)
[map.cpp:1401]: Bounding Box of 432 => (621,813) - (650,848)
[map.cpp:1401]: Bounding Box of 433 => (618,851) - (640,880)
[map.cpp:1401]: Bounding Box of 434 => (620,863) - (644,899)
[map.cpp:1401]: Bounding Box of 435 => (617,924) - (661,951)
[map.cpp:1401]: Bounding Box of 436 => (585,918) - (618,939)
[map.cpp:1401]: Bounding Box of 437 => (575,925) - (608,956)
[map.cpp:1401]: Bounding Box of 438 => (572,950) - (607,979)
[map.cpp:1401]: Bounding Box of 439 => (591,969) - (620,996)
[map.cpp:1401]: Bounding Box of 440 => (600,935) - (626,977)
[map.cpp:1401]: Bounding Box of 441 => (625,945) - (650,974)
[map.cpp:1401]: Bounding Box of 442 => (619,970) - (649,993)
[map.cpp:1401]: Bounding Box of 443 => (610,985) - (649,1009)
[map.cpp:1401]: Bounding Box of 444 => (618,999) - (646,1021)
[map.cpp:1401]: Bounding Box of 445 => (644,971) - (684,1019)
[map.cpp:1401]: Bounding Box of 446 => (647,955) - (682,983)
[map.cpp:1401]: Bounding Box of 447 => (672,956) - (701,974)
[map.cpp:1401]: Bounding Box of 448 => (678,962) - (710,994)
[map.cpp:1401]: Bounding Box of 449 => (705,954) - (732,981)
[map.cpp:1401]: Bounding Box of 450 => (721,976) - (744,991)
[map.cpp:1401]: Bounding Box of 451 => (699,933) - (732,965)
[map.cpp:1401]: Bounding Box of 452 => (702,910) - (732,936)
[map.cpp:1401]: Bounding Box of 453 => (692,922) - (716,950)
[map.cpp:1401]: Bounding Box of 454 => (668,926) - (700,959)
[map.cpp:1401]: Bounding Box of 455 => (644,928) - (681,967)
[map.cpp:1401]: Bounding Box of 456 => (661,909) - (687,935)
[map.cpp:1401]: Bounding Box of 457 => (680,889) - (710,928)
[map.cpp:1401]: Bounding Box of 458 => (701,883) - (725,915)
[map.cpp:1401]: Bounding Box of 459 => (693,869) - (719,897)
[map.cpp:1401]: Bounding Box of 460 => (667,879) - (688,915)
[map.cpp:1401]: Bounding Box of 461 => (681,869) - (698,889)
[map.cpp:1401]: Bounding Box of 462 => (692,857) - (712,878)
[map.cpp:1401]: Bounding Box of 463 => (705,844) - (731,883)
[map.cpp:1401]: Bounding Box of 464 => (717,814) - (765,856)
[map.cpp:1401]: Bounding Box of 465 => (723,869) - (747,895)
[map.cpp:1401]: Bounding Box of 466 => (729,845) - (756,878)
[map.cpp:1401]: Bounding Box of 467 => (721,892) - (743,917)
[map.cpp:1401]: Bounding Box of 468 => (730,900) - (758,925)
[map.cpp:1401]: Bounding Box of 469 => (740,866) - (774,906)
[map.cpp:1401]: Bounding Box of 470 => (757,832) - (783,877)
[map.cpp:1401]: Bounding Box of 471 => (770,831) - (805,866)
[map.cpp:1401]: Bounding Box of 472 => (754,805) - (793,835)
[map.cpp:1401]: Bounding Box of 473 => (774,793) - (797,808)
[map.cpp:1401]: Bounding Box of 474 => (782,783) - (804,801)
[map.cpp:1401]: Bounding Box of 475 => (779,795) - (818,836)
[map.cpp:1401]: Bounding Box of 476 => (803,819) - (836,841)
[map.cpp:1401]: Bounding Box of 477 => (809,800) - (843,827)
[map.cpp:1401]: Bounding Box of 478 => (825,791) - (871,817)
[map.cpp:1401]: Bounding Box of 479 => (853,768) - (898,802)
[map.cpp:1401]: Bounding Box of 480 => (828,762) - (857,798)
[eventmanager.cpp:269]: Events loaded events/HF_crusade_events.txt' #28
[map.cpp:1401]: Bounding Box of 481 => (801,762) - (834,800)
[map.cpp:1401]: Bounding Box of 482 => (826,734) - (858,769)
[map.cpp:1401]: Bounding Box of 483 => (835,715) - (862,751)
[map.cpp:1401]: Bounding Box of 484 => (823,696) - (847,723)
[map.cpp:1401]: Bounding Box of 485 => (789,689) - (820,708)
[map.cpp:1401]: Bounding Box of 486 => (744,678) - (794,705)
[map.cpp:1401]: Bounding Box of 487 => (732,680) - (756,704)
[map.cpp:1401]: Bounding Box of 488 => (753,665) - (788,686)
[map.cpp:1401]: Bounding Box of 489 => (783,651) - (812,690)
[map.cpp:1401]: Bounding Box of 490 => (776,617) - (797,637)
[map.cpp:1401]: Bounding Box of 491 => (1043,637) - (1077,657)
[map.cpp:1401]: Bounding Box of 492 => (1074,638) - (1104,663)
[map.cpp:1401]: Bounding Box of 493 => (1052,690) - (1098,723)
[map.cpp:1401]: Bounding Box of 494 => (1011,710) - (1072,774)
[map.cpp:1401]: Bounding Box of 495 => (999,805) - (1034,833)
[map.cpp:1401]: Bounding Box of 496 => (992,831) - (1028,847)
[map.cpp:1401]: Bounding Box of 497 => (978,807) - (1004,845)
[map.cpp:1401]: Bounding Box of 498 => (991,772) - (1016,807)
[map.cpp:1401]: Bounding Box of 499 => (969,766) - (1000,810)
[map.cpp:1401]: Bounding Box of 500 => (992,743) - (1028,775)
[map.cpp:1401]: Bounding Box of 501 => (1017,729) - (1040,755)
[map.cpp:1401]: Bounding Box of 502 => (1000,712) - (1029,740)
[map.cpp:1401]: Bounding Box of 503 => (1002,669) - (1029,716)
[map.cpp:1401]: Bounding Box of 504 => (988,686) - (1006,714)
[map.cpp:1401]: Bounding Box of 505 => (974,713) - (1010,744)
[map.cpp:1401]: Bounding Box of 506 => (963,718) - (971,727)
[map.cpp:1401]: Bounding Box of 507 => (954,732) - (966,746)
[map.cpp:1401]: Bounding Box of 508 => (932,782) - (941,796)
[map.cpp:1401]: Bounding Box of 509 => (977,743) - (1000,767)
[map.cpp:1401]: Bounding Box of 510 => (956,742) - (983,783)
[map.cpp:1401]: Bounding Box of 511 => (935,772) - (969,814)
[map.cpp:1401]: Bounding Box of 512 => (953,791) - (982,821)
[map.cpp:1401]: Bounding Box of 513 => (958,818) - (987,851)
[map.cpp:1401]: Bounding Box of 514 => (932,813) - (963,866)
[map.cpp:1401]: Bounding Box of 515 => (912,801) - (950,836)
[map.cpp:1401]: Bounding Box of 516 => (912,822) - (940,855)
[map.cpp:1401]: Bounding Box of 517 => (893,854) - (947,891)
[map.cpp:1401]: Bounding Box of 518 => (869,869) - (902,898)
[map.cpp:1401]: Bounding Box of 519 => (835,879) - (872,899)
[map.cpp:1401]: Bounding Box of 520 => (877,888) - (919,916)
[map.cpp:1401]: Bounding Box of 521 => (917,865) - (959,915)
[map.cpp:1401]: Bounding Box of 522 => (890,893) - (945,924)
[map.cpp:1401]: Bounding Box of 523 => (910,920) - (953,954)
[map.cpp:1401]: Bounding Box of 524 => (941,906) - (982,952)
[map.cpp:1401]: Bounding Box of 525 => (952,872) - (980,921)
[map.cpp:1401]: Bounding Box of 526 => (953,844) - (989,881)
[map.cpp:1401]: Bounding Box of 527 => (982,845) - (1014,877)
[map.cpp:1401]: Bounding Box of 528 => (975,866) - (1016,907)
[map.cpp:1401]: Bounding Box of 529 => (969,900) - (1041,926)
[map.cpp:1401]: Bounding Box of 530 => (1006,872) - (1063,903)
[map.cpp:1401]: Bounding Box of 531 => (1038,895) - (1068,934)
[map.cpp:1401]: Bounding Box of 532 => (1083,949) - (1121,985)
[map.cpp:1401]: Bounding Box of 533 => (1050,921) - (1106,951)
[map.cpp:1401]: Bounding Box of 534 => (1057,885) - (1091,923)
[map.cpp:1401]: Bounding Box of 535 => (1045,857) - (1082,887)
[map.cpp:1401]: Bounding Box of 536 => (1012,850) - (1054,875)
[map.cpp:1401]: Bounding Box of 537 => (1014,832) - (1058,861)
[map.cpp:1401]: Bounding Box of 538 => (1046,828) - (1077,866)
[map.cpp:1401]: Bounding Box of 539 => (1071,829) - (1099,866)
[map.cpp:1401]: Bounding Box of 540 => (1073,861) - (1103,899)
[map.cpp:1401]: Bounding Box of 541 => (1096,858) - (1125,874)
[map.cpp:1401]: Bounding Box of 542 => (1048,787) - (1085,827)
[map.cpp:1401]: Bounding Box of 543 => (1071,802) - (1102,839)
[map.cpp:1401]: Bounding Box of 544 => (1097,806) - (1122,843)
[map.cpp:1401]: Bounding Box of 545 => (1126,852) - (1167,873)
[map.cpp:1401]: Bounding Box of 546 => (1165,852) - (1191,881)
[map.cpp:1401]: Bounding Box of 547 => (1124,831) - (1182,858)
[map.cpp:1401]: Bounding Box of 548 => (1103,799) - (1148,846)
[map.cpp:1401]: Bounding Box of 549 => (1145,804) - (1184,839)
[map.cpp:1401]: Bounding Box of 550 => (1177,828) - (1213,870)
[map.cpp:1401]: Bounding Box of 551 => (1202,815) - (1234,851)
[map.cpp:1401]: Bounding Box of 552 => (1178,799) - (1216,831)
[map.cpp:1401]: Bounding Box of 553 => (1197,770) - (1252,815)
[map.cpp:1401]: Bounding Box of 554 => (1158,771) - (1205,814)
[map.cpp:1401]: Bounding Box of 555 => (1156,754) - (1189,790)
[map.cpp:1401]: Bounding Box of 556 => (1131,750) - (1167,791)
[map.cpp:1401]: Bounding Box of 557 => (1108,766) - (1163,809)
[map.cpp:1401]: Bounding Box of 558 => (1085,769) - (1120,807)
[map.cpp:1401]: Bounding Box of 559 => (1082,739) - (1131,784)
[map.cpp:1401]: Bounding Box of 560 => (1073,759) - (1081,773)
[map.cpp:1401]: Bounding Box of 561 => (1111,671) - (1136,725)
[map.cpp:1401]: Bounding Box of 562 => (1104,718) - (1183,760)
[map.cpp:1401]: Bounding Box of 563 => (1169,749) - (1213,776)
[map.cpp:1401]: Bounding Box of 564 => (1228,698) - (1258,716)
[map.cpp:1401]: Bounding Box of 565 => (1240,708) - (1274,734)
[map.cpp:1401]: Bounding Box of 566 => (1209,737) - (1267,782)
[map.cpp:1401]: Bounding Box of 567 => (1245,760) - (1291,795)
[map.cpp:1401]: Bounding Box of 568 => (1276,769) - (1308,801)
[map.cpp:1401]: Bounding Box of 569 => (1304,780) - (1334,815)
[map.cpp:1401]: Bounding Box of 570 => (1270,798) - (1320,828)
[map.cpp:1401]: Bounding Box of 571 => (1233,790) - (1279,827)
[map.cpp:1401]: Bounding Box of 572 => (1219,803) - (1263,842)
[map.cpp:1401]: Bounding Box of 573 => (1270,817) - (1315,854)
[map.cpp:1401]: Bounding Box of 574 => (1262,824) - (1313,878)
[map.cpp:1401]: Bounding Box of 575 => (1231,830) - (1270,874)
[map.cpp:1401]: Bounding Box of 576 => (1209,850) - (1249,884)
[map.cpp:1401]: Bounding Box of 577 => (1177,861) - (1223,904)
[map.cpp:1401]: Bounding Box of 578 => (1208,880) - (1242,910)
[map.cpp:1401]: Bounding Box of 579 => (1240,877) - (1274,916)
[map.cpp:1401]: Bounding Box of 580 => (1248,863) - (1295,906)
[map.cpp:1401]: Bounding Box of 581 => (1293,872) - (1338,904)
[map.cpp:1401]: Bounding Box of 582 => (1327,890) - (1381,925)
[map.cpp:1401]: Bounding Box of 583 => (1331,874) - (1387,913)
[map.cpp:1401]: Bounding Box of 584 => (1324,773) - (1352,812)
[map.cpp:1401]: Bounding Box of 585 => (1339,757) - (1398,785)
[map.cpp:1401]: Bounding Box of 586 => (1347,778) - (1395,822)
[map.cpp:1401]: Bounding Box of 587 => (1307,842) - (1355,876)
[map.cpp:1401]: Bounding Box of 588 => (1308,809) - (1369,845)
[map.cpp:1401]: Bounding Box of 589 => (1374,801) - (1420,842)
[map.cpp:1401]: Bounding Box of 590 => (1348,820) - (1418,863)
[map.cpp:1401]: Bounding Box of 591 => (1354,855) - (1394,892)
[map.cpp:1401]: Bounding Box of 592 => (1386,854) - (1472,909)
[map.cpp:1401]: Bounding Box of 593 => (1406,807) - (1525,871)
[map.cpp:1401]: Bounding Box of 594 => (1465,834) - (1520,899)
[map.cpp:1401]: Bounding Box of 595 => (1444,886) - (1522,933)
[map.cpp:1401]: Bounding Box of 596 => (1386,909) - (1449,951)
[map.cpp:1401]: Bounding Box of 597 => (1380,887) - (1435,920)
[map.cpp:1401]: Bounding Box of 598 => (1378,920) - (1416,970)
[map.cpp:1401]: Bounding Box of 599 => (1304,972) - (1366,1009)
[map.cpp:1401]: Bounding Box of 600 => (1360,957) - (1425,1009)
[map.cpp:1401]: Bounding Box of 601 => (1411,946) - (1447,990)
[map.cpp:1401]: Bounding Box of 602 => (1442,950) - (1498,984)
[map.cpp:1401]: Bounding Box of 603 => (1438,920) - (1488,956)
[map.cpp:1401]: Bounding Box of 604 => (1480,922) - (1537,973)
[map.cpp:1401]: Bounding Box of 605 => (1497,910) - (1570,953)
[map.cpp:1401]: Bounding Box of 606 => (1544,932) - (1599,974)
[map.cpp:1401]: Bounding Box of 607 => (1496,956) - (1562,1002)
[map.cpp:1401]: Bounding Box of 608 => (1477,994) - (1557,1042)
[map.cpp:1401]: Bounding Box of 609 => (1435,979) - (1514,1020)
[map.cpp:1401]: Bounding Box of 610 => (1379,993) - (1463,1047)
[map.cpp:1401]: Bounding Box of 611 => (1361,1021) - (1444,1073)
[map.cpp:1401]: Bounding Box of 612 => (1306,1007) - (1389,1037)
[map.cpp:1401]: Bounding Box of 613 => (1270,1039) - (1310,1074)
[map.cpp:1401]: Bounding Box of 614 => (1301,1021) - (1368,1078)
[map.cpp:1401]: Bounding Box of 615 => (1280,1074) - (1361,1121)
[map.cpp:1401]: Bounding Box of 616 => (1327,1062) - (1430,1133)
[map.cpp:1401]: Bounding Box of 617 => (1409,1059) - (1470,1130)
[map.cpp:1401]: Bounding Box of 618 => (1443,1019) - (1517,1083)
[map.cpp:1401]: Bounding Box of 619 => (1464,1040) - (1546,1125)
[map.cpp:1401]: Bounding Box of 620 => (1423,1097) - (1507,1161)
[map.cpp:1401]: Bounding Box of 621 => (1448,1145) - (1513,1211)
[map.cpp:1401]: Bounding Box of 622 => (1482,1102) - (1559,1183)
[map.cpp:1401]: Bounding Box of 623 => (1534,1090) - (1635,1177)
[map.cpp:1401]: Bounding Box of 624 => (1493,1158) - (1556,1249)
[map.cpp:1401]: Bounding Box of 625 => (1540,1168) - (1601,1259)
[map.cpp:1401]: Bounding Box of 626 => (1590,1187) - (1675,1275)
[map.cpp:1401]: Bounding Box of 627 => (1584,1140) - (1681,1210)
[map.cpp:1401]: Bounding Box of 628 => (1661,1178) - (1741,1284)
[map.cpp:1401]: Bounding Box of 629 => (1739,1187) - (1817,1262)
[map.cpp:1401]: Bounding Box of 630 => (1690,1224) - (1750,1305)
[map.cpp:1401]: Bounding Box of 631 => (1741,1225) - (1811,1306)
[map.cpp:1401]: Bounding Box of 632 => (1638,1274) - (1731,1329)
[map.cpp:1401]: Bounding Box of 633 => (1724,1299) - (1799,1338)
[map.cpp:1401]: Bounding Box of 634 => (1560,1243) - (1650,1330)
[map.cpp:1401]: Bounding Box of 635 => (1516,1228) - (1565,1304)
[map.cpp:1401]: Bounding Box of 636 => (1469,1208) - (1522,1268)
[map.cpp:1401]: Bounding Box of 637 => (1350,1160) - (1473,1233)
[map.cpp:1401]: Bounding Box of 638 => (1326,1100) - (1430,1177)
[map.cpp:1401]: Bounding Box of 639 => (1273,1139) - (1333,1240)
[map.cpp:1401]: Bounding Box of 640 => (1184,1135) - (1286,1197)
[map.cpp:1401]: Bounding Box of 641 => (1220,1093) - (1254,1141)
[map.cpp:1401]: Bounding Box of 642 => (1248,1100) - (1367,1156)
[map.cpp:1401]: Bounding Box of 643 => (1238,1052) - (1286,1113)
[map.cpp:1401]: Bounding Box of 644 => (1209,1049) - (1251,1094)
[map.cpp:1401]: Bounding Box of 645 => (1150,1016) - (1234,1064)
[map.cpp:1401]: Bounding Box of 646 => (1173,992) - (1231,1031)
[map.cpp:1401]: Bounding Box of 647 => (1198,976) - (1222,1001)
[map.cpp:1401]: Bounding Box of 648 => (1209,990) - (1237,1011)
[map.cpp:1401]: Bounding Box of 649 => (1233,1002) - (1256,1018)
[map.cpp:1401]: Bounding Box of 650 => (1258,996) - (1308,1050)
[map.cpp:1401]: Bounding Box of 651 => (1145,1033) - (1224,1106)
[map.cpp:1401]: Bounding Box of 652 => (1117,1089) - (1213,1132)
[map.cpp:1401]: Bounding Box of 653 => (1078,1065) - (1176,1129)
[map.cpp:1401]: Bounding Box of 654 => (1094,1054) - (1140,1095)
[map.cpp:1401]: Bounding Box of 655 => (1122,1028) - (1154,1069)
[map.cpp:1401]: Bounding Box of 656 => (1100,1016) - (1143,1062)
[map.cpp:1401]: Bounding Box of 657 => (1060,1038) - (1105,1084)
[map.cpp:1401]: Bounding Box of 658 => (1031,1039) - (1087,1090)
[map.cpp:1401]: Bounding Box of 659 => (1017,1045) - (1060,1091)
[map.cpp:1401]: Bounding Box of 660 => (1030,1019) - (1070,1053)
[map.cpp:1401]: Bounding Box of 661 => (1075,1001) - (1130,1045)
[map.cpp:1401]: Bounding Box of 662 => (1088,984) - (1125,1030)
[map.cpp:1401]: Bounding Box of 663 => (1063,982) - (1093,1039)
[map.cpp:1401]: Bounding Box of 664 => (1041,994) - (1069,1033)
[map.cpp:1401]: Bounding Box of 665 => (1026,957) - (1069,1006)
[map.cpp:1401]: Bounding Box of 666 => (1048,943) - (1084,987)
[map.cpp:1401]: Bounding Box of 667 => (1010,927) - (1054,964)
[map.cpp:1401]: Bounding Box of 668 => (991,958) - (1036,1002)
[map.cpp:1401]: Bounding Box of 669 => (973,925) - (1024,965)
[map.cpp:1401]: Bounding Box of 670 => (966,951) - (1004,997)
[map.cpp:1401]: Bounding Box of 671 => (944,950) - (978,988)
[map.cpp:1401]: Bounding Box of 672 => (879,945) - (923,968)
[map.cpp:1401]: Bounding Box of 673 => (851,955) - (892,988)
[map.cpp:1401]: Bounding Box of 674 => (851,931) - (892,958)
[map.cpp:1401]: Bounding Box of 675 => (886,918) - (918,952)
[map.cpp:1401]: Bounding Box of 676 => (849,910) - (891,942)
[map.cpp:1401]: Bounding Box of 677 => (821,922) - (855,963)
[map.cpp:1401]: Bounding Box of 678 => (835,896) - (880,926)
[map.cpp:1401]: Bounding Box of 679 => (820,888) - (864,912)
[map.cpp:1401]: Bounding Box of 680 => (801,899) - (839,926)
[map.cpp:1401]: Bounding Box of 681 => (786,917) - (823,938)
[map.cpp:1401]: Bounding Box of 682 => (779,933) - (826,959)
[map.cpp:1401]: Bounding Box of 683 => (763,939) - (803,981)
[map.cpp:1401]: Bounding Box of 684 => (795,949) - (839,988)
[map.cpp:1401]: Bounding Box of 685 => (837,958) - (863,992)
[map.cpp:1401]: Bounding Box of 686 => (804,982) - (845,1015)
[map.cpp:1401]: Bounding Box of 687 => (811,999) - (861,1039)
[map.cpp:1401]: Bounding Box of 688 => (842,987) - (879,1031)
[map.cpp:1401]: Bounding Box of 689 => (852,1010) - (900,1051)
[map.cpp:1401]: Bounding Box of 690 => (863,974) - (900,1013)
[map.cpp:1401]: Bounding Box of 691 => (895,965) - (935,998)
[map.cpp:1401]: Bounding Box of 692 => (921,952) - (968,1008)
[map.cpp:1401]: Bounding Box of 693 => (900,994) - (960,1035)
[map.cpp:1401]: Bounding Box of 694 => (899,1010) - (950,1059)
[map.cpp:1401]: Bounding Box of 695 => (917,1051) - (977,1093)
[map.cpp:1401]: Bounding Box of 696 => (947,1005) - (998,1074)
[map.cpp:1401]: Bounding Box of 697 => (966,995) - (1021,1030)
[map.cpp:1401]: Bounding Box of 698 => (993,1001) - (1049,1061)
[map.cpp:1401]: Bounding Box of 699 => (982,1053) - (1024,1094)
[map.cpp:1401]: Bounding Box of 700 => (966,1074) - (997,1114)
[map.cpp:1401]: Bounding Box of 701 => (936,1102) - (977,1128)
[map.cpp:1401]: Bounding Box of 702 => (941,1079) - (975,1108)
[map.cpp:1401]: Bounding Box of 703 => (898,1105) - (940,1128)
[map.cpp:1401]: Bounding Box of 704 => (895,1073) - (948,1112)
[map.cpp:1401]: Bounding Box of 705 => (860,1093) - (902,1126)
[map.cpp:1401]: Bounding Box of 706 => (856,1066) - (911,1096)
[map.cpp:1401]: Bounding Box of 707 => (855,1049) - (921,1075)
[map.cpp:1401]: Bounding Box of 708 => (821,1033) - (862,1070)
[map.cpp:1401]: Bounding Box of 709 => (822,1057) - (860,1099)
[map.cpp:1401]: Bounding Box of 710 => (792,1090) - (831,1114)
[map.cpp:1401]: Bounding Box of 711 => (807,1090) - (846,1128)
[map.cpp:1401]: Bounding Box of 712 => (825,1095) - (871,1146)
[map.cpp:1401]: Bounding Box of 713 => (840,1117) - (868,1149)
[map.cpp:1401]: Bounding Box of 714 => (790,1120) - (840,1165)
[map.cpp:1401]: Bounding Box of 715 => (752,1090) - (811,1128)
[map.cpp:1401]: Bounding Box of 716 => (726,1109) - (761,1150)
[map.cpp:1401]: Bounding Box of 717 => (733,1140) - (770,1166)
[map.cpp:1401]: Bounding Box of 718 => (755,1119) - (801,1150)
[map.cpp:1401]: Bounding Box of 719 => (766,1142) - (806,1170)
[map.cpp:1401]: Bounding Box of 720 => (748,1164) - (805,1192)
[map.cpp:1401]: Bounding Box of 721 => (708,1151) - (756,1184)
[map.cpp:1401]: Bounding Box of 722 => (711,1171) - (741,1200)
[map.cpp:1401]: Bounding Box of 723 => (715,1195) - (747,1215)
[map.cpp:1401]: Bounding Box of 724 => (740,1182) - (792,1221)
[map.cpp:1401]: Bounding Box of 725 => (732,1211) - (771,1250)
[map.cpp:1401]: Bounding Box of 726 => (711,1212) - (741,1251)
[map.cpp:1401]: Bounding Box of 727 => (674,1249) - (699,1268)
[map.cpp:1401]: Bounding Box of 728 => (688,1245) - (710,1276)
[map.cpp:1401]: Bounding Box of 729 => (704,1240) - (735,1281)
[map.cpp:1401]: Bounding Box of 730 => (725,1268) - (751,1287)
[map.cpp:1401]: Bounding Box of 731 => (752,1273) - (770,1295)
[map.cpp:1401]: Bounding Box of 732 => (720,1248) - (757,1275)
[map.cpp:1401]: Bounding Box of 733 => (746,1232) - (778,1270)
[map.cpp:1401]: Bounding Box of 734 => (770,1226) - (818,1265)
[map.cpp:1401]: Bounding Box of 735 => (776,1236) - (806,1272)
[map.cpp:1401]: Bounding Box of 736 => (802,1249) - (841,1289)
[map.cpp:1401]: Bounding Box of 737 => (831,1266) - (856,1293)
[map.cpp:1401]: Bounding Box of 738 => (829,1245) - (871,1293)
[map.cpp:1401]: Bounding Box of 739 => (828,1226) - (859,1252)
[map.cpp:1401]: Bounding Box of 740 => (833,1188) - (870,1231)
[map.cpp:1401]: Bounding Box of 741 => (792,1190) - (838,1252)
[map.cpp:1401]: Bounding Box of 742 => (766,1207) - (801,1231)
[map.cpp:1401]: Bounding Box of 743 => (781,1182) - (815,1215)
[map.cpp:1401]: Bounding Box of 744 => (799,1151) - (864,1197)
[map.cpp:1401]: Bounding Box of 745 => (838,1133) - (887,1175)
[map.cpp:1401]: Bounding Box of 746 => (867,1118) - (902,1139)
[map.cpp:1401]: Bounding Box of 747 => (869,1124) - (926,1175)
[map.cpp:1401]: Bounding Box of 748 => (919,1123) - (961,1162)
[map.cpp:1401]: Bounding Box of 749 => (943,1155) - (975,1197)
[map.cpp:1401]: Bounding Box of 750 => (933,1187) - (968,1210)
[map.cpp:1401]: Bounding Box of 751 => (895,1146) - (943,1195)
[map.cpp:1401]: Bounding Box of 752 => (847,1172) - (874,1192)
[map.cpp:1401]: Bounding Box of 753 => (861,1163) - (903,1208)
[map.cpp:1401]: Bounding Box of 754 => (851,1189) - (902,1239)
[map.cpp:1401]: Bounding Box of 755 => (860,1223) - (890,1247)
[map.cpp:1401]: Bounding Box of 756 => (885,1215) - (932,1254)
[map.cpp:1401]: Bounding Box of 757 => (881,1188) - (927,1219)
[map.cpp:1401]: Bounding Box of 758 => (915,1195) - (957,1227)
[map.cpp:1401]: Bounding Box of 759 => (918,1220) - (963,1260)
[map.cpp:1401]: Bounding Box of 760 => (899,1249) - (940,1283)
[map.cpp:1401]: Bounding Box of 761 => (867,1244) - (906,1269)
[map.cpp:1401]: Bounding Box of 762 => (873,1265) - (918,1288)
[map.cpp:1401]: Bounding Box of 763 => (889,1282) - (921,1318)
[map.cpp:1401]: Bounding Box of 764 => (906,1298) - (942,1323)
[map.cpp:1401]: Bounding Box of 765 => (910,1278) - (943,1305)
[map.cpp:1401]: Bounding Box of 766 => (923,1256) - (977,1290)
[map.cpp:1401]: Bounding Box of 767 => (953,1228) - (1003,1265)
[map.cpp:1401]: Bounding Box of 768 => (991,1256) - (1040,1295)
[map.cpp:1401]: Bounding Box of 769 => (983,1288) - (1036,1326)
[map.cpp:1401]: Bounding Box of 770 => (939,1261) - (997,1305)
[map.cpp:1401]: Bounding Box of 771 => (941,1299) - (990,1336)
[map.cpp:1401]: Bounding Box of 772 => (906,1304) - (959,1336)
[map.cpp:1401]: Bounding Box of 773 => (905,1326) - (932,1373)
[map.cpp:1401]: Bounding Box of 774 => (922,1335) - (952,1382)
[map.cpp:1401]: Bounding Box of 775 => (918,1353) - (977,1389)
[map.cpp:1401]: Bounding Box of 776 => (939,1325) - (997,1357)
[map.cpp:1401]: Bounding Box of 777 => (976,1351) - (1000,1399)
[map.cpp:1401]: Bounding Box of 778 => (991,1319) - (1042,1382)
[map.cpp:1401]: Bounding Box of 779 => (985,1306) - (1044,1344)
[map.cpp:1401]: Bounding Box of 780 => (1028,1315) - (1071,1370)
[map.cpp:1401]: Bounding Box of 781 => (993,1362) - (1052,1394)
[map.cpp:1401]: Bounding Box of 782 => (1019,1387) - (1047,1435)
[map.cpp:1401]: Bounding Box of 783 => (995,1407) - (1027,1441)
[map.cpp:1401]: Bounding Box of 784 => (974,1391) - (1024,1418)
[map.cpp:1401]: Bounding Box of 785 => (925,1394) - (960,1437)
[map.cpp:1401]: Bounding Box of 786 => (959,1407) - (996,1444)
[map.cpp:1401]: Bounding Box of 787 => (964,1426) - (1013,1457)
[map.cpp:1401]: Bounding Box of 788 => (1011,1427) - (1054,1457)
[map.cpp:1401]: Bounding Box of 789 => (1049,1425) - (1102,1479)
[map.cpp:1401]: Bounding Box of 790 => (1048,1394) - (1094,1436)
[map.cpp:1401]: Bounding Box of 791 => (1056,1350) - (1110,1401)
[map.cpp:1401]: Bounding Box of 792 => (1042,1345) - (1077,1401)
[map.cpp:1401]: Bounding Box of 793 => (1075,1331) - (1121,1376)
[map.cpp:1401]: Bounding Box of 794 => (1086,1367) - (1131,1412)
[map.cpp:1401]: Bounding Box of 795 => (1123,1370) - (1171,1415)
[map.cpp:1401]: Bounding Box of 796 => (1122,1400) - (1192,1482)
[map.cpp:1401]: Bounding Box of 797 => (1077,1407) - (1127,1451)
[map.cpp:1401]: Bounding Box of 798 => (1089,1443) - (1139,1492)
[map.cpp:1401]: Bounding Box of 799 => (1142,1477) - (1202,1518)
[map.cpp:1401]: Bounding Box of 800 => (1194,1489) - (1245,1524)
[map.cpp:1401]: Bounding Box of 801 => (1177,1409) - (1240,1490)
[map.cpp:1401]: Bounding Box of 802 => (1160,1371) - (1234,1420)
[map.cpp:1401]: Bounding Box of 803 => (1218,1392) - (1252,1443)
[map.cpp:1401]: Bounding Box of 804 => (1281,1386) - (1322,1408)
[map.cpp:1401]: Bounding Box of 805 => (1281,1403) - (1328,1431)
[map.cpp:1401]: Bounding Box of 806 => (1230,1398) - (1287,1459)
[map.cpp:1401]: Bounding Box of 807 => (1212,1442) - (1285,1521)
[map.cpp:1401]: Bounding Box of 808 => (1259,1478) - (1335,1539)
[map.cpp:1401]: Bounding Box of 809 => (1283,1455) - (1358,1514)
[map.cpp:1401]: Bounding Box of 810 => (1276,1414) - (1376,1469)
[map.cpp:1401]: Bounding Box of 811 => (1375,1385) - (1426,1434)
[map.cpp:1401]: Bounding Box of 812 => (1370,1359) - (1430,1385)
[map.cpp:1401]: Bounding Box of 813 => (1320,1354) - (1408,1415)
[map.cpp:1401]: Bounding Box of 814 => (1307,1372) - (1366,1419)
[map.cpp:1401]: Bounding Box of 815 => (1295,1345) - (1328,1389)
[map.cpp:1401]: Bounding Box of 816 => (1265,1354) - (1302,1398)
[map.cpp:1401]: Bounding Box of 817 => (1224,1360) - (1278,1408)
[map.cpp:1401]: Bounding Box of 818 => (1178,1354) - (1225,1383)
[map.cpp:1401]: Bounding Box of 819 => (1194,1334) - (1254,1377)
[map.cpp:1401]: Bounding Box of 820 => (1159,1320) - (1220,1354)
[map.cpp:1401]: Bounding Box of 821 => (1205,1300) - (1265,1343)
[map.cpp:1401]: Bounding Box of 822 => (1231,1322) - (1280,1366)
[map.cpp:1401]: Bounding Box of 823 => (1265,1334) - (1297,1369)
[map.cpp:1401]: Bounding Box of 824 => (1283,1315) - (1343,1351)
[map.cpp:1401]: Bounding Box of 825 => (1322,1310) - (1374,1375)
[map.cpp:1401]: Bounding Box of 826 => (1297,1282) - (1351,1329)
[map.cpp:1401]: Bounding Box of 827 => (1287,1260) - (1324,1310)
[map.cpp:1401]: Bounding Box of 828 => (1276,1236) - (1305,1281)
[map.cpp:1401]: Bounding Box of 829 => (1265,1265) - (1307,1331)
[map.cpp:1401]: Bounding Box of 830 => (1241,1291) - (1281,1325)
[map.cpp:1401]: Bounding Box of 831 => (1232,1256) - (1277,1304)
[map.cpp:1401]: Bounding Box of 832 => (1233,1217) - (1290,1267)
[map.cpp:1401]: Bounding Box of 833 => (1181,1266) - (1238,1311)
[map.cpp:1401]: Bounding Box of 834 => (1184,1244) - (1241,1280)
[map.cpp:1401]: Bounding Box of 835 => (1168,1219) - (1195,1266)
[map.cpp:1401]: Bounding Box of 836 => (1186,1213) - (1245,1253)
[map.cpp:1401]: Bounding Box of 837 => (1226,1187) - (1278,1226)
[map.cpp:1401]: Bounding Box of 838 => (1204,1180) - (1247,1217)
[map.cpp:1401]: Bounding Box of 839 => (1164,1185) - (1208,1216)
[map.cpp:1401]: Bounding Box of 840 => (1140,1200) - (1182,1249)
[map.cpp:1401]: Bounding Box of 841 => (1107,1208) - (1144,1249)
[map.cpp:1401]: Bounding Box of 842 => (1111,1161) - (1162,1230)
[map.cpp:1401]: Bounding Box of 843 => (1108,1247) - (1150,1297)
[map.cpp:1401]: Bounding Box of 844 => (1125,1242) - (1183,1285)
[map.cpp:1401]: Bounding Box of 845 => (1145,1272) - (1212,1325)
[map.cpp:1401]: Bounding Box of 846 => (1118,1294) - (1186,1339)
[map.cpp:1401]: Bounding Box of 847 => (1114,1324) - (1183,1374)
[map.cpp:1401]: Bounding Box of 848 => (1059,1303) - (1127,1346)
[map.cpp:1401]: Bounding Box of 849 => (1033,1277) - (1092,1319)
[map.cpp:1401]: Bounding Box of 850 => (1090,1292) - (1129,1315)
[map.cpp:1401]: Bounding Box of 851 => (1086,1265) - (1125,1297)
[map.cpp:1401]: Bounding Box of 852 => (1072,1207) - (1113,1284)
[map.cpp:1401]: Bounding Box of 853 => (1032,1233) - (1091,1279)
[map.cpp:1401]: Bounding Box of 854 => (997,1225) - (1064,1262)
[map.cpp:1401]: Bounding Box of 855 => (988,1216) - (1037,1239)
[map.cpp:1401]: Bounding Box of 856 => (1010,1197) - (1057,1228)
[map.cpp:1401]: Bounding Box of 857 => (1023,1170) - (1075,1199)
[map.cpp:1401]: Bounding Box of 858 => (1048,1180) - (1113,1243)
[map.cpp:1401]: Bounding Box of 859 => (1120,1143) - (1152,1188)
[map.cpp:1401]: Bounding Box of 860 => (1147,1140) - (1204,1195)
[map.cpp:1401]: Bounding Box of 861 => (1181,1106) - (1230,1142)
[map.cpp:1401]: Bounding Box of 862 => (1140,1124) - (1185,1151)
[map.cpp:1401]: Bounding Box of 863 => (1089,1124) - (1145,1177)
[map.cpp:1401]: Bounding Box of 864 => (1054,1151) - (1112,1200)
[map.cpp:1401]: Bounding Box of 865 => (1042,1139) - (1091,1177)
[map.cpp:1401]: Bounding Box of 866 => (1054,1113) - (1107,1148)
[map.cpp:1401]: Bounding Box of 867 => (1042,1073) - (1100,1124)
[map.cpp:1401]: Bounding Box of 868 => (990,1077) - (1043,1125)
[map.cpp:1401]: Bounding Box of 869 => (971,1104) - (1024,1147)
[map.cpp:1401]: Bounding Box of 870 => (1014,1096) - (1054,1133)
[map.cpp:1401]: Bounding Box of 871 => (1014,1125) - (1062,1162)
[map.cpp:1401]: Bounding Box of 872 => (1005,1143) - (1052,1187)
[map.cpp:1401]: Bounding Box of 873 => (986,1152) - (1024,1193)
[map.cpp:1401]: Bounding Box of 874 => (973,1186) - (1022,1234)
[map.cpp:1401]: Bounding Box of 875 => (943,1197) - (984,1233)
[map.cpp:1401]: Bounding Box of 876 => (967,1157) - (991,1201)
[map.cpp:1401]: Bounding Box of 877 => (978,1143) - (1006,1171)
[map.cpp:1401]: Bounding Box of 878 => (948,1121) - (987,1161)
[map.cpp:1401]: Bounding Box of 879 => (1554,1429) - (1615,1507)
[map.cpp:1401]: Bounding Box of 880 => (1486,1420) - (1567,1488)
[map.cpp:1401]: Bounding Box of 881 => (1487,1375) - (1566,1429)
[map.cpp:1401]: Bounding Box of 882 => (1554,1380) - (1602,1446)
[map.cpp:1401]: Bounding Box of 883 => (1581,1400) - (1660,1447)
[map.cpp:1401]: Bounding Box of 884 => (1616,1316) - (1732,1411)
[map.cpp:1401]: Bounding Box of 885 => (1573,1318) - (1660,1401)
[map.cpp:1401]: Bounding Box of 886 => (1527,1315) - (1592,1377)
[map.cpp:1401]: Bounding Box of 887 => (1460,1337) - (1536,1395)
[map.cpp:1401]: Bounding Box of 888 => (1443,1259) - (1563,1348)
[map.cpp:1401]: Bounding Box of 889 => (1356,1213) - (1494,1300)
[map.cpp:1401]: Bounding Box of 890 => (1307,1174) - (1376,1245)
[map.cpp:1401]: Bounding Box of 891 => (1302,1237) - (1397,1303)
[map.cpp:1401]: Bounding Box of 892 => (1347,1286) - (1463,1365)
[map.cpp:1401]: Bounding Box of 893 => (1419,1328) - (1477,1386)
[map.cpp:1401]: Bounding Box of 894 => (1419,1385) - (1522,1486)
[map.cpp:1401]: Bounding Box of 895 => (1391,1416) - (1450,1485)
[map.cpp:1401]: Bounding Box of 896 => (1336,1425) - (1422,1490)
[map.cpp:1401]: Bounding Box of 897 => (1336,1471) - (1394,1529)
[map.cpp:1401]: Bounding Box of 898 => (1226,1505) - (1280,1558)
[map.cpp:1401]: Bounding Box of 899 => (1253,1524) - (1330,1593)
[map.cpp:1401]: Bounding Box of 900 => (1201,1549) - (1273,1622)
[map.cpp:1401]: Bounding Box of 901 => (1146,1616) - (1257,1681)
[map.cpp:1401]: Bounding Box of 902 => (1239,1649) - (1322,1786)
[map.cpp:1401]: Bounding Box of 903 => (1298,1650) - (1361,1756)
[map.cpp:1401]: Bounding Box of 904 => (1234,1592) - (1328,1658)
[map.cpp:1401]: Bounding Box of 905 => (1317,1511) - (1391,1595)
[map.cpp:1401]: Bounding Box of 906 => (1317,1543) - (1407,1625)
[map.cpp:1401]: Bounding Box of 907 => (1325,1607) - (1411,1687)
[map.cpp:1401]: Bounding Box of 908 => (1349,1613) - (1462,1702)
[map.cpp:1401]: Bounding Box of 909 => (1390,1664) - (1481,1741)
[map.cpp:1401]: Bounding Box of 910 => (1358,1729) - (1473,1839)
[map.cpp:1401]: Bounding Box of 911 => (1330,1695) - (1413,1801)
[map.cpp:1401]: Bounding Box of 912 => (1296,1794) - (1379,1901)
[map.cpp:1401]: Bounding Box of 913 => (1405,1918) - (1448,1970)
[map.cpp:1401]: Bounding Box of 914 => (1466,1823) - (1571,1950)
[map.cpp:1401]: Bounding Box of 915 => (1408,1800) - (1501,1903)
[map.cpp:1401]: Bounding Box of 916 => (1456,1751) - (1515,1817)
[map.cpp:1401]: Bounding Box of 917 => (1491,1756) - (1543,1828)
[map.cpp:1401]: Bounding Box of 918 => (1463,1701) - (1535,1760)
[map.cpp:1401]: Bounding Box of 919 => (1520,1702) - (1611,1764)
[map.cpp:1401]: Bounding Box of 920 => (1593,1727) - (1668,1799)
[map.cpp:1401]: Bounding Box of 921 => (1602,1692) - (1663,1741)
[map.cpp:1401]: Bounding Box of 922 => (1564,1641) - (1646,1718)
[map.cpp:1401]: Bounding Box of 923 => (1577,1577) - (1662,1652)
[map.cpp:1401]: Bounding Box of 924 => (1524,1585) - (1606,1652)
[map.cpp:1401]: Bounding Box of 925 => (1513,1632) - (1587,1704)
[map.cpp:1401]: Bounding Box of 926 => (1461,1644) - (1544,1710)
[map.cpp:1401]: Bounding Box of 927 => (1445,1554) - (1566,1653)
[map.cpp:1401]: Bounding Box of 928 => (1392,1535) - (1486,1622)
[map.cpp:1401]: Bounding Box of 929 => (1368,1478) - (1458,1547)
[map.cpp:1401]: Bounding Box of 930 => (1424,1475) - (1523,1562)
[map.cpp:1401]: Bounding Box of 931 => (1512,1468) - (1593,1579)
[map.cpp:1401]: Bounding Box of 932 => (1543,1503) - (1625,1597)
[map.cpp:1401]: Bounding Box of 933 => (1615,1548) - (1693,1616)
[map.cpp:1401]: Bounding Box of 934 => (1683,1538) - (1744,1640)
[map.cpp:1401]: Bounding Box of 935 => (1688,1459) - (1787,1549)
[map.cpp:1401]: Bounding Box of 936 => (1602,1476) - (1705,1571)
[map.cpp:1401]: Bounding Box of 937 => (1600,1432) - (1688,1495)
[map.cpp:1401]: Bounding Box of 938 => (1652,1409) - (1758,1473)
[map.cpp:1401]: Bounding Box of 939 => (1693,1380) - (1792,1444)
[map.cpp:1401]: Bounding Box of 940 => (1724,1329) - (1783,1399)
[map.cpp:1401]: Bounding Box of 941 => (1752,1440) - (1832,1541)
[map.cpp:1401]: Bounding Box of 942 => (1742,1524) - (1832,1603)
[map.cpp:1401]: Bounding Box of 943 => (1718,1570) - (1813,1650)
[map.cpp:1401]: Bounding Box of 944 => (1804,1610) - (1926,1752)
[map.cpp:1401]: Bounding Box of 945 => (1816,1562) - (1930,1641)
[map.cpp:1401]: Bounding Box of 946 => (1880,1583) - (2012,1731)
[map.cpp:1401]: Bounding Box of 947 => (1826,1472) - (1891,1580)
[map.cpp:1401]: Bounding Box of 948 => (1810,1402) - (1943,1484)
[map.cpp:1401]: Bounding Box of 949 => (1867,1471) - (1941,1567)
[map.cpp:1401]: Bounding Box of 950 => (1931,1410) - (1982,1535)
[map.cpp:1401]: Bounding Box of 951 => (1921,1489) - (2063,1592)
[map.cpp:1401]: Bounding Box of 952 => (1961,1415) - (2050,1513)
[map.cpp:1401]: Bounding Box of 953 => (2031,1437) - (2165,1579)
[map.cpp:1401]: Bounding Box of 954 => (2103,1421) - (2210,1569)
[map.cpp:1401]: Bounding Box of 955 => (2082,1558) - (2205,1628)
[map.cpp:1401]: Bounding Box of 956 => (1991,1568) - (2106,1643)
[map.cpp:1401]: Bounding Box of 957 => (1989,1610) - (2143,1718)
[map.cpp:1401]: Bounding Box of 958 => (2099,1596) - (2284,1675)
[map.cpp:1401]: Bounding Box of 959 => (2255,1546) - (2402,1674)
[map.cpp:1401]: Bounding Box of 960 => (2191,1505) - (2298,1624)
[map.cpp:1401]: Bounding Box of 961 => (2179,1456) - (2324,1559)
[map.cpp:1401]: Bounding Box of 962 => (2301,1459) - (2434,1530)
[map.cpp:1401]: Bounding Box of 963 => (2320,1505) - (2444,1575)
[map.cpp:1401]: Bounding Box of 964 => (2349,1553) - (2469,1624)
[map.cpp:1401]: Bounding Box of 965 => (2424,1490) - (2526,1625)
[map.cpp:1401]: Bounding Box of 966 => (2431,1441) - (2532,1524)
[map.cpp:1401]: Bounding Box of 967 => (2318,1393) - (2462,1472)
[map.cpp:1401]: Bounding Box of 968 => (2181,1379) - (2338,1467)
[map.cpp:1401]: Bounding Box of 969 => (2080,1311) - (2216,1450)
[map.cpp:1401]: Bounding Box of 970 => (1979,1361) - (2113,1458)
[map.cpp:1401]: Bounding Box of 971 => (1987,1307) - (2117,1393)
[map.cpp:1401]: Bounding Box of 972 => (1917,1336) - (1991,1421)
[map.cpp:1401]: Bounding Box of 973 => (1863,1320) - (1926,1409)
[map.cpp:1401]: Bounding Box of 974 => (1786,1347) - (1875,1449)
[map.cpp:1401]: Bounding Box of 975 => (1780,1289) - (1885,1355)
[map.cpp:1401]: Bounding Box of 976 => (1809,1216) - (1854,1293)
[map.cpp:1401]: Bounding Box of 977 => (1844,1238) - (1913,1324)
[map.cpp:1401]: Bounding Box of 978 => (1904,1260) - (1972,1343)
[map.cpp:1401]: Bounding Box of 979 => (1952,1250) - (2041,1349)
[map.cpp:1401]: Bounding Box of 980 => (1995,1210) - (2114,1316)
[map.cpp:1401]: Bounding Box of 981 => (2079,1210) - (2191,1333)
[map.cpp:1401]: Bounding Box of 982 => (2153,1220) - (2258,1317)
[map.cpp:1401]: Bounding Box of 983 => (2177,1291) - (2309,1398)
[map.cpp:1401]: Bounding Box of 984 => (2270,1318) - (2386,1404)
[map.cpp:1401]: Bounding Box of 985 => (2363,1302) - (2450,1400)
[map.cpp:1401]: Bounding Box of 986 => (2389,1284) - (2531,1381)
[map.cpp:1401]: Bounding Box of 987 => (2476,1285) - (2580,1375)
[map.cpp:1401]: Bounding Box of 988 => (2444,1360) - (2592,1461)
[map.cpp:1401]: Bounding Box of 989 => (2575,1351) - (2651,1431)
[map.cpp:1401]: Bounding Box of 990 => (2632,1336) - (2794,1421)
[map.cpp:1401]: Bounding Box of 991 => (2690,1405) - (2790,1469)
[map.cpp:1401]: Bounding Box of 992 => (2586,1411) - (2716,1490)
[map.cpp:1401]: Bounding Box of 993 => (2571,1448) - (2647,1537)
[map.cpp:1401]: Bounding Box of 994 => (2523,1454) - (2590,1517)
[map.cpp:1401]: Bounding Box of 995 => (2511,1498) - (2635,1592)
[map.cpp:1401]: Bounding Box of 996 => (2485,1565) - (2601,1650)
[map.cpp:1401]: Bounding Box of 997 => (2379,1615) - (2490,1699)
[map.cpp:1401]: Bounding Box of 998 => (2450,1637) - (2535,1730)
[map.cpp:1401]: Bounding Box of 999 => (2472,1696) - (2587,1753)
[map.cpp:1401]: Bounding Box of 1000 => (2525,1635) - (2621,1698)
[map.cpp:1401]: Bounding Box of 1001 => (2572,1686) - (2700,1760)
[map.cpp:1401]: Bounding Box of 1002 => (2614,1639) - (2735,1709)
[map.cpp:1401]: Bounding Box of 1003 => (2680,1670) - (2785,1756)
[map.cpp:1401]: Bounding Box of 1004 => (2723,1631) - (2796,1686)
[map.cpp:1401]: Bounding Box of 1005 => (2774,1668) - (2852,1749)
[map.cpp:1401]: Bounding Box of 1006 => (2831,1669) - (2957,1780)
[map.cpp:1401]: Bounding Box of 1007 => (2870,1765) - (2938,1826)
[map.cpp:1401]: Bounding Box of 1008 => (2929,1763) - (3072,1866)
[map.cpp:1401]: Bounding Box of 1009 => (2950,1709) - (3072,1785)
[map.cpp:1401]: Bounding Box of 1010 => (2925,1651) - (3072,1725)
[map.cpp:1401]: Bounding Box of 1011 => (2957,1574) - (3072,1667)
[map.cpp:1401]: Bounding Box of 1012 => (2878,1596) - (2968,1691)
[map.cpp:1401]: Bounding Box of 1013 => (2893,1544) - (3008,1627)
[map.cpp:1401]: Bounding Box of 1014 => (2825,1527) - (2907,1605)
[map.cpp:1401]: Bounding Box of 1015 => (2786,1597) - (2885,1681)
[map.cpp:1401]: Bounding Box of 1016 => (2794,1572) - (2848,1629)
[map.cpp:1401]: Bounding Box of 1017 => (2767,1511) - (2861,1576)
[map.cpp:1401]: Bounding Box of 1018 => (2733,1560) - (2799,1638)
[map.cpp:1401]: Bounding Box of 1019 => (2650,1599) - (2764,1648)
[map.cpp:1401]: Bounding Box of 1020 => (2595,1597) - (2663,1663)
[map.cpp:1401]: Bounding Box of 1021 => (2618,1554) - (2678,1622)
[map.cpp:1401]: Bounding Box of 1022 => (2638,1497) - (2690,1572)
[map.cpp:1401]: Bounding Box of 1023 => (2670,1541) - (2756,1609)
[map.cpp:1401]: Bounding Box of 1024 => (2718,1492) - (2779,1572)
[map.cpp:1401]: Bounding Box of 1025 => (2670,1471) - (2731,1545)
[map.cpp:1401]: Bounding Box of 1026 => (2727,1445) - (2788,1497)
[map.cpp:1401]: Bounding Box of 1027 => (2763,1454) - (2859,1532)
[map.cpp:1401]: Bounding Box of 1028 => (2849,1468) - (2915,1531)
[map.cpp:1401]: Bounding Box of 1029 => (2895,1474) - (2993,1568)
[map.cpp:1401]: Bounding Box of 1030 => (2984,1494) - (3072,1586)
[map.cpp:1401]: Bounding Box of 1031 => (2979,1435) - (3072,1515)
[map.cpp:1401]: Bounding Box of 1032 => (2996,1368) - (3072,1445)
[map.cpp:1401]: Bounding Box of 1033 => (2898,1349) - (3011,1445)
[map.cpp:1401]: Bounding Box of 1034 => (2876,1391) - (2994,1488)
[map.cpp:1401]: Bounding Box of 1035 => (2779,1396) - (2897,1465)
[map.cpp:1401]: Bounding Box of 1036 => (2763,1310) - (2909,1405)
[map.cpp:1401]: Bounding Box of 1037 => (2773,1238) - (2862,1343)
[map.cpp:1401]: Bounding Box of 1038 => (2730,1150) - (2854,1247)
[map.cpp:1401]: Bounding Box of 1039 => (2708,1222) - (2805,1331)
[map.cpp:1401]: Bounding Box of 1040 => (2663,1166) - (2748,1226)
[map.cpp:1401]: Bounding Box of 1041 => (2642,1099) - (2743,1177)
[map.cpp:1401]: Bounding Box of 1042 => (2595,1060) - (2687,1129)
[map.cpp:1401]: Bounding Box of 1043 => (2564,1010) - (2662,1077)
[map.cpp:1401]: Bounding Box of 1044 => (2507,994) - (2582,1059)
[map.cpp:1401]: Bounding Box of 1045 => (2454,965) - (2554,1039)
[map.cpp:1401]: Bounding Box of 1046 => (2401,979) - (2470,1021)
[map.cpp:1401]: Bounding Box of 1047 => (2412,1005) - (2461,1058)
[map.cpp:1401]: Bounding Box of 1048 => (2389,1047) - (2438,1102)
[map.cpp:1401]: Bounding Box of 1049 => (2357,1010) - (2420,1060)
[map.cpp:1401]: Bounding Box of 1050 => (2323,1030) - (2395,1138)
[map.cpp:1401]: Bounding Box of 1051 => (2378,1085) - (2446,1173)
[map.cpp:1401]: Bounding Box of 1052 => (2417,1097) - (2503,1192)
[map.cpp:1401]: Bounding Box of 1053 => (2461,1139) - (2568,1210)
[map.cpp:1401]: Bounding Box of 1054 => (2491,1180) - (2591,1235)
[map.cpp:1401]: Bounding Box of 1055 => (2561,1186) - (2682,1292)
[map.cpp:1401]: Bounding Box of 1056 => (2615,1185) - (2722,1279)
[map.cpp:1401]: Bounding Box of 1057 => (2631,1266) - (2791,1359)
[map.cpp:1401]: Bounding Box of 1058 => (2562,1277) - (2667,1373)
[map.cpp:1401]: Bounding Box of 1059 => (2450,1201) - (2565,1282)
[map.cpp:1401]: Bounding Box of 1060 => (2343,1174) - (2459,1246)
[map.cpp:1401]: Bounding Box of 1061 => (2351,1231) - (2483,1290)
[map.cpp:1401]: Bounding Box of 1062 => (2311,1257) - (2403,1324)
[map.cpp:1401]: Bounding Box of 1063 => (2260,1211) - (2356,1308)
[map.cpp:1401]: Bounding Box of 1064 => (2170,1164) - (2297,1239)
[map.cpp:1401]: Bounding Box of 1065 => (2259,1144) - (2370,1221)
[map.cpp:1401]: Bounding Box of 1066 => (2320,1133) - (2393,1184)
[map.cpp:1401]: Bounding Box of 1067 => (2211,1106) - (2287,1184)
[map.cpp:1401]: Bounding Box of 1068 => (2114,1054) - (2229,1140)
[map.cpp:1401]: Bounding Box of 1069 => (2067,1118) - (2213,1230)
[map.cpp:1401]: Bounding Box of 1070 => (1976,1137) - (2091,1253)
[map.cpp:1401]: Bounding Box of 1071 => (1921,1147) - (2018,1262)
[map.cpp:1401]: Bounding Box of 1072 => (1807,1176) - (1944,1269)
[map.cpp:1401]: Bounding Box of 1073 => (1807,1096) - (1900,1182)
[map.cpp:1401]: Bounding Box of 1074 => (1720,1113) - (1820,1204)
[map.cpp:1401]: Bounding Box of 1075 => (1676,1107) - (1743,1199)
[map.cpp:1401]: Bounding Box of 1076 => (1646,1050) - (1794,1126)
[map.cpp:1401]: Bounding Box of 1077 => (1618,999) - (1736,1061)
[map.cpp:1401]: Bounding Box of 1078 => (1692,954) - (1795,1033)
[map.cpp:1401]: Bounding Box of 1079 => (1732,972) - (1846,1057)
[map.cpp:1401]: Bounding Box of 1080 => (1755,1008) - (1885,1125)
[map.cpp:1401]: Bounding Box of 1081 => (1863,1010) - (1971,1066)
[map.cpp:1401]: Bounding Box of 1082 => (1843,974) - (1920,1017)
[map.cpp:1401]: Bounding Box of 1083 => (1912,923) - (1994,1025)
[map.cpp:1401]: Bounding Box of 1084 => (1965,965) - (2070,1031)
[map.cpp:1401]: Bounding Box of 1085 => (2064,990) - (2204,1065)
[map.cpp:1401]: Bounding Box of 1086 => (2068,931) - (2183,1008)
[map.cpp:1401]: Bounding Box of 1087 => (1983,918) - (2084,986)
[map.cpp:1401]: Bounding Box of 1088 => (2043,890) - (2127,949)
[map.cpp:1401]: Bounding Box of 1089 => (2099,880) - (2184,968)
[map.cpp:1401]: Bounding Box of 1090 => (2161,886) - (2235,997)
[map.cpp:1401]: Bounding Box of 1091 => (2200,873) - (2259,969)
[map.cpp:1401]: Bounding Box of 1092 => (2244,886) - (2303,961)
[map.cpp:1401]: Bounding Box of 1093 => (2198,996) - (2279,1094)
[map.cpp:1401]: Bounding Box of 1094 => (2228,1066) - (2330,1152)
[map.cpp:1401]: Bounding Box of 1095 => (2264,1036) - (2345,1145)
[map.cpp:1401]: Bounding Box of 1096 => (2226,937) - (2334,1057)
[map.cpp:1401]: Bounding Box of 1097 => (2314,937) - (2408,1035)
[map.cpp:1401]: Bounding Box of 1098 => (2283,867) - (2395,963)
[map.cpp:1401]: Bounding Box of 1099 => (2336,856) - (2409,926)
[map.cpp:1401]: Bounding Box of 1100 => (2344,809) - (2432,868)
[map.cpp:1401]: Bounding Box of 1101 => (2420,793) - (2512,850)
[map.cpp:1401]: Bounding Box of 1102 => (2471,760) - (2535,815)
[map.cpp:1401]: Bounding Box of 1103 => (2504,740) - (2566,799)
[map.cpp:1401]: Bounding Box of 1104 => (2555,722) - (2642,757)
[map.cpp:1401]: Bounding Box of 1105 => (2560,748) - (2650,796)
[map.cpp:1401]: Bounding Box of 1106 => (2646,738) - (2673,766)
[map.cpp:1401]: Bounding Box of 1107 => (2639,715) - (2705,761)
[map.cpp:1401]: Bounding Box of 1108 => (2685,721) - (2726,758)
[map.cpp:1401]: Bounding Box of 1109 => (2711,716) - (2791,732)
[map.cpp:1401]: Bounding Box of 1110 => (2723,730) - (2790,754)
[map.cpp:1401]: Bounding Box of 1111 => (2785,717) - (2830,756)
[map.cpp:1401]: Bounding Box of 1112 => (2589,764) - (2669,877)
[map.cpp:1401]: Bounding Box of 1113 => (2535,790) - (2605,834)
[map.cpp:1401]: Bounding Box of 1114 => (2546,826) - (2616,899)
[map.cpp:1401]: Bounding Box of 1115 => (2507,806) - (2561,853)
[map.cpp:1401]: Bounding Box of 1116 => (2466,836) - (2525,905)
[map.cpp:1401]: Bounding Box of 1117 => (2402,842) - (2476,921)
[map.cpp:1401]: Bounding Box of 1118 => (2389,905) - (2456,983)
[map.cpp:1401]: Bounding Box of 1119 => (2429,891) - (2497,984)
[map.cpp:1401]: Bounding Box of 1120 => (2494,852) - (2556,929)
[map.cpp:1401]: Bounding Box of 1121 => (2483,891) - (2587,989)
[map.cpp:1401]: Bounding Box of 1122 => (2555,913) - (2641,1005)
[map.cpp:1401]: Bounding Box of 1123 => (2578,858) - (2645,943)
[map.cpp:1401]: Bounding Box of 1124 => (2638,874) - (2710,972)
[map.cpp:1401]: Bounding Box of 1125 => (2657,851) - (2740,924)
[map.cpp:1401]: Bounding Box of 1126 => (2651,800) - (2723,860)
[map.cpp:1401]: Bounding Box of 1127 => (2658,752) - (2739,815)
[map.cpp:1401]: Bounding Box of 1128 => (2731,753) - (2805,829)
[map.cpp:1401]: Bounding Box of 1129 => (2704,810) - (2804,899)
[map.cpp:1401]: Bounding Box of 1130 => (2773,805) - (2842,887)
[map.cpp:1401]: Bounding Box of 1131 => (2799,753) - (2874,821)
[map.cpp:1401]: Bounding Box of 1132 => (2860,736) - (2910,788)
[map.cpp:1401]: Bounding Box of 1133 => (2892,747) - (2944,793)
[map.cpp:1401]: Bounding Box of 1134 => (2850,781) - (2932,838)
[map.cpp:1401]: Bounding Box of 1135 => (2917,792) - (2977,848)
[map.cpp:1401]: Bounding Box of 1136 => (2904,825) - (2958,885)
[map.cpp:1401]: Bounding Box of 1137 => (2826,810) - (2917,878)
[map.cpp:1401]: Bounding Box of 1138 => (2871,847) - (2937,926)
[map.cpp:1401]: Bounding Box of 1139 => (2838,871) - (2903,946)
[map.cpp:1401]: Bounding Box of 1140 => (2829,938) - (2902,1018)
[map.cpp:1401]: Bounding Box of 1141 => (2785,868) - (2854,987)
[map.cpp:1401]: Bounding Box of 1142 => (2703,887) - (2806,1004)
[map.cpp:1401]: Bounding Box of 1143 => (2753,946) - (2873,1070)
[map.cpp:1401]: Bounding Box of 1144 => (2665,966) - (2793,1088)
[map.cpp:1401]: Bounding Box of 1145 => (2589,956) - (2697,1059)
[map.cpp:1401]: Bounding Box of 1146 => (2682,1076) - (2801,1169)
[map.cpp:1401]: Bounding Box of 1147 => (2758,1054) - (2861,1128)
[map.cpp:1401]: Bounding Box of 1148 => (2798,1096) - (2974,1186)
[map.cpp:1401]: Bounding Box of 1149 => (2787,1146) - (2921,1234)
[map.cpp:1401]: Bounding Box of 1150 => (2877,1206) - (2983,1268)
[map.cpp:1401]: Bounding Box of 1151 => (2949,1267) - (3012,1324)
[map.cpp:1401]: Bounding Box of 1152 => (2849,1225) - (2955,1293)
[map.cpp:1401]: Bounding Box of 1153 => (2851,1268) - (2963,1359)
[map.cpp:1401]: Bounding Box of 1154 => (2917,1308) - (3001,1374)
[map.cpp:1401]: Bounding Box of 1155 => (2993,1278) - (3072,1379)
[map.cpp:1401]: Bounding Box of 1156 => (2974,1221) - (3072,1281)
[map.cpp:1401]: Bounding Box of 1157 => (2993,1166) - (3072,1250)
[map.cpp:1401]: Bounding Box of 1158 => (2915,1170) - (3026,1234)
[map.cpp:1401]: Bounding Box of 1159 => (2967,1078) - (3072,1187)
[map.cpp:1401]: Bounding Box of 1160 => (2940,1035) - (3048,1142)
[map.cpp:1401]: Bounding Box of 1161 => (2841,1060) - (2958,1124)
[map.cpp:1401]: Bounding Box of 1162 => (2858,975) - (2939,1071)
[map.cpp:1401]: Bounding Box of 1163 => (2915,1012) - (3000,1081)
[map.cpp:1401]: Bounding Box of 1164 => (2920,941) - (2994,1025)
[map.cpp:1401]: Bounding Box of 1165 => (2968,977) - (3045,1036)
[map.cpp:1401]: Bounding Box of 1166 => (3014,961) - (3072,1088)
[map.cpp:1401]: Bounding Box of 1167 => (2975,900) - (3072,991)
[map.cpp:1401]: Bounding Box of 1168 => (2890,913) - (2962,977)
[map.cpp:1401]: Bounding Box of 1169 => (2930,883) - (2986,950)
[map.cpp:1401]: Bounding Box of 1170 => (2948,842) - (2992,899)
[map.cpp:1401]: Bounding Box of 1171 => (2977,845) - (3042,917)
[map.cpp:1401]: Bounding Box of 1172 => (3006,797) - (3065,868)
[map.cpp:1401]: Bounding Box of 1173 => (2947,764) - (3012,849)
[map.cpp:1401]: Bounding Box of 1174 => (2956,746) - (3051,805)
[map.cpp:1401]: Bounding Box of 1175 => (2969,704) - (3031,756)
[map.cpp:1401]: Bounding Box of 1176 => (2957,643) - (3033,711)
[map.cpp:1401]: Bounding Box of 1177 => (2923,688) - (2983,737)
[map.cpp:1401]: Bounding Box of 1178 => (2893,691) - (2979,766)
[map.cpp:1401]: Bounding Box of 1179 => (2865,696) - (2908,742)
[map.cpp:1401]: Bounding Box of 1180 => (2826,717) - (2867,758)
[map.cpp:1401]: Bounding Box of 1181 => (2923,635) - (2980,692)
[map.cpp:1401]: Bounding Box of 1182 => (2901,623) - (2929,661)
[map.cpp:1401]: Bounding Box of 1183 => (2885,657) - (2923,698)
[map.cpp:1401]: Bounding Box of 1184 => (2837,656) - (2891,725)
[map.cpp:1401]: Bounding Box of 1185 => (2874,621) - (2907,662)
[map.cpp:1401]: Bounding Box of 1186 => (2853,599) - (2902,664)
[map.cpp:1401]: Bounding Box of 1187 => (2815,581) - (2885,631)
[map.cpp:1401]: Bounding Box of 1188 => (2845,571) - (2895,594)
[map.cpp:1401]: Bounding Box of 1189 => (2873,540) - (2904,578)
[map.cpp:1401]: Bounding Box of 1190 => (2884,554) - (2938,600)
[map.cpp:1401]: Bounding Box of 1191 => (2897,583) - (2969,623)
[map.cpp:1401]: Bounding Box of 1192 => (2933,593) - (2985,642)
[map.cpp:1401]: Bounding Box of 1193 => (2977,599) - (3044,656)
[map.cpp:1401]: Bounding Box of 1194 => (2980,538) - (3072,606)
[map.cpp:1401]: Bounding Box of 1195 => (2916,536) - (2990,595)
[map.cpp:1401]: Bounding Box of 1196 => (2880,518) - (2923,560)
[map.cpp:1401]: Bounding Box of 1197 => (2843,516) - (2886,551)
[map.cpp:1401]: Bounding Box of 1198 => (2808,537) - (2880,586)
[map.cpp:1401]: Bounding Box of 1199 => (2754,530) - (2815,576)
[map.cpp:1401]: Bounding Box of 1200 => (2696,557) - (2778,601)
[map.cpp:1401]: Bounding Box of 1201 => (2726,593) - (2771,624)
[map.cpp:1401]: Bounding Box of 1202 => (2766,565) - (2828,612)
[map.cpp:1401]: Bounding Box of 1203 => (2792,600) - (2856,650)
[map.cpp:1401]: Bounding Box of 1204 => (2752,604) - (2803,641)
[map.cpp:1401]: Bounding Box of 1205 => (2715,606) - (2769,661)
[map.cpp:1401]: Bounding Box of 1206 => (2765,634) - (2805,667)
[map.cpp:1401]: Bounding Box of 1207 => (2802,640) - (2854,668)
[map.cpp:1401]: Bounding Box of 1208 => (2759,669) - (2841,720)
[map.cpp:1401]: Bounding Box of 1209 => (2726,686) - (2791,720)
[map.cpp:1401]: Bounding Box of 1210 => (2677,660) - (2777,721)
[map.cpp:1401]: Bounding Box of 1211 => (2665,651) - (2743,678)
[map.cpp:1401]: Bounding Box of 1212 => (2673,628) - (2728,654)
[map.cpp:1401]: Bounding Box of 1213 => (2675,603) - (2722,630)
[map.cpp:1401]: Bounding Box of 1214 => (2553,475) - (2621,521)
[map.cpp:1401]: Bounding Box of 1215 => (2610,503) - (2690,556)
[map.cpp:1401]: Bounding Box of 1216 => (2647,548) - (2711,586)
[map.cpp:1401]: Bounding Box of 1217 => (2685,525) - (2755,562)
[map.cpp:1401]: Bounding Box of 1218 => (2668,500) - (2746,536)
[map.cpp:1401]: Bounding Box of 1219 => (2640,473) - (2681,513)
[map.cpp:1401]: Bounding Box of 1220 => (2672,451) - (2728,508)
[map.cpp:1401]: Bounding Box of 1221 => (2709,446) - (2767,515)
[map.cpp:1401]: Bounding Box of 1222 => (2742,496) - (2804,543)
[map.cpp:1401]: Bounding Box of 1223 => (2744,442) - (2792,508)
[map.cpp:1401]: Bounding Box of 1224 => (2788,462) - (2829,499)
[map.cpp:1401]: Bounding Box of 1225 => (2794,487) - (2830,518)
[map.cpp:1401]: Bounding Box of 1226 => (2803,506) - (2848,544)
[map.cpp:1401]: Bounding Box of 1227 => (2827,489) - (2869,524)
[map.cpp:1401]: Bounding Box of 1228 => (2822,471) - (2863,495)
[map.cpp:1401]: Bounding Box of 1229 => (2805,436) - (2848,475)
[map.cpp:1401]: Bounding Box of 1230 => (2766,422) - (2811,471)
[map.cpp:1401]: Bounding Box of 1231 => (2780,404) - (2822,438)
[map.cpp:1401]: Bounding Box of 1232 => (2767,367) - (2806,407)
[map.cpp:1401]: Bounding Box of 1233 => (2740,378) - (2784,431)
[map.cpp:1401]: Bounding Box of 1234 => (2680,402) - (2769,453)
[map.cpp:1401]: Bounding Box of 1235 => (2686,373) - (2751,421)
[map.cpp:1401]: Bounding Box of 1236 => (2662,327) - (2743,372)
[map.cpp:1401]: Bounding Box of 1237 => (2655,357) - (2712,395)
[map.cpp:1401]: Bounding Box of 1238 => (2602,383) - (2690,424)
[map.cpp:1401]: Bounding Box of 1239 => (2613,359) - (2660,396)
[map.cpp:1401]: Bounding Box of 1240 => (2612,336) - (2640,369)
[map.cpp:1401]: Bounding Box of 1241 => (2629,334) - (2667,370)
[map.cpp:1401]: Bounding Box of 1242 => (2624,293) - (2662,343)
[map.cpp:1401]: Bounding Box of 1243 => (2650,326) - (2678,351)
[map.cpp:1401]: Bounding Box of 1244 => (2661,299) - (2693,340)
[map.cpp:1401]: Bounding Box of 1245 => (2712,348) - (2768,387)
[map.cpp:1401]: Bounding Box of 1246 => (2759,334) - (2782,370)
[map.cpp:1401]: Bounding Box of 1247 => (2722,321) - (2770,354)
[map.cpp:1401]: Bounding Box of 1248 => (2711,295) - (2753,331)
[map.cpp:1401]: Bounding Box of 1249 => (2676,296) - (2720,334)
[map.cpp:1401]: Bounding Box of 1250 => (2689,245) - (2733,301)
[map.cpp:1401]: Bounding Box of 1251 => (2650,246) - (2703,306)
[map.cpp:1401]: Bounding Box of 1252 => (2614,215) - (2684,261)
[map.cpp:1401]: Bounding Box of 1253 => (2675,200) - (2712,252)
[map.cpp:1401]: Bounding Box of 1254 => (2704,184) - (2739,251)
[map.cpp:1401]: Bounding Box of 1255 => (2685,115) - (2747,190)
[map.cpp:1401]: Bounding Box of 1256 => (2662,162) - (2708,206)
[map.cpp:1401]: Bounding Box of 1257 => (2629,123) - (2693,166)
[map.cpp:1401]: Bounding Box of 1258 => (2636,78) - (2669,125)
[map.cpp:1401]: Bounding Box of 1259 => (2658,59) - (2691,96)
[map.cpp:1401]: Bounding Box of 1260 => (2661,84) - (2727,138)
[map.cpp:1401]: Bounding Box of 1261 => (2727,58) - (2785,105)
[map.cpp:1401]: Bounding Box of 1262 => (2746,94) - (2789,126)
[map.cpp:1401]: Bounding Box of 1263 => (2775,53) - (2817,100)
[map.cpp:1401]: Bounding Box of 1264 => (2787,13) - (2828,64)
[map.cpp:1401]: Bounding Box of 1265 => (2747,14) - (2792,62)
[map.cpp:1401]: Bounding Box of 1266 => (2494,8) - (2568,81)
[map.cpp:1401]: Bounding Box of 1267 => (2620,58) - (2660,108)
[map.cpp:1401]: Bounding Box of 1268 => (2594,100) - (2642,148)
[map.cpp:1401]: Bounding Box of 1269 => (2572,143) - (2602,168)
[map.cpp:1401]: Bounding Box of 1270 => (2534,159) - (2589,219)
[map.cpp:1401]: Bounding Box of 1271 => (2587,141) - (2641,194)
[map.cpp:1401]: Bounding Box of 1272 => (2617,140) - (2667,198)
[map.cpp:1401]: Bounding Box of 1273 => (2642,192) - (2680,229)
[map.cpp:1401]: Bounding Box of 1274 => (2604,183) - (2655,224)
[map.cpp:1401]: Bounding Box of 1275 => (2550,174) - (2612,230)
[map.cpp:1401]: Bounding Box of 1276 => (2578,220) - (2624,261)
[map.cpp:1401]: Bounding Box of 1277 => (2598,251) - (2659,296)
[map.cpp:1401]: Bounding Box of 1278 => (2585,272) - (2638,301)
[map.cpp:1401]: Bounding Box of 1279 => (2561,251) - (2603,287)
[map.cpp:1401]: Bounding Box of 1280 => (2520,219) - (2585,258)
[map.cpp:1401]: Bounding Box of 1281 => (2512,252) - (2572,288)
[map.cpp:1401]: Bounding Box of 1282 => (2549,284) - (2615,323)
[map.cpp:1401]: Bounding Box of 1283 => (2579,300) - (2629,339)
[map.cpp:1401]: Bounding Box of 1284 => (2573,333) - (2618,355)
[map.cpp:1401]: Bounding Box of 1285 => (2590,350) - (2617,380)
[map.cpp:1401]: Bounding Box of 1286 => (2544,347) - (2592,380)
[map.cpp:1401]: Bounding Box of 1287 => (2511,323) - (2582,366)
[map.cpp:1401]: Bounding Box of 1288 => (2507,286) - (2590,331)
[map.cpp:1401]: Bounding Box of 1289 => (2474,264) - (2534,322)
[map.cpp:1401]: Bounding Box of 1290 => (2495,213) - (2550,260)
[map.cpp:1401]: Bounding Box of 1291 => (2468,251) - (2512,295)
[map.cpp:1401]: Bounding Box of 1292 => (2427,293) - (2485,369)
[map.cpp:1401]: Bounding Box of 1293 => (2460,317) - (2524,355)
[map.cpp:1401]: Bounding Box of 1294 => (2443,344) - (2489,389)
[map.cpp:1401]: Bounding Box of 1295 => (2436,374) - (2482,434)
[map.cpp:1401]: Bounding Box of 1296 => (2478,372) - (2525,425)
[map.cpp:1401]: Bounding Box of 1297 => (2486,350) - (2554,397)
[map.cpp:1401]: Bounding Box of 1298 => (2523,375) - (2587,417)
[map.cpp:1401]: Bounding Box of 1299 => (2567,368) - (2615,403)
[map.cpp:1401]: Bounding Box of 1300 => (2543,398) - (2607,434)
[map.cpp:1401]: Bounding Box of 1301 => (2552,415) - (2640,467)
[map.cpp:1401]: Bounding Box of 1302 => (2634,405) - (2690,449)
[map.cpp:1401]: Bounding Box of 1303 => (2638,442) - (2688,478)
[map.cpp:1401]: Bounding Box of 1304 => (2610,458) - (2647,510)
[map.cpp:1401]: Bounding Box of 1305 => (2569,450) - (2618,487)
[map.cpp:1401]: Bounding Box of 1306 => (2516,438) - (2577,486)
[map.cpp:1401]: Bounding Box of 1307 => (2512,407) - (2556,443)
[map.cpp:1401]: Bounding Box of 1308 => (2469,405) - (2524,452)
[map.cpp:1401]: Bounding Box of 1309 => (2471,436) - (2525,469)
[map.cpp:1401]: Bounding Box of 1310 => (2441,426) - (2477,472)
[map.cpp:1401]: Bounding Box of 1311 => (2462,453) - (2505,493)
[map.cpp:1401]: Bounding Box of 1312 => (2446,480) - (2490,519)
[map.cpp:1401]: Bounding Box of 1313 => (2482,464) - (2537,527)
[map.cpp:1401]: Bounding Box of 1314 => (2505,480) - (2560,553)
[map.cpp:1401]: Bounding Box of 1315 => (2550,500) - (2606,561)
[map.cpp:1401]: Bounding Box of 1316 => (2514,547) - (2563,603)
[map.cpp:1401]: Bounding Box of 1317 => (2557,555) - (2619,609)
[map.cpp:1401]: Bounding Box of 1318 => (2597,519) - (2649,574)
[map.cpp:1401]: Bounding Box of 1319 => (2608,560) - (2682,616)
[map.cpp:1401]: Bounding Box of 1320 => (2667,573) - (2731,609)
[map.cpp:1401]: Bounding Box of 1321 => (2590,599) - (2660,629)
[map.cpp:1401]: Bounding Box of 1322 => (2652,610) - (2682,634)
[map.cpp:1401]: Bounding Box of 1323 => (2613,620) - (2657,653)
[map.cpp:1401]: Bounding Box of 1324 => (2574,621) - (2627,643)
[map.cpp:1401]: Bounding Box of 1325 => (2561,634) - (2619,680)
[map.cpp:1401]: Bounding Box of 1326 => (2582,666) - (2631,705)
[map.cpp:1401]: Bounding Box of 1327 => (2609,635) - (2682,678)
[map.cpp:1401]: Bounding Box of 1328 => (2630,658) - (2683,692)
[map.cpp:1401]: Bounding Box of 1329 => (2639,672) - (2721,723)
[map.cpp:1401]: Bounding Box of 1330 => (2590,683) - (2645,733)
[map.cpp:1401]: Bounding Box of 1331 => (2515,709) - (2599,749)
[map.cpp:1401]: Bounding Box of 1332 => (2544,683) - (2603,714)
[map.cpp:1401]: Bounding Box of 1333 => (2523,693) - (2557,723)
[map.cpp:1401]: Bounding Box of 1334 => (2499,701) - (2525,732)
[map.cpp:1401]: Bounding Box of 1335 => (2481,676) - (2534,726)
[map.cpp:1401]: Bounding Box of 1336 => (2449,717) - (2517,769)
[eventmanager.cpp:269]: Events loaded events/HF_reconquista_events.txt' #32
[map.cpp:1401]: Bounding Box of 1337 => (2407,713) - (2472,757)
[map.cpp:1401]: Bounding Box of 1338 => (2378,681) - (2461,717)
[map.cpp:1401]: Bounding Box of 1339 => (2453,656) - (2513,723)
[map.cpp:1401]: Bounding Box of 1340 => (2524,658) - (2567,693)
[map.cpp:1401]: Bounding Box of 1341 => (2507,630) - (2580,680)
[map.cpp:1401]: Bounding Box of 1342 => (2507,610) - (2553,647)
[map.cpp:1401]: Bounding Box of 1343 => (2524,594) - (2592,633)
[map.cpp:1401]: Bounding Box of 1344 => (2480,567) - (2531,616)
[map.cpp:1401]: Bounding Box of 1345 => (2448,595) - (2514,661)
[map.cpp:1401]: Bounding Box of 1346 => (2440,557) - (2484,609)
[map.cpp:1401]: Bounding Box of 1347 => (2475,524) - (2522,575)
[map.cpp:1401]: Bounding Box of 1348 => (2431,511) - (2491,566)
[map.cpp:1401]: Bounding Box of 1349 => (2417,493) - (2456,541)
[map.cpp:1401]: Bounding Box of 1350 => (2364,494) - (2432,549)
[map.cpp:1401]: Bounding Box of 1351 => (2348,516) - (2440,596)
[map.cpp:1401]: Bounding Box of 1352 => (2412,574) - (2446,601)
[map.cpp:1401]: Bounding Box of 1353 => (2400,594) - (2454,635)
[map.cpp:1401]: Bounding Box of 1354 => (2377,628) - (2468,693)
[map.cpp:1401]: Bounding Box of 1355 => (2340,583) - (2414,662)
[map.cpp:1401]: Bounding Box of 1356 => (2288,520) - (2379,619)
[map.cpp:1401]: Bounding Box of 1357 => (2292,585) - (2333,622)
[map.cpp:1401]: Bounding Box of 1358 => (2308,462) - (2378,534)
[map.cpp:1401]: Bounding Box of 1359 => (2360,444) - (2412,502)
[map.cpp:1401]: Bounding Box of 1360 => (2407,458) - (2464,504)
[map.cpp:1401]: Bounding Box of 1361 => (2387,423) - (2431,481)
[map.cpp:1401]: Bounding Box of 1362 => (2378,400) - (2401,434)
[map.cpp:1401]: Bounding Box of 1363 => (2337,389) - (2391,452)
[map.cpp:1401]: Bounding Box of 1364 => (2337,366) - (2400,402)
[map.cpp:1401]: Bounding Box of 1365 => (2303,372) - (2350,412)
[map.cpp:1401]: Bounding Box of 1366 => (2421,430) - (2451,461)
[map.cpp:1401]: Bounding Box of 1367 => (2410,384) - (2449,437)
[map.cpp:1401]: Bounding Box of 1368 => (2424,364) - (2446,384)
[map.cpp:1401]: Bounding Box of 1369 => (2273,389) - (2325,418)
[map.cpp:1401]: Bounding Box of 1370 => (2319,409) - (2374,456)
[map.cpp:1401]: Bounding Box of 1371 => (2264,426) - (2341,465)
[map.cpp:1401]: Bounding Box of 1372 => (2254,464) - (2323,509)
[map.cpp:1401]: Bounding Box of 1373 => (2205,471) - (2253,509)
[map.cpp:1401]: Bounding Box of 1374 => (2209,504) - (2256,555)
[map.cpp:1401]: Bounding Box of 1375 => (2253,499) - (2309,539)
[map.cpp:1401]: Bounding Box of 1376 => (2239,526) - (2292,570)
[map.cpp:1401]: Bounding Box of 1377 => (2259,556) - (2311,593)
[map.cpp:1401]: Bounding Box of 1378 => (2210,550) - (2277,610)
[map.cpp:1401]: Bounding Box of 1379 => (2175,543) - (2216,592)
[map.cpp:1401]: Bounding Box of 1380 => (2178,580) - (2232,627)
[map.cpp:1401]: Bounding Box of 1381 => (2204,601) - (2276,660)
[map.cpp:1401]: Bounding Box of 1382 => (2256,591) - (2304,647)
[map.cpp:1401]: Bounding Box of 1383 => (2307,616) - (2345,664)
[map.cpp:1401]: Bounding Box of 1384 => (2261,639) - (2302,740)
[map.cpp:1401]: Bounding Box of 1385 => (2190,655) - (2282,754)
[map.cpp:1401]: Bounding Box of 1386 => (2296,695) - (2333,763)
[map.cpp:1401]: Bounding Box of 1387 => (2303,658) - (2349,708)
[map.cpp:1401]: Bounding Box of 1388 => (2325,643) - (2388,694)
[map.cpp:1401]: Bounding Box of 1389 => (2344,688) - (2409,741)
[map.cpp:1401]: Bounding Box of 1390 => (2332,699) - (2399,769)
[map.cpp:1401]: Bounding Box of 1391 => (2318,717) - (2373,777)
[map.cpp:1401]: Bounding Box of 1392 => (2379,731) - (2434,778)
[map.cpp:1401]: Bounding Box of 1393 => (2432,756) - (2483,797)
[map.cpp:1401]: Bounding Box of 1394 => (2393,771) - (2450,818)
[map.cpp:1401]: Bounding Box of 1395 => (2365,769) - (2407,818)
[map.cpp:1401]: Bounding Box of 1396 => (2289,757) - (2372,827)
[map.cpp:1401]: Bounding Box of 1397 => (2260,797) - (2362,891)
[map.cpp:1401]: Bounding Box of 1398 => (2234,791) - (2291,848)
[map.cpp:1401]: Bounding Box of 1399 => (2239,735) - (2300,798)
[map.cpp:1401]: Bounding Box of 1400 => (2197,780) - (2258,880)
[map.cpp:1401]: Bounding Box of 1401 => (2157,831) - (2226,890)
[map.cpp:1401]: Bounding Box of 1402 => (2151,788) - (2202,839)
[map.cpp:1401]: Bounding Box of 1403 => (2140,718) - (2243,797)
[map.cpp:1401]: Bounding Box of 1404 => (2105,683) - (2174,756)
[map.cpp:1401]: Bounding Box of 1405 => (2148,628) - (2225,719)
[map.cpp:1401]: Bounding Box of 1406 => (2123,534) - (2190,635)
[map.cpp:1401]: Bounding Box of 1407 => (2182,471) - (2221,543)
[map.cpp:1401]: Bounding Box of 1408 => (2092,450) - (2196,548)
[map.cpp:1401]: Bounding Box of 1409 => (1970,434) - (2101,569)
[map.cpp:1401]: Bounding Box of 1410 => (2009,487) - (2137,582)
[map.cpp:1401]: Bounding Box of 1411 => (2015,564) - (2132,666)
[map.cpp:1401]: Bounding Box of 1412 => (2068,612) - (2170,710)
[map.cpp:1401]: Bounding Box of 1413 => (1980,640) - (2077,716)
[map.cpp:1401]: Bounding Box of 1414 => (1960,565) - (2026,664)
[map.cpp:1401]: Bounding Box of 1415 => (1842,659) - (1999,789)
[map.cpp:1401]: Bounding Box of 1416 => (1765,753) - (1872,844)
[map.cpp:1401]: Bounding Box of 1417 => (1815,828) - (1943,882)
[map.cpp:1401]: Bounding Box of 1418 => (1852,759) - (1955,839)
[map.cpp:1401]: Bounding Box of 1419 => (1944,743) - (2024,818)
[map.cpp:1401]: Bounding Box of 1420 => (1986,709) - (2056,776)
[map.cpp:1401]: Bounding Box of 1421 => (2048,701) - (2143,782)
[map.cpp:1401]: Bounding Box of 1422 => (2010,750) - (2094,820)
[map.cpp:1401]: Bounding Box of 1423 => (2068,773) - (2162,834)
[map.cpp:1401]: Bounding Box of 1424 => (2107,818) - (2173,898)
[map.cpp:1401]: Bounding Box of 1425 => (2034,798) - (2116,893)
[map.cpp:1401]: Bounding Box of 1426 => (1992,869) - (2091,933)
[map.cpp:1401]: Bounding Box of 1427 => (1948,817) - (2060,895)
[map.cpp:1401]: Bounding Box of 1428 => (1941,809) - (2016,868)
[map.cpp:1401]: Bounding Box of 1429 => (1851,851) - (1951,899)
[map.cpp:1401]: Bounding Box of 1430 => (1782,878) - (1859,983)
[map.cpp:1401]: Bounding Box of 1431 => (1709,887) - (1808,967)
[map.cpp:1401]: Bounding Box of 1432 => (1724,846) - (1840,909)
[map.cpp:1401]: Bounding Box of 1433 => (1761,800) - (1829,859)
[map.cpp:1401]: Bounding Box of 1434 => (1694,777) - (1785,814)
[map.cpp:1401]: Bounding Box of 1435 => (1686,755) - (1769,796)
[map.cpp:1401]: Bounding Box of 1436 => (1657,766) - (1697,801)
[map.cpp:1401]: Bounding Box of 1437 => (1600,791) - (1664,846)
[map.cpp:1401]: Bounding Box of 1438 => (1624,763) - (1668,793)
[map.cpp:1401]: Bounding Box of 1439 => (1583,783) - (1633,840)
[map.cpp:1401]: Bounding Box of 1440 => (1564,840) - (1648,919)
[map.cpp:1401]: Bounding Box of 1441 => (1520,887) - (1620,942)
[map.cpp:1401]: Bounding Box of 1442 => (1493,850) - (1571,906)
[map.cpp:1401]: Bounding Box of 1443 => (1500,827) - (1546,888)
[map.cpp:1401]: Bounding Box of 1444 => (1523,802) - (1596,860)
[map.cpp:1401]: Bounding Box of 1445 => (1543,775) - (1610,825)
[map.cpp:1401]: Bounding Box of 1446 => (1512,748) - (1602,817)
[map.cpp:1401]: Bounding Box of 1447 => (1526,711) - (1600,765)
[map.cpp:1401]: Bounding Box of 1448 => (1595,651) - (1680,728)
[map.cpp:1401]: Bounding Box of 1449 => (1671,626) - (1772,702)
[map.cpp:1401]: Bounding Box of 1450 => (1663,681) - (1755,744)
[map.cpp:1401]: Bounding Box of 1451 => (1589,687) - (1689,765)
[map.cpp:1401]: Bounding Box of 1452 => (1599,733) - (1682,786)
[map.cpp:1401]: Bounding Box of 1453 => (1676,722) - (1778,773)
[map.cpp:1401]: Bounding Box of 1454 => (1743,666) - (1879,766)
[map.cpp:1401]: Bounding Box of 1455 => (1751,613) - (1844,702)
[map.cpp:1401]: Bounding Box of 1456 => (1830,565) - (1962,683)
[map.cpp:1401]: Bounding Box of 1457 => (1896,541) - (1979,647)
[map.cpp:1401]: Bounding Box of 1458 => (1920,428) - (2019,556)
[map.cpp:1401]: Bounding Box of 1459 => (1876,459) - (1934,499)
[map.cpp:1401]: Bounding Box of 1460 => (1848,486) - (1934,583)
[map.cpp:1401]: Bounding Box of 1461 => (1799,456) - (1884,562)
[map.cpp:1401]: Bounding Box of 1462 => (1711,460) - (1826,555)
[map.cpp:1401]: Bounding Box of 1463 => (1729,519) - (1811,592)
[map.cpp:1401]: Bounding Box of 1464 => (1734,544) - (1854,637)
[map.cpp:1401]: Bounding Box of 1465 => (1687,547) - (1742,640)
[map.cpp:1401]: Bounding Box of 1466 => (1653,615) - (1704,655)
[map.cpp:1401]: Bounding Box of 1467 => (1615,609) - (1662,667)
[map.cpp:1401]: Bounding Box of 1468 => (1622,577) - (1695,622)
[map.cpp:1401]: Bounding Box of 1469 => (1589,574) - (1627,617)
[map.cpp:1401]: Bounding Box of 1470 => (1606,549) - (1655,598)
[map.cpp:1401]: Bounding Box of 1471 => (1537,534) - (1621,610)
[map.cpp:1401]: Bounding Box of 1472 => (1482,591) - (1552,648)
[map.cpp:1401]: Bounding Box of 1473 => (1534,601) - (1599,651)
[map.cpp:1401]: Bounding Box of 1474 => (1563,615) - (1621,669)
[map.cpp:1401]: Bounding Box of 1475 => (1569,654) - (1637,717)
[map.cpp:1401]: Bounding Box of 1476 => (1507,648) - (1579,700)
[map.cpp:1401]: Bounding Box of 1477 => (1456,639) - (1538,697)
[map.cpp:1401]: Bounding Box of 1478 => (1488,675) - (1534,733)
[map.cpp:1401]: Bounding Box of 1479 => (1517,694) - (1576,748)
[map.cpp:1401]: Bounding Box of 1480 => (1467,691) - (1518,745)
[map.cpp:1401]: Bounding Box of 1481 => (1418,723) - (1480,779)
[map.cpp:1401]: Bounding Box of 1482 => (1390,767) - (1449,808)
[map.cpp:1401]: Bounding Box of 1483 => (1446,740) - (1498,805)
[map.cpp:1401]: Bounding Box of 1484 => (1486,739) - (1534,813)
[map.cpp:1401]: Bounding Box of 1485 => (1431,791) - (1491,829)
[map.cpp:1401]: Bounding Box of 1486 => (1412,805) - (1449,837)
[map.cpp:1401]: Bounding Box of 1487 => (1378,748) - (1421,777)
[map.cpp:1401]: Bounding Box of 1488 => (1382,722) - (1438,754)
[map.cpp:1401]: Bounding Box of 1489 => (1428,680) - (1474,735)
[map.cpp:1401]: Bounding Box of 1490 => (1410,686) - (1443,715)
[map.cpp:1401]: Bounding Box of 1491 => (1364,685) - (1420,715)
[map.cpp:1401]: Bounding Box of 1492 => (1385,711) - (1432,735)
[map.cpp:1401]: Bounding Box of 1493 => (1357,702) - (1390,743)
[map.cpp:1401]: Bounding Box of 1494 => (1339,695) - (1367,734)
[map.cpp:1401]: Bounding Box of 1495 => (1331,728) - (1361,762)
[map.cpp:1401]: Bounding Box of 1496 => (1350,733) - (1385,765)
[map.cpp:1401]: Bounding Box of 1497 => (1319,755) - (1341,778)
[map.cpp:1401]: Bounding Box of 1498 => (1304,761) - (1327,785)
[map.cpp:1401]: Bounding Box of 1499 => (1304,744) - (1327,766)
[map.cpp:1401]: Bounding Box of 1500 => (1312,712) - (1342,761)
[map.cpp:1401]: Bounding Box of 1501 => (1302,719) - (1322,744)
[map.cpp:1401]: Bounding Box of 1502 => (1299,697) - (1330,722)
[map.cpp:1401]: Bounding Box of 1503 => (1308,667) - (1350,714)
[map.cpp:1401]: Bounding Box of 1504 => (1341,659) - (1390,698)
[map.cpp:1401]: Bounding Box of 1505 => (1317,644) - (1351,681)
[map.cpp:1401]: Bounding Box of 1506 => (1331,624) - (1362,663)
[map.cpp:1401]: Bounding Box of 1507 => (1326,583) - (1378,632)
[map.cpp:1401]: Bounding Box of 1508 => (1307,616) - (1338,646)
[map.cpp:1401]: Bounding Box of 1509 => (1288,611) - (1313,646)
[map.cpp:1401]: Bounding Box of 1510 => (1293,639) - (1323,674)
[map.cpp:1401]: Bounding Box of 1511 => (1289,675) - (1320,700)
[map.cpp:1401]: Bounding Box of 1512 => (1281,656) - (1310,677)
[map.cpp:1401]: Bounding Box of 1513 => (1269,631) - (1300,661)
[map.cpp:1401]: Bounding Box of 1514 => (1271,601) - (1292,632)
[map.cpp:1401]: Bounding Box of 1515 => (1260,581) - (1280,603)
[map.cpp:1401]: Bounding Box of 1516 => (1254,605) - (1282,637)
[map.cpp:1401]: Bounding Box of 1517 => (1247,581) - (1273,609)
[map.cpp:1401]: Bounding Box of 1518 => (1237,559) - (1260,585)
[map.cpp:1401]: Bounding Box of 1519 => (1258,568) - (1275,588)
[map.cpp:1401]: Bounding Box of 1520 => (1254,544) - (1275,573)
[map.cpp:1401]: Bounding Box of 1521 => (1272,549) - (1315,583)
[map.cpp:1401]: Bounding Box of 1522 => (1279,572) - (1317,612)
[map.cpp:1401]: Bounding Box of 1523 => (1297,583) - (1334,625)
[map.cpp:1401]: Bounding Box of 1524 => (1314,512) - (1427,598)
[map.cpp:1401]: Bounding Box of 1525 => (1271,516) - (1333,566)
[map.cpp:1401]: Bounding Box of 1526 => (1249,490) - (1298,546)
[map.cpp:1401]: Bounding Box of 1527 => (1247,433) - (1324,520)
[map.cpp:1401]: Bounding Box of 1528 => (1309,438) - (1402,523)
[map.cpp:1401]: Bounding Box of 1529 => (1299,342) - (1414,458)
[map.cpp:1401]: Bounding Box of 1530 => (1373,266) - (1450,347)
[map.cpp:1401]: Bounding Box of 1531 => (1435,167) - (1518,277)
[map.cpp:1401]: Bounding Box of 1532 => (1462,216) - (1585,318)
[map.cpp:1401]: Bounding Box of 1533 => (1402,274) - (1476,381)
[map.cpp:1401]: Bounding Box of 1534 => (1371,337) - (1454,437)
[map.cpp:1401]: Bounding Box of 1535 => (1385,388) - (1494,527)
[map.cpp:1401]: Bounding Box of 1536 => (1451,297) - (1591,404)
[map.cpp:1401]: Bounding Box of 1537 => (1460,382) - (1577,515)
[map.cpp:1401]: Bounding Box of 1538 => (1570,318) - (1688,468)
[map.cpp:1401]: Bounding Box of 1539 => (1523,451) - (1631,551)
[map.cpp:1401]: Bounding Box of 1540 => (1609,492) - (1674,552)
[map.cpp:1401]: Bounding Box of 1541 => (1626,451) - (1715,505)
[map.cpp:1401]: Bounding Box of 1542 => (1636,383) - (1732,466)
[map.cpp:1401]: Bounding Box of 1543 => (1717,436) - (1731,457)
[map.cpp:1401]: Bounding Box of 1544 => (1720,368) - (1788,450)
[map.cpp:1401]: Bounding Box of 1545 => (1781,357) - (1899,439)
[map.cpp:1401]: Bounding Box of 1546 => (1849,333) - (1928,417)
[map.cpp:1401]: Bounding Box of 1547 => (1922,269) - (1974,359)
[map.cpp:1401]: Bounding Box of 1548 => (1879,252) - (1945,342)
[map.cpp:1401]: Bounding Box of 1549 => (1805,190) - (1921,265)
[map.cpp:1401]: Bounding Box of 1550 => (1713,161) - (1836,233)
[map.cpp:1401]: Bounding Box of 1551 => (1625,128) - (1726,207)
[map.cpp:1401]: Bounding Box of 1552 => (1576,146) - (1656,206)
[map.cpp:1401]: Bounding Box of 1553 => (1507,181) - (1584,230)
[map.cpp:1401]: Bounding Box of 1554 => (1507,137) - (1591,197)
[map.cpp:1401]: Bounding Box of 1555 => (1493,103) - (1536,172)
[map.cpp:1401]: Bounding Box of 1556 => (1519,110) - (1555,149)
[map.cpp:1401]: Bounding Box of 1557 => (1518,96) - (1580,131)
[map.cpp:1401]: Bounding Box of 1558 => (1552,109) - (1643,163)
[map.cpp:1401]: Bounding Box of 1559 => (1756,64) - (1807,82)
[map.cpp:1401]: Bounding Box of 1560 => (1660,0) - (1721,73)
[map.cpp:1401]: Bounding Box of 1561 => (1543,0) - (1662,61)
[map.cpp:1401]: Bounding Box of 1562 => (1497,0) - (1563,72)
[map.cpp:1401]: Bounding Box of 1563 => (1438,0) - (1505,65)
[map.cpp:1401]: Bounding Box of 1564 => (1465,51) - (1518,108)
[map.cpp:1401]: Bounding Box of 1565 => (1414,91) - (1499,160)
[map.cpp:1401]: Bounding Box of 1566 => (1415,0) - (1479,116)
[map.cpp:1401]: Bounding Box of 1567 => (1395,0) - (1444,76)
[map.cpp:1401]: Bounding Box of 1568 => (1358,0) - (1409,54)
[map.cpp:1401]: Bounding Box of 1569 => (1309,0) - (1374,48)
[map.cpp:1401]: Bounding Box of 1570 => (1271,0) - (1321,65)
[map.cpp:1401]: Bounding Box of 1571 => (1337,39) - (1390,85)
[map.cpp:1401]: Bounding Box of 1572 => (1306,23) - (1354,86)
[map.cpp:1401]: Bounding Box of 1573 => (1381,96) - (1415,121)
[map.cpp:1401]: Bounding Box of 1574 => (1384,53) - (1427,101)
[map.cpp:1401]: Bounding Box of 1575 => (1362,69) - (1391,103)
[map.cpp:1401]: Bounding Box of 1576 => (1312,75) - (1366,123)
[map.cpp:1401]: Bounding Box of 1577 => (1356,97) - (1388,125)
[map.cpp:1401]: Bounding Box of 1578 => (1322,114) - (1376,155)
[map.cpp:1401]: Bounding Box of 1579 => (1325,136) - (1375,177)
[map.cpp:1401]: Bounding Box of 1580 => (1372,103) - (1420,149)
[map.cpp:1401]: Bounding Box of 1581 => (1365,142) - (1428,193)
[map.cpp:1401]: Bounding Box of 1582 => (1328,188) - (1397,253)
[map.cpp:1401]: Bounding Box of 1583 => (1295,236) - (1345,337)
[map.cpp:1401]: Bounding Box of 1584 => (1258,174) - (1378,264)
[map.cpp:1401]: Bounding Box of 1585 => (1246,118) - (1343,221)
[map.cpp:1401]: Bounding Box of 1586 => (1241,56) - (1318,151)
[map.cpp:1401]: Bounding Box of 1587 => (1217,0) - (1279,99)
[map.cpp:1401]: Bounding Box of 1588 => (1134,0) - (1232,124)
[map.cpp:1401]: Bounding Box of 1589 => (1035,48) - (1140,149)
[map.cpp:1401]: Bounding Box of 1590 => (1082,92) - (1191,193)
[map.cpp:1401]: Bounding Box of 1591 => (1182,81) - (1261,185)
[map.cpp:1401]: Bounding Box of 1592 => (1200,144) - (1264,250)
[map.cpp:1401]: Bounding Box of 1593 => (1171,180) - (1263,284)
[map.cpp:1401]: Bounding Box of 1594 => (1112,180) - (1184,272)
[map.cpp:1401]: Bounding Box of 1595 => (1118,260) - (1199,354)
[map.cpp:1401]: Bounding Box of 1596 => (1163,303) - (1233,369)
[map.cpp:1401]: Bounding Box of 1597 => (1194,260) - (1300,340)
[map.cpp:1401]: Bounding Box of 1598 => (1228,318) - (1317,395)
[map.cpp:1401]: Bounding Box of 1599 => (1204,361) - (1265,419)
[map.cpp:1401]: Bounding Box of 1600 => (1189,415) - (1252,498)
[map.cpp:1401]: Bounding Box of 1601 => (1183,408) - (1228,447)
[map.cpp:1401]: Bounding Box of 1602 => (1133,336) - (1206,410)
[map.cpp:1401]: Bounding Box of 1603 => (1170,357) - (1213,417)
[map.cpp:1401]: Bounding Box of 1604 => (1136,407) - (1183,458)
[map.cpp:1401]: Bounding Box of 1605 => (1098,391) - (1162,442)
[map.cpp:1401]: Bounding Box of 1606 => (1060,422) - (1132,497)
[map.cpp:1401]: Bounding Box of 1607 => (1104,438) - (1156,503)
[map.cpp:1401]: Bounding Box of 1608 => (1154,424) - (1199,475)
[map.cpp:1401]: Bounding Box of 1609 => (1153,472) - (1192,528)
[map.cpp:1401]: Bounding Box of 1610 => (1164,510) - (1196,552)
[map.cpp:1401]: Bounding Box of 1611 => (1184,495) - (1205,539)
[map.cpp:1401]: Bounding Box of 1612 => (1192,510) - (1231,568)
[map.cpp:1401]: Bounding Box of 1613 => (1210,476) - (1249,534)
[map.cpp:1401]: Bounding Box of 1614 => (1237,512) - (1265,560)
[map.cpp:1401]: Bounding Box of 1615 => (1215,533) - (1249,573)
[map.cpp:1401]: Bounding Box of 1616 => (1174,549) - (1195,568)
[map.cpp:1401]: Bounding Box of 1617 => (1148,549) - (1182,576)
[map.cpp:1401]: Bounding Box of 1618 => (1142,520) - (1176,556)
[map.cpp:1401]: Bounding Box of 1619 => (1130,528) - (1150,571)
[map.cpp:1401]: Bounding Box of 1620 => (1102,526) - (1137,561)
[map.cpp:1401]: Bounding Box of 1621 => (1116,483) - (1165,514)
[map.cpp:1401]: Bounding Box of 1622 => (1105,502) - (1154,537)
[map.cpp:1401]: Bounding Box of 1623 => (975,458) - (1110,556)
[map.cpp:1401]: Bounding Box of 1624 => (1050,516) - (1106,568)
[map.cpp:1401]: Bounding Box of 1625 => (1009,544) - (1061,577)
[map.cpp:1401]: Bounding Box of 1626 => (957,549) - (1015,589)
[map.cpp:1401]: Bounding Box of 1627 => (916,571) - (970,607)
[map.cpp:1401]: Bounding Box of 1628 => (888,559) - (925,604)
[map.cpp:1401]: Bounding Box of 1629 => (861,463) - (998,585)
[map.cpp:1401]: Bounding Box of 1630 => (843,514) - (912,563)
[map.cpp:1401]: Bounding Box of 1631 => (773,526) - (857,565)
[map.cpp:1401]: Bounding Box of 1632 => (750,471) - (871,549)
[map.cpp:1401]: Bounding Box of 1633 => (689,499) - (777,583)
[map.cpp:1401]: Bounding Box of 1634 => (745,554) - (787,598)
[map.cpp:1401]: Bounding Box of 1635 => (692,578) - (749,607)
[map.cpp:1401]: Bounding Box of 1636 => (626,572) - (695,635)
[map.cpp:1401]: Bounding Box of 1637 => (629,524) - (714,590)
[map.cpp:1401]: Bounding Box of 1638 => (564,544) - (638,627)
[map.cpp:1401]: Bounding Box of 1639 => (602,594) - (649,637)
[map.cpp:1401]: Bounding Box of 1640 => (561,616) - (626,656)
[map.cpp:1401]: Bounding Box of 1641 => (592,650) - (640,694)
[map.cpp:1401]: Bounding Box of 1642 => (622,633) - (657,692)
[map.cpp:1401]: Bounding Box of 1643 => (612,687) - (660,727)
[map.cpp:1401]: Bounding Box of 1644 => (591,680) - (623,714)
[map.cpp:1401]: Bounding Box of 1645 => (595,709) - (639,734)
[map.cpp:1401]: Bounding Box of 1646 => (536,703) - (597,723)
[map.cpp:1401]: Bounding Box of 1647 => (480,694) - (542,716)
[map.cpp:1401]: Bounding Box of 1648 => (470,671) - (543,701)
[map.cpp:1401]: Bounding Box of 1649 => (532,675) - (596,708)
[map.cpp:1401]: Bounding Box of 1650 => (531,641) - (610,692)
[map.cpp:1401]: Bounding Box of 1651 => (462,631) - (552,690)
[map.cpp:1401]: Bounding Box of 1652 => (504,597) - (571,648)
[map.cpp:1401]: Bounding Box of 1653 => (476,580) - (544,619)
[map.cpp:1401]: Bounding Box of 1654 => (402,569) - (483,620)
[map.cpp:1401]: Bounding Box of 1655 => (420,606) - (512,656)
[map.cpp:1401]: Bounding Box of 1656 => (361,595) - (429,657)
[map.cpp:1401]: Bounding Box of 1657 => (351,643) - (390,685)
[map.cpp:1401]: Bounding Box of 1658 => (382,648) - (434,689)
[map.cpp:1401]: Bounding Box of 1659 => (415,632) - (482,686)
[map.cpp:1401]: Bounding Box of 1660 => (418,680) - (484,715)
[map.cpp:1401]: Bounding Box of 1661 => (356,675) - (424,704)
[map.cpp:1401]: Bounding Box of 1662 => (284,646) - (359,683)
[map.cpp:1401]: Bounding Box of 1663 => (309,632) - (363,669)
[map.cpp:1401]: Bounding Box of 1664 => (277,568) - (369,639)
[map.cpp:1401]: Bounding Box of 1665 => (269,615) - (312,651)
[map.cpp:1401]: Bounding Box of 1666 => (235,645) - (285,667)
[map.cpp:1401]: Bounding Box of 1667 => (190,653) - (237,694)
[map.cpp:1401]: Bounding Box of 1668 => (172,655) - (206,693)
[map.cpp:1401]: Bounding Box of 1669 => (158,616) - (201,661)
[map.cpp:1401]: Bounding Box of 1670 => (188,624) - (247,661)
[map.cpp:1401]: Bounding Box of 1671 => (181,591) - (256,629)
[map.cpp:1401]: Bounding Box of 1672 => (236,608) - (275,650)
[map.cpp:1401]: Bounding Box of 1673 => (222,574) - (284,619)
[map.cpp:1401]: Bounding Box of 1674 => (154,563) - (224,620)
[map.cpp:1401]: Bounding Box of 1675 => (131,577) - (175,628)
[map.cpp:1401]: Bounding Box of 1676 => (128,545) - (181,586)
[map.cpp:1401]: Bounding Box of 1677 => (126,529) - (195,569)
[map.cpp:1401]: Bounding Box of 1678 => (109,534) - (139,598)
[map.cpp:1401]: Bounding Box of 1679 => (18,517) - (49,557)
[map.cpp:1401]: Bounding Box of 1680 => (75,380) - (167,502)
[map.cpp:1401]: Bounding Box of 1681 => (100,485) - (162,538)
[map.cpp:1401]: Bounding Box of 1682 => (143,459) - (227,527)
[map.cpp:1401]: Bounding Box of 1683 => (157,504) - (204,551)
[map.cpp:1401]: Bounding Box of 1684 => (194,523) - (245,571)
[map.cpp:1401]: Bounding Box of 1685 => (220,548) - (298,586)
[map.cpp:1401]: Bounding Box of 1686 => (218,464) - (292,554)
[map.cpp:1401]: Bounding Box of 1687 => (211,317) - (272,469)
[map.cpp:1401]: Bounding Box of 1688 => (53,322) - (123,407)
[map.cpp:1401]: Bounding Box of 1689 => (28,236) - (115,333)
[map.cpp:1401]: Bounding Box of 1690 => (39,170) - (154,247)
[map.cpp:1401]: Bounding Box of 1691 => (58,122) - (182,205)
[map.cpp:1401]: Bounding Box of 1692 => (177,145) - (271,212)
[map.cpp:1401]: Bounding Box of 1693 => (208,179) - (328,336)
[map.cpp:1401]: Bounding Box of 1694 => (267,121) - (343,194)
[map.cpp:1401]: Bounding Box of 1695 => (205,52) - (307,144)
[map.cpp:1401]: Bounding Box of 1696 => (212,92) - (282,162)
[map.cpp:1401]: Bounding Box of 1697 => (165,77) - (237,122)
[map.cpp:1401]: Bounding Box of 1698 => (110,99) - (218,168)
[map.cpp:1401]: Bounding Box of 1699 => (40,73) - (115,146)
[map.cpp:1401]: Bounding Box of 1700 => (0,32) - (72,129)
[map.cpp:1401]: Bounding Box of 1701 => (0,0) - (112,100)
[map.cpp:1401]: Bounding Box of 1702 => (98,31) - (166,115)
[map.cpp:1401]: Bounding Box of 1703 => (74,0) - (163,41)
[map.cpp:1401]: Bounding Box of 1704 => (143,28) - (213,90)
[map.cpp:1401]: Bounding Box of 1705 => (158,0) - (239,65)
[map.cpp:1401]: Bounding Box of 1706 => (225,0) - (311,70)
[map.cpp:1401]: Bounding Box of 1707 => (300,0) - (382,68)
[map.cpp:1401]: Bounding Box of 1708 => (267,45) - (352,104)
[map.cpp:1401]: Bounding Box of 1709 => (299,61) - (402,152)
[map.cpp:1401]: Bounding Box of 1710 => (318,182) - (416,243)
[map.cpp:1401]: Bounding Box of 1711 => (337,123) - (427,189)
[map.cpp:1401]: Bounding Box of 1712 => (366,78) - (445,140)
[map.cpp:1401]: Bounding Box of 1713 => (399,48) - (459,103)
[map.cpp:1401]: Bounding Box of 1714 => (373,0) - (462,72)
[map.cpp:1401]: Bounding Box of 1715 => (456,0) - (549,52)
[map.cpp:1401]: Bounding Box of 1716 => (443,29) - (503,96)
[map.cpp:1401]: Bounding Box of 1717 => (442,80) - (529,141)
[map.cpp:1401]: Bounding Box of 1718 => (483,35) - (532,82)
[map.cpp:1401]: Bounding Box of 1719 => (509,30) - (565,92)
[map.cpp:1401]: Bounding Box of 1720 => (544,0) - (591,83)
[map.cpp:1401]: Bounding Box of 1721 => (574,0) - (654,73)
[map.cpp:1401]: Bounding Box of 1722 => (566,51) - (650,116)
[map.cpp:1401]: Bounding Box of 1723 => (520,81) - (609,142)
[map.cpp:1401]: Bounding Box of 1724 => (539,117) - (616,207)
[map.cpp:1401]: Bounding Box of 1725 => (594,93) - (697,233)
[map.cpp:1401]: Bounding Box of 1726 => (645,23) - (716,120)
[map.cpp:1401]: Bounding Box of 1727 => (628,0) - (716,45)
[map.cpp:1401]: Bounding Box of 1728 => (684,48) - (740,107)
[map.cpp:1401]: Bounding Box of 1729 => (701,0) - (776,59)
[map.cpp:1401]: Bounding Box of 1730 => (748,0) - (803,76)
[map.cpp:1401]: Bounding Box of 1731 => (790,0) - (854,85)
[map.cpp:1401]: Bounding Box of 1732 => (813,47) - (901,147)
[map.cpp:1401]: Bounding Box of 1733 => (890,48) - (998,130)
[map.cpp:1401]: Bounding Box of 1734 => (945,51) - (1062,148)
[map.cpp:1401]: Bounding Box of 1735 => (728,72) - (827,145)
[map.cpp:1401]: Bounding Box of 1736 => (676,97) - (759,173)
[map.cpp:1401]: Bounding Box of 1737 => (677,165) - (757,274)
[map.cpp:1401]: Bounding Box of 1738 => (669,266) - (743,407)
[map.cpp:1401]: Bounding Box of 1739 => (720,386) - (845,491)
[map.cpp:1401]: Bounding Box of 1740 => (687,401) - (767,516)
[map.cpp:1401]: Bounding Box of 1741 => (1528,1613) - (3072,2048)
[map.cpp:1401]: Bounding Box of 1742 => (3011,573) - (3072,910)
[map.cpp:1401]: Bounding Box of 1743 => (2434,1035) - (2673,1191)
[map.cpp:1401]: Bounding Box of 1744 => (1943,1013) - (2130,1163)
[map.cpp:1401]: Bounding Box of 1745 => (1847,888) - (2007,978)
[map.cpp:1401]: Bounding Box of 1746 => (1351,502) - (1563,692)
[map.cpp:1401]: Bounding Box of 1747 => (1548,193) - (1898,390)
[map.cpp:1401]: Bounding Box of 1748 => (809,0) - (1168,67)
[map.cpp:1401]: Bounding Box of 1749 => (722,119) - (1146,494)
[map.cpp:1401]: Bounding Box of 1750 => (249,124) - (699,607)
[map.cpp:1401]: Bounding Box of 1751 => (100,193) - (234,478)
[map.cpp:1401]: Bounding Box of 1752 => (0,121) - (98,484)
[map.cpp:1401]: Bounding Box of 1753 => (3071,1319) - (3072,1320)
[map.cpp:1401]: Bounding Box of 1754 => (3071,929) - (3072,930)
[map.cpp:1401]: Bounding Box of 1755 => (3071,144) - (3072,145)
[map.cpp:1401]: Bounding Box of 1756 => (1293,1070) - (1387,1109)
[map.cpp:1401]: Bounding Box of 1757 => (1387,1103) - (1434,1172)
[map.cpp:1401]: Bounding Box of 1758 => (1326,1161) - (1422,1187)
[map.cpp:1401]: Bounding Box of 1759 => (1280,1187) - (1333,1284)
[map.cpp:1401]: Bounding Box of 1760 => (1160,1031) - (1230,1092)
[map.cpp:1401]: Bounding Box of 1761 => (1180,1092) - (1228,1123)
[map.cpp:1401]: Bounding Box of 1762 => (1112,1119) - (1181,1180)
[map.cpp:1401]: Bounding Box of 1763 => (1103,1180) - (1117,1231)
[map.cpp:1401]: Bounding Box of 1764 => (1103,1231) - (1120,1290)
[map.cpp:1401]: Bounding Box of 1765 => (1120,1286) - (1190,1322)
[map.cpp:1401]: Bounding Box of 1766 => (1120,1158) - (1174,1209)
[map.cpp:1401]: Bounding Box of 1767 => (1173,1205) - (1195,1240)
[map.cpp:1401]: Bounding Box of 1768 => (1178,1240) - (1199,1275)
[map.cpp:1401]: Bounding Box of 1769 => (1068,1177) - (1112,1204)
[map.cpp:1401]: Bounding Box of 1770 => (997,1184) - (1068,1203)
[map.cpp:1401]: Bounding Box of 1771 => (1097,1014) - (1128,1054)
[map.cpp:1401]: Bounding Box of 1772 => (1045,1054) - (1101,1092)
[map.cpp:1401]: Bounding Box of 1773 => (999,1090) - (1047,1129)
[map.cpp:1401]: Bounding Box of 1774 => (1079,949) - (1119,988)
[map.cpp:1401]: Bounding Box of 1775 => (1036,926) - (1081,951)
[map.cpp:1401]: Bounding Box of 1776 => (996,922) - (1037,929)
[map.cpp:1401]: Bounding Box of 1777 => (937,924) - (998,957)
[map.cpp:1401]: Bounding Box of 1778 => (892,949) - (937,971)
[map.cpp:1401]: Bounding Box of 1779 => (892,971) - (903,1018)
[map.cpp:1401]: Bounding Box of 1780 => (875,1018) - (903,1054)
[map.cpp:1401]: Bounding Box of 1781 => (797,1047) - (875,1081)
[map.cpp:1401]: Bounding Box of 1782 => (733,1072) - (797,1092)
[map.cpp:1401]: Bounding Box of 1783 => (653,1066) - (733,1095)
[map.cpp:1401]: Bounding Box of 1784 => (1140,541) - (1153,572)
[map.cpp:1401]: Bounding Box of 1785 => (1139,513) - (1158,542)
[map.cpp:1401]: Bounding Box of 1786 => (1156,488) - (1168,514)
[map.cpp:1401]: Bounding Box of 1787 => (1151,447) - (1160,490)
[map.cpp:1401]: Bounding Box of 1788 => (1158,408) - (1210,448)
[map.cpp:1401]: Bounding Box of 1789 => (1201,360) - (1217,410)
[map.cpp:1401]: Bounding Box of 1790 => (168,739) - (183,757)
[map.cpp:1401]: Bounding Box of 1791 => (181,754) - (199,759)
[map.cpp:1401]: Bounding Box of 1792 => (99,822) - (131,846)
[map.cpp:1401]: Bounding Box of 1793 => (129,842) - (166,847)
[map.cpp:1401]: Bounding Box of 1794 => (388,967) - (405,982)
[map.cpp:1401]: Bounding Box of 1795 => (404,947) - (427,969)
[map.cpp:1401]: Bounding Box of 1796 => (372,1065) - (407,1075)
[map.cpp:1401]: Bounding Box of 1797 => (407,1064) - (439,1075)
[map.cpp:1401]: Bounding Box of 1798 => (424,1121) - (458,1145)
[map.cpp:1401]: Bounding Box of 1799 => (455,1106) - (476,1123)
[map.cpp:1401]: Bounding Box of 1800 => (540,1191) - (585,1211)
[map.cpp:1401]: Bounding Box of 1801 => (583,1160) - (604,1194)
[map.cpp:1401]: Bounding Box of 1802 => (602,1146) - (615,1163)
[map.cpp:1401]: Bounding Box of 1803 => (672,1239) - (706,1261)
[map.cpp:1401]: Bounding Box of 1804 => (706,1222) - (725,1242)
[map.cpp:1401]: Bounding Box of 1805 => (713,1183) - (744,1222)
[map.cpp:1401]: Bounding Box of 1806 => (743,1155) - (771,1184)
[map.cpp:1401]: Bounding Box of 1807 => (768,1145) - (779,1155)
[map.cpp:1401]: Bounding Box of 1808 => (864,1246) - (875,1279)
[map.cpp:1401]: Bounding Box of 1809 => (857,1220) - (884,1249)
[map.cpp:1401]: Bounding Box of 1810 => (884,1209) - (925,1223)
[map.cpp:1401]: Bounding Box of 1811 => (922,1172) - (946,1209)
[map.cpp:1401]: Bounding Box of 1812 => (933,1146) - (946,1172)
[map.cpp:1401]: Bounding Box of 1813 => (976,1338) - (1017,1362)
[map.cpp:1401]: Bounding Box of 1814 => (1016,1300) - (1088,1340)
[map.cpp:1401]: Bounding Box of 1815 => (1100,1470) - (1112,1479)
[map.cpp:1401]: Bounding Box of 1816 => (1081,1473) - (1157,1564)
[map.cpp:1401]: Bounding Box of 1817 => (1119,1421) - (1142,1487)
[map.cpp:1401]: Bounding Box of 1818 => (1110,1402) - (1135,1423)
[map.cpp:1401]: Bounding Box of 1819 => (1088,1300) - (1142,1336)
[map.cpp:1401]: Bounding Box of 1820 => (1157,1504) - (1218,1523)
[map.cpp:1401]: Bounding Box of 1821 => (1194,1515) - (1236,1599)
[map.cpp:1401]: Bounding Box of 1822 => (1112,1329) - (1134,1403)
[map.cpp:1401]: Bounding Box of 1823 => (1486,1087) - (1552,1141)
[map.cpp:1401]: Bounding Box of 1824 => (1444,1137) - (1488,1160)
[map.cpp:1401]: Bounding Box of 1825 => (1445,1157) - (1489,1255)
[map.cpp:1401]: Bounding Box of 1826 => (1488,1252) - (1518,1273)
[map.cpp:1401]: Bounding Box of 1827 => (1516,1269) - (1573,1317)
[map.cpp:1401]: Bounding Box of 1828 => (1514,1313) - (1560,1392)
[map.cpp:1401]: Bounding Box of 1829 => (1419,1382) - (1516,1398)
[map.cpp:1401]: Bounding Box of 1830 => (1387,1383) - (1420,1404)
[map.cpp:1401]: Bounding Box of 1831 => (1296,1401) - (1388,1428)
[map.cpp:1401]: Bounding Box of 1832 => (1272,1426) - (1297,1467)
[map.cpp:1401]: Bounding Box of 1833 => (1234,1466) - (1284,1527)
[map.cpp:1401]: Bounding Box of 1834 => (1359,1326) - (1411,1385)
[map.cpp:1401]: Bounding Box of 1835 => (1281,1307) - (1362,1334)
[map.cpp:1401]: Bounding Box of 1836 => (1230,1300) - (1282,1327)
[map.cpp:1401]: Bounding Box of 1837 => (1229,1247) - (1244,1300)
[map.cpp:1401]: Bounding Box of 1838 => (1251,1327) - (1283,1376)
[map.cpp:1401]: Bounding Box of 1839 => (1169,1351) - (1256,1380)
[map.cpp:1401]: Bounding Box of 1840 => (1542,1368) - (1685,1426)
[map.cpp:1401]: Bounding Box of 1841 => (1655,1441) - (1689,1465)
[map.cpp:1401]: Bounding Box of 1842 => (1681,1479) - (1722,1547)
[map.cpp:1401]: Bounding Box of 1843 => (2248,491) - (2262,527)
[map.cpp:1401]: Bounding Box of 1844 => (2231,523) - (2253,570)
[map.cpp:1401]: Bounding Box of 1845 => (2248,568) - (2310,635)
[map.cpp:1401]: Bounding Box of 1846 => (2292,633) - (2309,767)
[map.cpp:1401]: Bounding Box of 1847 => (2929,573) - (2996,625)
[map.cpp:1401]: Bounding Box of 1848 => (2869,616) - (2930,654)
[map.cpp:1401]: Bounding Box of 1849 => (2767,652) - (2874,673)
[map.cpp:1401]: Bounding Box of 1850 => (2521,640) - (2640,708)
[map.cpp:1401]: Bounding Box of 1851 => (2637,623) - (2771,667)
[map.cpp:1401]: Bounding Box of 1852 => (2918,625) - (2934,703)
[map.cpp:1401]: Bounding Box of 1853 => (2920,703) - (2971,742)
[map.cpp:1401]: Bounding Box of 1854 => (274,1342) - (282,1352)
[map.cpp:1401]: Bounding Box of 1855 => (242,1329) - (257,1344)
[map.cpp:1401]: Bounding Box of 1856 => (207,1299) - (219,1314)
[map.cpp:1401]: Bounding Box of 1857 => (935,1510) - (983,1555)
[map.cpp:1401]: Bounding Box of 1858 => (1043,1526) - (1108,1618)
[map.cpp:1401]: Bounding Box of 1859 => (994,1565) - (1061,1614)
[map.cpp:1401]: Bounding Box of 1860 => (1005,1633) - (1057,1681)
[map.cpp:1401]: Bounding Box of 1861 => (996,1520) - (1034,1557)
[map.cpp:1401]: Bounding Box of 1862 => (829,1447) - (867,1461)
[map.cpp:1401]: Bounding Box of 1863 => (776,1392) - (793,1427)
[map.cpp:1401]: Bounding Box of 1864 => (744,1411) - (777,1448)
[map.cpp:1401]: Bounding Box of 1865 => (806,1439) - (823,1446)
[map.cpp:1401]: Bounding Box of 1866 => (1034,1393) - (1061,1436)
[map.cpp:1401]: Bounding Box of 1867 => (643,1053) - (659,1062)
[map.cpp:1401]: Bounding Box of 1868 => (561,1012) - (579,1021)
[map.cpp:1401]: Bounding Box of 1869 => (1850,1043) - (1973,1231)
[map.cpp:1401]: Bounding Box of 1870 => (2242,1236) - (2370,1339)
[map.cpp:1401]: Bounding Box of 1871 => (2843,1747) - (2900,1937)
[map.cpp:1401]: Bounding Box of 1872 => (1840,978) - (1855,998)
[map.cpp:1401]: Bounding Box of 1873 => (2453,1430) - (2499,1444)
[map.cpp:1401]: Bounding Box of 1874 => (2749,1180) - (2795,1232)
[map.cpp:1401]: Bounding Box of 1875 => (1289,633) - (1296,642)
[map.cpp:1401]: Bounding Box of 1876 => (1273,575) - (1287,603)
[map.cpp:1401]: Bounding Box of 1877 => (715,56) - (777,108)
[map.cpp:1401]: Bounding Box of 1878 => (1580,910) - (1715,1041)
[map.cpp:1401]: Bounding Box of 1879 => (1710,938) - (1771,986)
[map.cpp:1401]: Bounding Box of 1880 => (1580,1041) - (1668,1108)
[map.cpp:1401]: Bounding Box of 1881 => (1643,795) - (1772,846)
[map.cpp:1401]: Bounding Box of 1882 => (1647,1087) - (1705,1151)
[map.cpp:1401]: Bounding Box of 1883 => (1530,1041) - (1647,1145)
[map.cpp:1401]: Bounding Box of 1884 => (1526,919) - (1645,1041)
[map.cpp:1401]: Bounding Box of 1885 => (1609,810) - (1675,943)
[map.cpp:1401]: Bounding Box of 1886 => (1675,846) - (1763,915)
[map.cpp:1401]: Bounding Box of 1887 => (1151,881) - (1263,969)
[map.cpp:1401]: Bounding Box of 1888 => (1192,992) - (1296,1083)
[map.cpp:1401]: Bounding Box of 1889 => (1114,969) - (1263,1043)
[map.cpp:1401]: Bounding Box of 1890 => (1084,893) - (1155,996)
[map.cpp:1401]: Bounding Box of 1891 => (1250,900) - (1387,1002)
[map.cpp:1401]: Bounding Box of 1892 => (1066,824) - (1176,900)
[map.cpp:1401]: Bounding Box of 1893 => (994,719) - (1076,844)
[map.cpp:1401]: Bounding Box of 1894 => (1036,715) - (1113,846)
[map.cpp:1401]: Bounding Box of 1895 => (1074,654) - (1133,739)
[map.cpp:1401]: Bounding Box of 1896 => (1012,649) - (1078,738)
[map.cpp:1401]: Bounding Box of 1897 => (1120,690) - (1283,766)
[map.cpp:1401]: Bounding Box of 1898 => (1216,635) - (1311,783)
[map.cpp:1401]: Bounding Box of 1899 => (1195,565) - (1268,655)
[map.cpp:1401]: Bounding Box of 1900 => (1104,604) - (1244,690)
[map.cpp:1401]: Bounding Box of 1901 => (1108,552) - (1205,619)
[map.cpp:1401]: Bounding Box of 1902 => (970,552) - (1113,618)
[map.cpp:1401]: Bounding Box of 1903 => (992,598) - (1132,654)
[map.cpp:1401]: Bounding Box of 1904 => (960,650) - (1043,713)
[map.cpp:1401]: Bounding Box of 1905 => (823,628) - (995,717)
[map.cpp:1401]: Bounding Box of 1906 => (823,537) - (995,639)
[map.cpp:1401]: Bounding Box of 1907 => (896,686) - (1018,772)
[map.cpp:1401]: Bounding Box of 1908 => (849,763) - (956,845)
[map.cpp:1401]: Bounding Box of 1909 => (790,815) - (914,913)
[map.cpp:1401]: Bounding Box of 1910 => (717,853) - (803,993)
[map.cpp:1401]: Bounding Box of 1911 => (806,654) - (897,791)
[map.cpp:1401]: Bounding Box of 1912 => (711,603) - (824,680)
[map.cpp:1401]: Bounding Box of 1913 => (654,556) - (835,645)
[map.cpp:1401]: Bounding Box of 1914 => (630,628) - (753,746)
[map.cpp:1401]: Bounding Box of 1915 => (731,697) - (836,734)
[map.cpp:1401]: Bounding Box of 1916 => (744,723) - (837,813)
[map.cpp:1401]: Bounding Box of 1917 => (676,723) - (776,799)
[map.cpp:1401]: Bounding Box of 1918 => (623,737) - (712,853)
[map.cpp:1401]: Bounding Box of 1919 => (664,792) - (763,879)
[map.cpp:1401]: Bounding Box of 1920 => (604,847) - (677,939)
[map.cpp:1401]: Bounding Box of 1921 => (523,837) - (636,921)
[map.cpp:1401]: Bounding Box of 1922 => (506,764) - (613,840)
[map.cpp:1401]: Bounding Box of 1923 => (500,707) - (630,777)
[map.cpp:1401]: Bounding Box of 1924 => (371,699) - (506,762)
[map.cpp:1401]: Bounding Box of 1925 => (376,752) - (512,831)
[map.cpp:1401]: Bounding Box of 1926 => (460,824) - (526,920)
[map.cpp:1401]: Bounding Box of 1927 => (355,779) - (467,856)
[map.cpp:1401]: Bounding Box of 1928 => (265,691) - (399,780)
[map.cpp:1401]: Bounding Box of 1929 => (265,655) - (384,734)
[map.cpp:1401]: Bounding Box of 1930 => (177,657) - (279,721)
[map.cpp:1401]: Bounding Box of 1931 => (0,546) - (181,698)
[map.cpp:1401]: Bounding Box of 1932 => (0,423) - (117,596)
[map.cpp:1401]: Bounding Box of 1933 => (0,669) - (180,823)
[map.cpp:1401]: Bounding Box of 1934 => (0,823) - (151,962)
[map.cpp:1401]: Bounding Box of 1935 => (25,962) - (190,1059)
[map.cpp:1401]: Bounding Box of 1936 => (190,977) - (324,1099)
[map.cpp:1401]: Bounding Box of 1937 => (190,949) - (290,1039)
[map.cpp:1401]: Bounding Box of 1938 => (290,932) - (363,1000)
[map.cpp:1401]: Bounding Box of 1939 => (323,954) - (390,1056)
[map.cpp:1401]: Bounding Box of 1940 => (264,1030) - (373,1105)
[map.cpp:1401]: Bounding Box of 1941 => (233,1079) - (317,1177)
[map.cpp:1401]: Bounding Box of 1942 => (52,1059) - (233,1131)
[map.cpp:1401]: Bounding Box of 1943 => (73,1131) - (246,1282)
[map.cpp:1401]: Bounding Box of 1944 => (131,1269) - (240,1366)
[map.cpp:1401]: Bounding Box of 1945 => (159,1359) - (314,1537)
[map.cpp:1401]: Bounding Box of 1946 => (281,1283) - (359,1398)
[map.cpp:1401]: Bounding Box of 1947 => (239,1165) - (362,1295)
[map.cpp:1401]: Bounding Box of 1948 => (274,1156) - (373,1199)
[map.cpp:1401]: Bounding Box of 1949 => (300,1115) - (384,1172)
[map.cpp:1401]: Bounding Box of 1950 => (373,1139) - (425,1176)
[map.cpp:1401]: Bounding Box of 1951 => (355,1173) - (413,1199)
[map.cpp:1401]: Bounding Box of 1952 => (406,1151) - (497,1242)
[map.cpp:1401]: Bounding Box of 1953 => (427,1216) - (526,1307)
[map.cpp:1401]: Bounding Box of 1954 => (392,1288) - (472,1372)
[map.cpp:1401]: Bounding Box of 1955 => (350,1352) - (460,1444)
[map.cpp:1401]: Bounding Box of 1956 => (296,1439) - (409,1550)
[map.cpp:1401]: Bounding Box of 1957 => (31,1537) - (378,1726)
[map.cpp:1401]: Bounding Box of 1958 => (15,1726) - (317,1914)
[map.cpp:1401]: Bounding Box of 1959 => (0,1847) - (109,2048)
[map.cpp:1401]: Bounding Box of 1960 => (88,1871) - (363,2048)
[map.cpp:1401]: Bounding Box of 1961 => (263,1613) - (482,1894)
[map.cpp:1401]: Bounding Box of 1962 => (356,1509) - (482,1613)
[map.cpp:1401]: Bounding Box of 1963 => (406,1419) - (597,1591)
[map.cpp:1401]: Bounding Box of 1964 => (452,1284) - (618,1457)
[map.cpp:1401]: Bounding Box of 1965 => (487,1197) - (606,1297)
[map.cpp:1401]: Bounding Box of 1966 => (591,1259) - (676,1425)
[map.cpp:1401]: Bounding Box of 1967 => (666,1325) - (750,1461)
[map.cpp:1401]: Bounding Box of 1968 => (676,1254) - (789,1348)
[map.cpp:1401]: Bounding Box of 1969 => (788,1268) - (900,1313)
[map.cpp:1401]: Bounding Box of 1970 => (773,1298) - (871,1401)
[map.cpp:1401]: Bounding Box of 1971 => (861,1297) - (981,1442)
[map.cpp:1401]: Bounding Box of 1972 => (828,1385) - (946,1529)
[map.cpp:1401]: Bounding Box of 1973 => (837,1506) - (915,1598)
[map.cpp:1401]: Bounding Box of 1974 => (878,1584) - (982,1700)
[map.cpp:1401]: Bounding Box of 1975 => (939,1440) - (1100,1505)
[map.cpp:1401]: Bounding Box of 1976 => (590,1421) - (680,1620)
[map.cpp:1401]: Bounding Box of 1977 => (479,1558) - (764,1951)
[map.cpp:1401]: Bounding Box of 1978 => (649,1595) - (778,1757)
[map.cpp:1401]: Bounding Box of 1979 => (694,1742) - (1025,2026)
[map.cpp:1401]: Bounding Box of 1980 => (1018,1753) - (1339,2026)
[map.cpp:1401]: Bounding Box of 1981 => (1068,1610) - (1289,1783)
[map.cpp:1401]: Bounding Box of 1982 => (1296,1794) - (1469,1975)
[map.cpp:1401]: Bounding Box of 1983 => (1394,1900) - (1585,1988)
[map.cpp:1401]: Bounding Box of 1984 => (1193,405) - (1300,533)
[map.cpp:1401]: Bounding Box of 1985 => (1261,310) - (1376,429)
[map.cpp:1401]: Bounding Box of 1986 => (1328,190) - (1459,332)
[map.cpp:1401]: Bounding Box of 1987 => (1398,123) - (1504,228)
[map.cpp:1401]: Bounding Box of 1988 => (1486,44) - (1571,137)
[map.cpp:1401]: Bounding Box of 1989 => (1561,49) - (1691,145)
[map.cpp:1401]: Bounding Box of 1990 => (1679,0) - (1787,187)
[map.cpp:1401]: Bounding Box of 1991 => (1757,75) - (1896,208)
[map.cpp:1401]: Bounding Box of 1992 => (1866,131) - (1999,265)
[map.cpp:1401]: Bounding Box of 1993 => (1944,220) - (2081,351)
[map.cpp:1401]: Bounding Box of 1994 => (1916,329) - (2060,440)
[map.cpp:1401]: Bounding Box of 1995 => (1837,368) - (1946,475)
[map.cpp:1401]: Bounding Box of 1996 => (1706,388) - (1857,496)
[map.cpp:1401]: Bounding Box of 1997 => (1638,474) - (1747,583)
[map.cpp:1401]: Bounding Box of 1998 => (2058,347) - (2192,462)
[map.cpp:1401]: Bounding Box of 1999 => (2079,279) - (2240,379)
[map.cpp:1401]: Bounding Box of 2000 => (2160,364) - (2297,493)
[map.cpp:1401]: Bounding Box of 2001 => (2255,406) - (2364,496)
[map.cpp:1401]: Bounding Box of 2002 => (2205,287) - (2431,433)
[map.cpp:1401]: Bounding Box of 2003 => (2358,183) - (2524,356)
[map.cpp:1401]: Bounding Box of 2004 => (2407,115) - (2594,221)
[map.cpp:1401]: Bounding Box of 2005 => (2435,0) - (2660,142)
[map.cpp:1401]: Bounding Box of 2006 => (2660,0) - (2776,104)
[map.cpp:1401]: Bounding Box of 2007 => (2771,0) - (2876,93)
[map.cpp:1401]: Bounding Box of 2008 => (2770,74) - (2876,168)
[map.cpp:1401]: Bounding Box of 2009 => (2714,97) - (2797,170)
[map.cpp:1401]: Bounding Box of 2010 => (2731,167) - (2846,267)
[map.cpp:1401]: Bounding Box of 2011 => (2721,266) - (2878,371)
[map.cpp:1401]: Bounding Box of 2012 => (2785,331) - (2936,467)
[map.cpp:1401]: Bounding Box of 2013 => (2844,417) - (2981,527)
[map.cpp:1401]: Bounding Box of 2014 => (2914,468) - (3066,574)
[eventmanager.cpp:269]: Events loaded events/HF_religious_events.txt' #173
[eventmanager.cpp:269]: Events loaded events/HF_saint_flavour_events.txt' #8
[mercenary.cpp:284]: Mercenary Type #0 tag = 
[mercenary.cpp:284]: Mercenary Type #1 tag = livonian_order_composition
[mercenary.cpp:284]: Mercenary Type #2 tag = knights_templar_composition
[mercenary.cpp:284]: Mercenary Type #3 tag = knights_santiago_composition
[mercenary.cpp:284]: Mercenary Type #4 tag = knights_calatrava_composition
[mercenary.cpp:284]: Mercenary Type #5 tag = knights_hospitaller_composition
[mercenary.cpp:284]: Mercenary Type #6 tag = teutonic_order_composition
[mercenary.cpp:284]: Mercenary Type #7 tag = holy_sepulchre_composition
[mercenary.cpp:284]: Mercenary Type #8 tag = saint_anthony_composition
[mercenary.cpp:284]: Mercenary Type #9 tag = saint_addai_composition
[mercenary.cpp:284]: Mercenary Type #10 tag = hashshashin_composition
[mercenary.cpp:284]: Mercenary Type #11 tag = bektashi_composition
[mercenary.cpp:284]: Mercenary Type #12 tag = zealots_composition
[mercenary.cpp:284]: Mercenary Type #13 tag = jomsvikings_composition
[mercenary.cpp:284]: Mercenary Type #14 tag = immortals_composition
[mercenary.cpp:284]: Mercenary Type #15 tag = sky_lords_composition
[mercenary.cpp:284]: Mercenary Type #16 tag = spirit_guardians_composition
[mercenary.cpp:284]: Mercenary Type #17 tag = warriors_perun_composition
[mercenary.cpp:284]: Mercenary Type #18 tag = chosen_perkunas_composition
[mercenary.cpp:284]: Mercenary Type #19 tag = sons_kaleva_composition
[mercenary.cpp:284]: Mercenary Type #20 tag = huitzilopochtli_composition
[mercenary.cpp:284]: Mercenary Type #21 tag = dralhas_children_composition
[mercenary.cpp:284]: Mercenary Type #22 tag = zun_warriors_composition
[mercenary.cpp:284]: Mercenary Type #23 tag = myrmidons_composition
[mercenary.cpp:284]: Mercenary Type #24 tag = followers_arjuna_composition
[mercenary.cpp:284]: Mercenary Type #25 tag = ashokas_chosen_composition
[mercenary.cpp:284]: Mercenary Type #26 tag = bulls_rishabha_composition
[mercenary.cpp:284]: Mercenary Type #27 tag = default_culture_band_composition
[mercenary.cpp:284]: Mercenary Type #28 tag = altaic_culture_band_composition
[mercenary.cpp:284]: Mercenary Type #29 tag = magyar_culture_band_composition
[mercenary.cpp:284]: Mercenary Type #30 tag = alan_culture_band_composition
[mercenary.cpp:284]: Mercenary Type #31 tag = mercenary_princess_composition
[mercenary.cpp:284]: Mercenary Type #32 tag = adriatic_galleys_composition
[mercenary.cpp:284]: Mercenary Type #33 tag = baltic_cogs_composition
[mercenary.cpp:284]: Mercenary Type #34 tag = han_junks_composition
[mercenary.cpp:284]: Mercenary Type #35 tag = jurchen_corsairs_composition
[mercenary.cpp:284]: Mercenary Type #36 tag = ligurian_galleys_composition
[mercenary.cpp:284]: Mercenary Type #37 tag = maghreb_corsairs_composition
[mercenary.cpp:284]: Mercenary Type #38 tag = north_sea_cogs_composition
[mercenary.cpp:284]: Mercenary Type #39 tag = muslim_turkic_company_composition
[mercenary.cpp:284]: Mercenary Type #40 tag = muslim_cuman_company_composition
[mercenary.cpp:284]: Mercenary Type #41 tag = berber_company_composition
[mercenary.cpp:284]: Mercenary Type #42 tag = bedouin_company_composition
[mercenary.cpp:284]: Mercenary Type #43 tag = victual_brothers_composition
[mercenary.cpp:284]: Mercenary Type #44 tag = white_company_composition
[mercenary.cpp:284]: Mercenary Type #45 tag = great_company_composition
[mercenary.cpp:284]: Mercenary Type #46 tag = company_of_st_george_composition
[mercenary.cpp:284]: Mercenary Type #47 tag = star_company_composition
[mercenary.cpp:284]: Mercenary Type #48 tag = little_hat_company_composition
[mercenary.cpp:284]: Mercenary Type #49 tag = rose_company_composition
[mercenary.cpp:284]: Mercenary Type #50 tag = catalan_company_composition
[mercenary.cpp:284]: Mercenary Type #51 tag = navarrese_company_composition
[mercenary.cpp:284]: Mercenary Type #52 tag = swiss_company_composition
[mercenary.cpp:284]: Mercenary Type #53 tag = breton_company_composition
[mercenary.cpp:284]: Mercenary Type #54 tag = lombard_band_composition
[mercenary.cpp:284]: Mercenary Type #55 tag = swiss_band_composition
[mercenary.cpp:284]: Mercenary Type #56 tag = breton_band_composition
[mercenary.cpp:284]: Mercenary Type #57 tag = catalan_band_composition
[mercenary.cpp:284]: Mercenary Type #58 tag = saxon_band_composition
[mercenary.cpp:284]: Mercenary Type #59 tag = cuman_company_composition
[mercenary.cpp:284]: Mercenary Type #60 tag = rus_company_composition
[mercenary.cpp:284]: Mercenary Type #61 tag = pecheneg_company_composition
[mercenary.cpp:284]: Mercenary Type #62 tag = turkic_company_composition
[mercenary.cpp:284]: Mercenary Type #63 tag = bulgarian_company_composition
[mercenary.cpp:284]: Mercenary Type #64 tag = rus_band_composition
[mercenary.cpp:284]: Mercenary Type #65 tag = finnish_band_composition
[mercenary.cpp:284]: Mercenary Type #66 tag = sami_band_composition
[mercenary.cpp:284]: Mercenary Type #67 tag = lithuanian_band_composition
[mercenary.cpp:284]: Mercenary Type #68 tag = abyssinian_band_composition
[mercenary.cpp:284]: Mercenary Type #69 tag = nubian_band_composition
[mercenary.cpp:284]: Mercenary Type #70 tag = ghanan_band_composition
[mercenary.cpp:284]: Mercenary Type #71 tag = scottish_band_composition
[mercenary.cpp:284]: Mercenary Type #72 tag = irish_band_composition
[mercenary.cpp:284]: Mercenary Type #73 tag = alan_band_composition
[mercenary.cpp:284]: Mercenary Type #74 tag = cuman_band_composition
[mercenary.cpp:284]: Mercenary Type #75 tag = pecheneg_band_composition
[mercenary.cpp:284]: Mercenary Type #76 tag = turkic_band_composition
[mercenary.cpp:284]: Mercenary Type #77 tag = bulgarian_band_composition
[mercenary.cpp:284]: Mercenary Type #78 tag = tamil_band_composition
[mercenary.cpp:284]: Mercenary Type #79 tag = marathi_company_composition
[mercenary.cpp:284]: Mercenary Type #80 tag = marathi_band_composition
[mercenary.cpp:284]: Mercenary Type #81 tag = bengal_company_composition
[mercenary.cpp:284]: Mercenary Type #82 tag = bengal_band_composition
[mercenary.cpp:284]: Mercenary Type #83 tag = rajput_company_composition
[mercenary.cpp:284]: Mercenary Type #84 tag = rajput_band_composition
[mercenary.cpp:284]: Mercenary Type #85 tag = tangut_low_composition
[mercenary.cpp:284]: Mercenary Type #86 tag = bodpa_low_composition
[mercenary.cpp:284]: Mercenary Type #87 tag = jurchen_band_composition
[mercenary.cpp:284]: Mercenary Type #88 tag = treasure_fleet_composition
[mercenary.cpp:284]: Mercenary Type #89 tag = persian_caravan_guards_composition
[mercenary.cpp:284]: Mercenary Type #90 tag = silk_road_sentinels_composition
[mercenary.cpp:284]: Mercenary Type #91 tag = turkic_guards_composition
[mercenary.cpp:284]: Mercenary Type #92 tag = sardinian_company_composition
[mercenary.cpp:284]: Mercenary Type #93 tag = sardinian_band_composition
[mercenary.cpp:284]: Mercenary Type #94 tag = han_massive_composition
[mercenary.cpp:284]: Mercenary Type #95 tag = han_large_composition
[mercenary.cpp:284]: Mercenary Type #96 tag = han_mid_composition
[mercenary.cpp:284]: Mercenary Type #97 tag = han_mid_low_composition
[mercenary.cpp:284]: Mercenary Type #98 tag = outlaws_of_the_marsh
[mercenary.cpp:284]: Mercenary Type #99 tag = han_low_composition
[mercenary.cpp:284]: Mercenary Type #100 tag = han_tiny_composition_1
[mercenary.cpp:284]: Mercenary Type #101 tag = han_tiny_composition_2
[mercenary.cpp:284]: Mercenary Type #102 tag = african_massive_composition
[mercenary.cpp:284]: Mercenary Type #103 tag = african_large_composition
[mercenary.cpp:284]: Mercenary Type #104 tag = african_mid_composition
[mercenary.cpp:284]: Mercenary Type #105 tag = african_mid_low_1_composition
[mercenary.cpp:284]: Mercenary Type #106 tag = african_mid_low_2_composition
[mercenary.cpp:284]: Mercenary Type #107 tag = african_low_composition
[mercenary.cpp:284]: Mercenary Type #108 tag = african_tiny_composition_1
[mercenary.cpp:284]: Mercenary Type #109 tag = ghilman_composition
[mercenary.cpp:284]: Mercenary Type #110 tag = mamluks_composition
[mercenary.cpp:284]: Mercenary Type #111 tag = papal_guard_composition
[mercenary.cpp:284]: Mercenary Type #112 tag = varangian_guard_composition
[mercenary.cpp:284]: Mercenary Type #113 tag = scholae_palatinae_composition
[eventmanager.cpp:269]: Events loaded events/HF_sainthood_events.txt' #28
[eventmanager.cpp:269]: Events loaded events/HF_saintly_bloodlines_events.txt' #11
[eventmanager.cpp:269]: Events loaded events/HF_saintly_pilgrimage_events.txt' #24
[eventmanager.cpp:269]: Events loaded events/HF_sway_additional_events.txt' #22
[map.cpp:1761]: Adjacencies for 0 ==> NONE
[map.cpp:1761]: Adjacencies for 1 ==> 10 1855 1944 2 1945 
[map.cpp:1761]: Adjacencies for 2 ==> 1 1855 4 10 1854 3 1945 
[map.cpp:1761]: Adjacencies for 3 ==> 2 4 1946 1854 1945 
[map.cpp:1761]: Adjacencies for 4 ==> 2 3 5 1946 10 1855 1854 
[map.cpp:1761]: Adjacencies for 5 ==> 4 7 6 8 1946 10 
[map.cpp:1761]: Adjacencies for 6 ==> 5 19 1946 7 18 
[map.cpp:1761]: Adjacencies for 7 ==> 5 6 18 13 12 8 
[map.cpp:1761]: Adjacencies for 8 ==> 5 7 12 9 10 
[map.cpp:1761]: Adjacencies for 9 ==> 8 1944 11 12 10 
[map.cpp:1761]: Adjacencies for 10 ==> 1 2 4 5 8 9 1855 1944 
[map.cpp:1761]: Adjacencies for 11 ==> 9 1944 12 1856 
[map.cpp:1761]: Adjacencies for 12 ==> 7 8 9 11 1944 13 
[map.cpp:1761]: Adjacencies for 13 ==> 7 12 14 15 16 1943 1944 18 
[map.cpp:1761]: Adjacencies for 14 ==> 13 1943 15 
[map.cpp:1761]: Adjacencies for 15 ==> 13 14 1943 16 
[map.cpp:1761]: Adjacencies for 16 ==> 13 15 1943 1947 17 18 
[map.cpp:1761]: Adjacencies for 17 ==> 16 1947 19 18 
[map.cpp:1761]: Adjacencies for 18 ==> 6 7 13 16 17 19 
[map.cpp:1761]: Adjacencies for 19 ==> 6 17 18 1947 1946 
[map.cpp:1761]: Adjacencies for 20 ==> 1947 21 22 
[map.cpp:1761]: Adjacencies for 21 ==> 20 1947 31 30 29 22 
[map.cpp:1761]: Adjacencies for 22 ==> 20 21 29 1947 28 23 
[map.cpp:1761]: Adjacencies for 23 ==> 22 28 1947 25 1946 
[map.cpp:1761]: Adjacencies for 24 ==> 1947 1946 
[map.cpp:1761]: Adjacencies for 25 ==> 23 28 26 57 1946 
[map.cpp:1761]: Adjacencies for 26 ==> 25 27 28 55 56 57 
[map.cpp:1761]: Adjacencies for 27 ==> 26 32 37 30 55 28 
[map.cpp:1761]: Adjacencies for 28 ==> 22 23 25 26 27 29 30 
[map.cpp:1761]: Adjacencies for 29 ==> 21 22 28 30 
[map.cpp:1761]: Adjacencies for 30 ==> 21 27 28 29 31 32 
[map.cpp:1761]: Adjacencies for 31 ==> 21 30 1947 32 
[map.cpp:1761]: Adjacencies for 32 ==> 27 30 31 1947 37 
[map.cpp:1761]: Adjacencies for 33 ==> 1948 1947 34 
[map.cpp:1761]: Adjacencies for 34 ==> 33 1948 40 35 1947 
[map.cpp:1761]: Adjacencies for 35 ==> 34 40 36 1947 
[map.cpp:1761]: Adjacencies for 36 ==> 35 40 39 1947 37 
[map.cpp:1761]: Adjacencies for 37 ==> 27 32 36 39 1947 38 55 
[map.cpp:1761]: Adjacencies for 38 ==> 37 41 46 39 48 55 54 49 
[map.cpp:1761]: Adjacencies for 39 ==> 36 37 38 41 40 
[map.cpp:1761]: Adjacencies for 40 ==> 34 35 36 39 1951 41 1948 
[map.cpp:1761]: Adjacencies for 41 ==> 38 39 40 43 1951 45 46 
[map.cpp:1761]: Adjacencies for 42 ==> 1951 
[map.cpp:1761]: Adjacencies for 43 ==> 41 1952 44 1951 45 
[map.cpp:1761]: Adjacencies for 44 ==> 43 1952 45 46 
[map.cpp:1761]: Adjacencies for 45 ==> 41 43 44 46 
[map.cpp:1761]: Adjacencies for 46 ==> 38 41 44 45 1952 47 48 
[map.cpp:1761]: Adjacencies for 47 ==> 46 1952 48 50 49 
[map.cpp:1761]: Adjacencies for 48 ==> 38 46 47 49 
[map.cpp:1761]: Adjacencies for 49 ==> 38 47 48 50 54 51 53 52 
[map.cpp:1761]: Adjacencies for 50 ==> 47 49 1952 1953 51 
[map.cpp:1761]: Adjacencies for 51 ==> 49 50 1953 52 
[map.cpp:1761]: Adjacencies for 52 ==> 49 51 53 1953 60 1954 59 
[map.cpp:1761]: Adjacencies for 53 ==> 49 52 54 56 60 
[map.cpp:1761]: Adjacencies for 54 ==> 38 49 53 55 56 
[map.cpp:1761]: Adjacencies for 55 ==> 26 27 37 38 54 56 
[map.cpp:1761]: Adjacencies for 56 ==> 26 53 54 55 57 60 62 
[map.cpp:1761]: Adjacencies for 57 ==> 25 26 56 1946 62 58 
[map.cpp:1761]: Adjacencies for 58 ==> 57 1946 62 64 63 
[map.cpp:1761]: Adjacencies for 59 ==> 52 60 1954 61 
[map.cpp:1761]: Adjacencies for 60 ==> 52 53 56 59 62 61 
[map.cpp:1761]: Adjacencies for 61 ==> 59 60 62 1954 67 
[map.cpp:1761]: Adjacencies for 62 ==> 56 57 58 60 61 64 67 
[map.cpp:1761]: Adjacencies for 63 ==> 58 1946 64 67 65 70 
[map.cpp:1761]: Adjacencies for 64 ==> 58 62 63 67 
[map.cpp:1761]: Adjacencies for 65 ==> 63 67 1955 70 66 68 
[map.cpp:1761]: Adjacencies for 66 ==> 65 68 1955 
[map.cpp:1761]: Adjacencies for 67 ==> 61 62 63 64 65 1954 1955 
[map.cpp:1761]: Adjacencies for 68 ==> 65 66 70 69 1955 
[map.cpp:1761]: Adjacencies for 69 ==> 68 70 74 78 79 1955 
[map.cpp:1761]: Adjacencies for 70 ==> 63 65 68 69 1946 72 74 
[map.cpp:1761]: Adjacencies for 71 ==> 1946 
[map.cpp:1761]: Adjacencies for 72 ==> 70 1946 73 74 
[map.cpp:1761]: Adjacencies for 73 ==> 72 1946 74 
[map.cpp:1761]: Adjacencies for 74 ==> 69 70 72 73 1946 75 78 
[map.cpp:1761]: Adjacencies for 75 ==> 74 1946 1945 78 81 83 
[map.cpp:1761]: Adjacencies for 76 ==> 1945 83 
[map.cpp:1761]: Adjacencies for 77 ==> 1945 84 
[map.cpp:1761]: Adjacencies for 78 ==> 69 74 75 79 80 81 
[map.cpp:1761]: Adjacencies for 79 ==> 69 78 1955 80 
[map.cpp:1761]: Adjacencies for 80 ==> 78 79 1955 81 82 
[map.cpp:1761]: Adjacencies for 81 ==> 75 78 80 83 82 
[map.cpp:1761]: Adjacencies for 82 ==> 80 81 1955 83 1956 
[map.cpp:1761]: Adjacencies for 83 ==> 75 76 81 82 1945 1956 84 
[map.cpp:1761]: Adjacencies for 84 ==> 77 83 1945 1956 85 
[map.cpp:1761]: Adjacencies for 85 ==> 84 1956 1945 
[map.cpp:1761]: Adjacencies for 86 ==> 1956 
[map.cpp:1761]: Adjacencies for 87 ==> 1962 
[map.cpp:1761]: Adjacencies for 88 ==> 1957 
[map.cpp:1761]: Adjacencies for 89 ==> 1958 1959 92 90 91 
[map.cpp:1761]: Adjacencies for 90 ==> 89 1959 91 1960 
[map.cpp:1761]: Adjacencies for 91 ==> 89 90 92 1960 
[map.cpp:1761]: Adjacencies for 92 ==> 89 91 1958 1960 
[map.cpp:1761]: Adjacencies for 93 ==> 1967 159 158 94 
[map.cpp:1761]: Adjacencies for 94 ==> 93 1967 158 142 95 106 105 
[map.cpp:1761]: Adjacencies for 95 ==> 94 1967 96 105 
[map.cpp:1761]: Adjacencies for 96 ==> 95 97 1967 98 
[map.cpp:1761]: Adjacencies for 97 ==> 96 1966 1967 98 
[map.cpp:1761]: Adjacencies for 98 ==> 96 97 1976 99 
[map.cpp:1761]: Adjacencies for 99 ==> 98 1976 100 
[map.cpp:1761]: Adjacencies for 100 ==> 99 1976 101 104 102 
[map.cpp:1761]: Adjacencies for 101 ==> 100 1976 102 
[map.cpp:1761]: Adjacencies for 102 ==> 100 101 104 1976 103 
[map.cpp:1761]: Adjacencies for 103 ==> 102 1976 110 1978 
[map.cpp:1761]: Adjacencies for 104 ==> 100 102 105 107 
[map.cpp:1761]: Adjacencies for 105 ==> 94 95 104 106 107 
[map.cpp:1761]: Adjacencies for 106 ==> 94 105 142 107 
[map.cpp:1761]: Adjacencies for 107 ==> 104 105 106 142 141 108 110 
[map.cpp:1761]: Adjacencies for 108 ==> 107 141 140 139 109 110 
[map.cpp:1761]: Adjacencies for 109 ==> 108 139 138 110 111 119 
[map.cpp:1761]: Adjacencies for 110 ==> 103 107 108 109 1978 111 
[map.cpp:1761]: Adjacencies for 111 ==> 109 110 1978 112 
[map.cpp:1761]: Adjacencies for 112 ==> 111 1978 113 1979 
[map.cpp:1761]: Adjacencies for 113 ==> 112 1979 114 
[map.cpp:1761]: Adjacencies for 114 ==> 113 117 1979 115 1980 
[map.cpp:1761]: Adjacencies for 115 ==> 114 1981 116 117 1980 
[map.cpp:1761]: Adjacencies for 116 ==> 115 124 123 1981 117 
[map.cpp:1761]: Adjacencies for 117 ==> 114 115 116 123 118 122 120 119 
[map.cpp:1761]: Adjacencies for 118 ==> 117 1974 122 120 
[map.cpp:1761]: Adjacencies for 119 ==> 109 117 138 120 
[map.cpp:1761]: Adjacencies for 120 ==> 117 118 119 138 1974 
[map.cpp:1761]: Adjacencies for 121 ==> 1973 133 132 1974 122 
[map.cpp:1761]: Adjacencies for 122 ==> 117 118 121 132 1859 131 1974 123 1860 
[map.cpp:1761]: Adjacencies for 123 ==> 116 117 122 131 130 124 1860 
[map.cpp:1761]: Adjacencies for 124 ==> 116 123 125 130 1981 
[map.cpp:1761]: Adjacencies for 125 ==> 124 127 126 130 1821 900 1981 
[map.cpp:1761]: Adjacencies for 126 ==> 125 1816 1820 1821 127 
[map.cpp:1761]: Adjacencies for 127 ==> 125 126 128 1816 1858 129 130 
[map.cpp:1761]: Adjacencies for 128 ==> 127 1815 1975 1816 135 129 1858 
[map.cpp:1761]: Adjacencies for 129 ==> 127 128 135 134 1861 1858 132 1859 130 131 
[map.cpp:1761]: Adjacencies for 130 ==> 123 124 125 127 129 1858 131 1859 
[map.cpp:1761]: Adjacencies for 131 ==> 122 123 129 130 132 1859 
[map.cpp:1761]: Adjacencies for 132 ==> 121 122 129 131 134 1861 1857 133 1859 
[map.cpp:1761]: Adjacencies for 133 ==> 121 132 137 134 1973 1857 
[map.cpp:1761]: Adjacencies for 134 ==> 129 132 133 137 136 135 1857 1861 
[map.cpp:1761]: Adjacencies for 135 ==> 128 129 134 136 1975 
[map.cpp:1761]: Adjacencies for 136 ==> 134 135 1975 137 
[map.cpp:1761]: Adjacencies for 137 ==> 133 134 136 1972 1973 
[map.cpp:1761]: Adjacencies for 138 ==> 109 119 120 1973 139 
[map.cpp:1761]: Adjacencies for 139 ==> 108 109 138 140 1973 
[map.cpp:1761]: Adjacencies for 140 ==> 108 139 141 144 1973 
[map.cpp:1761]: Adjacencies for 141 ==> 107 108 140 143 142 144 
[map.cpp:1761]: Adjacencies for 142 ==> 94 106 107 141 1864 158 157 156 143 
[map.cpp:1761]: Adjacencies for 143 ==> 141 142 156 1865 146 1862 145 144 
[map.cpp:1761]: Adjacencies for 144 ==> 140 141 143 145 1972 
[map.cpp:1761]: Adjacencies for 145 ==> 143 144 1862 1972 
[map.cpp:1761]: Adjacencies for 146 ==> 143 1972 155 156 1865 1862 
[map.cpp:1761]: Adjacencies for 147 ==> 1972 
[map.cpp:1761]: Adjacencies for 148 ==> 1970 1971 1972 
[map.cpp:1761]: Adjacencies for 149 ==> 1970 
[map.cpp:1761]: Adjacencies for 150 ==> 163 1970 162 151 
[map.cpp:1761]: Adjacencies for 151 ==> 150 162 1970 161 152 153 
[map.cpp:1761]: Adjacencies for 152 ==> 151 1970 153 155 
[map.cpp:1761]: Adjacencies for 153 ==> 151 152 161 154 155 
[map.cpp:1761]: Adjacencies for 154 ==> 153 160 161 159 1863 155 
[map.cpp:1761]: Adjacencies for 155 ==> 146 152 153 154 1972 1863 156 
[map.cpp:1761]: Adjacencies for 156 ==> 142 143 146 155 1863 157 1865 
[map.cpp:1761]: Adjacencies for 157 ==> 142 156 159 1863 1864 
[map.cpp:1761]: Adjacencies for 158 ==> 93 94 142 159 1864 
[map.cpp:1761]: Adjacencies for 159 ==> 93 154 157 158 166 160 1967 1863 1864 
[map.cpp:1761]: Adjacencies for 160 ==> 154 159 165 162 166 161 
[map.cpp:1761]: Adjacencies for 161 ==> 151 153 154 160 162 
[map.cpp:1761]: Adjacencies for 162 ==> 150 151 160 161 165 163 
[map.cpp:1761]: Adjacencies for 163 ==> 150 162 1970 165 
[map.cpp:1761]: Adjacencies for 164 ==> 1969 1968 1970 
[map.cpp:1761]: Adjacencies for 165 ==> 160 162 163 1968 1970 1967 166 
[map.cpp:1761]: Adjacencies for 166 ==> 159 160 165 1967 
[map.cpp:1761]: Adjacencies for 167 ==> 1968 1967 
[map.cpp:1761]: Adjacencies for 168 ==> 1968 
[map.cpp:1761]: Adjacencies for 169 ==> 1968 
[map.cpp:1761]: Adjacencies for 170 ==> 173 174 1968 1967 171 
[map.cpp:1761]: Adjacencies for 171 ==> 170 173 1967 1966 172 
[map.cpp:1761]: Adjacencies for 172 ==> 171 1966 173 1967 
[map.cpp:1761]: Adjacencies for 173 ==> 170 171 172 1966 174 
[map.cpp:1761]: Adjacencies for 174 ==> 170 173 175 1966 176 1968 
[map.cpp:1761]: Adjacencies for 175 ==> 174 176 727 728 1968 
[map.cpp:1761]: Adjacencies for 176 ==> 174 175 1966 727 
[map.cpp:1761]: Adjacencies for 177 ==> 178 179 258 1966 
[map.cpp:1761]: Adjacencies for 178 ==> 177 185 181 179 186 1803 1966 
[map.cpp:1761]: Adjacencies for 179 ==> 177 178 180 181 258 
[map.cpp:1761]: Adjacencies for 180 ==> 179 182 183 181 256 257 259 258 
[map.cpp:1761]: Adjacencies for 181 ==> 178 179 180 183 184 185 
[map.cpp:1761]: Adjacencies for 182 ==> 180 254 192 183 255 256 
[map.cpp:1761]: Adjacencies for 183 ==> 180 181 182 192 191 190 184 
[map.cpp:1761]: Adjacencies for 184 ==> 181 183 190 189 188 187 186 185 
[map.cpp:1761]: Adjacencies for 185 ==> 178 181 184 186 
[map.cpp:1761]: Adjacencies for 186 ==> 178 184 185 187 1803 
[map.cpp:1761]: Adjacencies for 187 ==> 184 186 188 1805 1804 1803 
[map.cpp:1761]: Adjacencies for 188 ==> 184 187 189 1805 
[map.cpp:1761]: Adjacencies for 189 ==> 184 188 199 721 190 198 722 1805 
[map.cpp:1761]: Adjacencies for 190 ==> 183 184 189 198 191 
[map.cpp:1761]: Adjacencies for 191 ==> 183 190 193 197 192 198 
[map.cpp:1761]: Adjacencies for 192 ==> 182 183 191 193 254 
[map.cpp:1761]: Adjacencies for 193 ==> 191 192 194 197 243 1802 254 
[map.cpp:1761]: Adjacencies for 194 ==> 193 195 242 197 243 
[map.cpp:1761]: Adjacencies for 195 ==> 194 241 238 242 236 196 197 
[map.cpp:1761]: Adjacencies for 196 ==> 195 236 235 201 200 197 198 199 
[map.cpp:1761]: Adjacencies for 197 ==> 191 193 194 195 196 198 
[map.cpp:1761]: Adjacencies for 198 ==> 189 190 191 196 197 199 
[map.cpp:1761]: Adjacencies for 199 ==> 189 196 198 200 716 717 721 
[map.cpp:1761]: Adjacencies for 200 ==> 196 199 202 201 716 
[map.cpp:1761]: Adjacencies for 201 ==> 196 200 235 1783 202 
[map.cpp:1761]: Adjacencies for 202 ==> 200 201 1782 203 1783 715 716 
[map.cpp:1761]: Adjacencies for 203 ==> 202 1782 210 715 
[map.cpp:1761]: Adjacencies for 204 ==> 205 234 207 1782 1783 
[map.cpp:1761]: Adjacencies for 205 ==> 204 227 234 206 207 
[map.cpp:1761]: Adjacencies for 206 ==> 205 218 217 227 215 208 207 
[map.cpp:1761]: Adjacencies for 207 ==> 204 205 206 208 1782 
[map.cpp:1761]: Adjacencies for 208 ==> 206 207 215 209 212 1782 
[map.cpp:1761]: Adjacencies for 209 ==> 208 215 212 
[map.cpp:1761]: Adjacencies for 210 ==> 203 1782 211 715 710 
[map.cpp:1761]: Adjacencies for 211 ==> 210 1781 709 1782 710 
[map.cpp:1761]: Adjacencies for 212 ==> 208 209 215 214 213 1782 1781 
[map.cpp:1761]: Adjacencies for 213 ==> 212 708 214 1781 
[map.cpp:1761]: Adjacencies for 214 ==> 212 213 216 687 215 708 
[map.cpp:1761]: Adjacencies for 215 ==> 206 208 209 212 214 217 216 
[map.cpp:1761]: Adjacencies for 216 ==> 214 215 219 686 217 687 
[map.cpp:1761]: Adjacencies for 217 ==> 206 215 216 218 219 
[map.cpp:1761]: Adjacencies for 218 ==> 206 217 220 219 223 
[map.cpp:1761]: Adjacencies for 219 ==> 216 217 218 683 684 220 686 
[map.cpp:1761]: Adjacencies for 220 ==> 218 219 221 683 222 223 
[map.cpp:1761]: Adjacencies for 221 ==> 220 1910 683 222 
[map.cpp:1761]: Adjacencies for 222 ==> 220 221 1910 224 223 
[map.cpp:1761]: Adjacencies for 223 ==> 218 220 222 224 
[map.cpp:1761]: Adjacencies for 224 ==> 222 223 449 1910 448 225 226 
[map.cpp:1761]: Adjacencies for 225 ==> 224 448 445 226 
[map.cpp:1761]: Adjacencies for 226 ==> 224 225 227 
[map.cpp:1761]: Adjacencies for 227 ==> 205 206 226 228 234 
[map.cpp:1761]: Adjacencies for 228 ==> 227 229 232 233 234 
[map.cpp:1761]: Adjacencies for 229 ==> 228 230 232 
[map.cpp:1761]: Adjacencies for 230 ==> 229 444 349 348 231 232 
[map.cpp:1761]: Adjacencies for 231 ==> 230 348 345 232 239 237 
[map.cpp:1761]: Adjacencies for 232 ==> 228 229 230 231 233 1867 237 
[map.cpp:1761]: Adjacencies for 233 ==> 228 232 234 1867 237 1783 
[map.cpp:1761]: Adjacencies for 234 ==> 204 205 227 228 233 1783 
[map.cpp:1761]: Adjacencies for 235 ==> 196 201 1783 236 
[map.cpp:1761]: Adjacencies for 236 ==> 195 196 235 1783 237 238 
[map.cpp:1761]: Adjacencies for 237 ==> 231 232 233 236 239 1867 1783 238 
[map.cpp:1761]: Adjacencies for 238 ==> 195 236 237 239 241 
[map.cpp:1761]: Adjacencies for 239 ==> 231 237 238 345 240 241 
[map.cpp:1761]: Adjacencies for 240 ==> 239 345 344 245 241 
[map.cpp:1761]: Adjacencies for 241 ==> 195 238 239 240 245 244 242 
[map.cpp:1761]: Adjacencies for 242 ==> 194 195 241 244 243 
[map.cpp:1761]: Adjacencies for 243 ==> 193 194 242 248 244 249 252 1802 253 1801 
[map.cpp:1761]: Adjacencies for 244 ==> 241 242 243 245 248 
[map.cpp:1761]: Adjacencies for 245 ==> 240 241 244 344 343 246 247 248 
[map.cpp:1761]: Adjacencies for 246 ==> 245 343 336 247 278 
[map.cpp:1761]: Adjacencies for 247 ==> 245 246 278 277 248 
[map.cpp:1761]: Adjacencies for 248 ==> 243 244 245 247 277 249 250 
[map.cpp:1761]: Adjacencies for 249 ==> 243 248 252 250 
[map.cpp:1761]: Adjacencies for 250 ==> 248 249 276 277 266 265 252 251 
[map.cpp:1761]: Adjacencies for 251 ==> 250 252 253 265 264 1800 
[map.cpp:1761]: Adjacencies for 252 ==> 243 249 250 251 253 
[map.cpp:1761]: Adjacencies for 253 ==> 243 251 252 1801 1800 
[map.cpp:1761]: Adjacencies for 254 ==> 182 192 193 1802 1801 255 
[map.cpp:1761]: Adjacencies for 255 ==> 182 254 1800 1801 263 256 
[map.cpp:1761]: Adjacencies for 256 ==> 180 182 255 263 257 1965 
[map.cpp:1761]: Adjacencies for 257 ==> 180 256 1965 259 
[map.cpp:1761]: Adjacencies for 258 ==> 177 179 180 259 1966 1965 
[map.cpp:1761]: Adjacencies for 259 ==> 180 257 258 1965 
[map.cpp:1761]: Adjacencies for 260 ==> 261 1965 
[map.cpp:1761]: Adjacencies for 261 ==> 260 1965 1800 263 
[map.cpp:1761]: Adjacencies for 262 ==> 1965 
[map.cpp:1761]: Adjacencies for 263 ==> 255 256 261 1800 1965 
[map.cpp:1761]: Adjacencies for 264 ==> 251 265 267 1965 1800 
[map.cpp:1761]: Adjacencies for 265 ==> 250 251 264 266 267 
[map.cpp:1761]: Adjacencies for 266 ==> 250 265 276 272 269 267 
[map.cpp:1761]: Adjacencies for 267 ==> 264 265 266 269 268 1965 
[map.cpp:1761]: Adjacencies for 268 ==> 267 269 1952 1965 
[map.cpp:1761]: Adjacencies for 269 ==> 266 267 268 272 270 1952 
[map.cpp:1761]: Adjacencies for 270 ==> 269 271 272 1952 
[map.cpp:1761]: Adjacencies for 271 ==> 270 273 272 1952 
[map.cpp:1761]: Adjacencies for 272 ==> 266 269 270 271 275 276 273 
[map.cpp:1761]: Adjacencies for 273 ==> 271 272 297 275 1952 
[map.cpp:1761]: Adjacencies for 274 ==> 1799 280 1798 296 275 297 
[map.cpp:1761]: Adjacencies for 275 ==> 272 273 274 280 279 276 297 
[map.cpp:1761]: Adjacencies for 276 ==> 250 266 272 275 279 277 
[map.cpp:1761]: Adjacencies for 277 ==> 247 248 250 276 279 278 
[map.cpp:1761]: Adjacencies for 278 ==> 246 247 277 335 336 282 279 
[map.cpp:1761]: Adjacencies for 279 ==> 275 276 277 278 281 282 280 
[map.cpp:1761]: Adjacencies for 280 ==> 274 275 279 1799 281 
[map.cpp:1761]: Adjacencies for 281 ==> 279 280 283 282 286 1799 295 
[map.cpp:1761]: Adjacencies for 282 ==> 278 279 281 335 287 283 
[map.cpp:1761]: Adjacencies for 283 ==> 281 282 284 287 285 286 
[map.cpp:1761]: Adjacencies for 284 ==> 283 288 289 287 1797 293 285 
[map.cpp:1761]: Adjacencies for 285 ==> 283 284 293 294 286 
[map.cpp:1761]: Adjacencies for 286 ==> 281 283 285 294 295 
[map.cpp:1761]: Adjacencies for 287 ==> 282 283 284 288 333 334 335 
[map.cpp:1761]: Adjacencies for 288 ==> 284 287 332 333 311 289 
[map.cpp:1761]: Adjacencies for 289 ==> 284 288 311 290 1797 
[map.cpp:1761]: Adjacencies for 290 ==> 289 310 311 309 1797 1796 
[map.cpp:1761]: Adjacencies for 291 ==> 1797 1796 293 308 292 307 
[map.cpp:1761]: Adjacencies for 292 ==> 291 293 294 307 295 299 300 
[map.cpp:1761]: Adjacencies for 293 ==> 284 285 291 292 1797 294 
[map.cpp:1761]: Adjacencies for 294 ==> 285 286 292 293 295 
[map.cpp:1761]: Adjacencies for 295 ==> 281 286 292 294 299 1799 1798 1950 
[map.cpp:1761]: Adjacencies for 296 ==> 274 1798 298 297 
[map.cpp:1761]: Adjacencies for 297 ==> 273 274 275 296 298 1952 
[map.cpp:1761]: Adjacencies for 298 ==> 296 297 1798 1950 1952 
[map.cpp:1761]: Adjacencies for 299 ==> 292 295 300 1950 
[map.cpp:1761]: Adjacencies for 300 ==> 292 299 307 1949 1950 
[map.cpp:1761]: Adjacencies for 301 ==> 306 307 305 302 1949 
[map.cpp:1761]: Adjacencies for 302 ==> 301 305 303 1949 
[map.cpp:1761]: Adjacencies for 303 ==> 302 304 305 1941 1949 
[map.cpp:1761]: Adjacencies for 304 ==> 303 1940 306 1941 305 
[map.cpp:1761]: Adjacencies for 305 ==> 301 302 303 304 306 
[map.cpp:1761]: Adjacencies for 306 ==> 301 304 305 1940 308 307 
[map.cpp:1761]: Adjacencies for 307 ==> 291 292 300 301 306 308 1949 
[map.cpp:1761]: Adjacencies for 308 ==> 291 306 307 1940 1796 
[map.cpp:1761]: Adjacencies for 309 ==> 290 310 1940 1796 
[map.cpp:1761]: Adjacencies for 310 ==> 290 309 1939 313 311 1940 
[map.cpp:1761]: Adjacencies for 311 ==> 288 289 290 310 313 312 332 
[map.cpp:1761]: Adjacencies for 312 ==> 311 314 331 332 313 
[map.cpp:1761]: Adjacencies for 313 ==> 310 311 312 315 1794 1939 314 
[map.cpp:1761]: Adjacencies for 314 ==> 312 313 315 331 
[map.cpp:1761]: Adjacencies for 315 ==> 313 314 1795 327 1794 331 
[map.cpp:1761]: Adjacencies for 316 ==> 321 1795 318 317 1794 
[map.cpp:1761]: Adjacencies for 317 ==> 316 1939 318 1794 
[map.cpp:1761]: Adjacencies for 318 ==> 316 317 320 319 321 1938 1939 
[map.cpp:1761]: Adjacencies for 319 ==> 318 371 320 1938 
[map.cpp:1761]: Adjacencies for 320 ==> 318 319 321 371 
[map.cpp:1761]: Adjacencies for 321 ==> 316 318 320 322 327 1795 
[map.cpp:1761]: Adjacencies for 322 ==> 321 361 323 327 
[map.cpp:1761]: Adjacencies for 323 ==> 322 361 324 327 
[map.cpp:1761]: Adjacencies for 324 ==> 323 361 1926 325 327 326 
[map.cpp:1761]: Adjacencies for 325 ==> 324 1926 359 326 357 329 356 
[map.cpp:1761]: Adjacencies for 326 ==> 324 325 327 329 328 
[map.cpp:1761]: Adjacencies for 327 ==> 315 321 322 323 324 326 1795 328 331 
[map.cpp:1761]: Adjacencies for 328 ==> 326 327 329 330 331 
[map.cpp:1761]: Adjacencies for 329 ==> 325 326 328 356 330 355 354 
[map.cpp:1761]: Adjacencies for 330 ==> 328 329 354 331 332 333 
[map.cpp:1761]: Adjacencies for 331 ==> 312 314 315 327 328 330 332 
[map.cpp:1761]: Adjacencies for 332 ==> 288 311 312 330 331 333 
[map.cpp:1761]: Adjacencies for 333 ==> 287 288 330 332 354 337 334 
[map.cpp:1761]: Adjacencies for 334 ==> 287 333 337 336 335 
[map.cpp:1761]: Adjacencies for 335 ==> 278 282 287 334 336 
[map.cpp:1761]: Adjacencies for 336 ==> 246 278 334 335 339 337 342 343 
[map.cpp:1761]: Adjacencies for 337 ==> 333 334 336 354 338 339 
[map.cpp:1761]: Adjacencies for 338 ==> 337 354 353 339 
[map.cpp:1761]: Adjacencies for 339 ==> 336 337 338 353 340 342 
[map.cpp:1761]: Adjacencies for 340 ==> 339 353 351 347 341 342 
[map.cpp:1761]: Adjacencies for 341 ==> 340 347 342 346 344 343 
[map.cpp:1761]: Adjacencies for 342 ==> 336 339 340 341 343 
[map.cpp:1761]: Adjacencies for 343 ==> 245 246 336 341 342 344 
[map.cpp:1761]: Adjacencies for 344 ==> 240 245 341 343 346 345 
[map.cpp:1761]: Adjacencies for 345 ==> 231 239 240 344 346 348 
[map.cpp:1761]: Adjacencies for 346 ==> 341 344 345 347 348 
[map.cpp:1761]: Adjacencies for 347 ==> 340 341 346 352 1868 348 351 
[map.cpp:1761]: Adjacencies for 348 ==> 230 231 345 346 347 
[map.cpp:1761]: Adjacencies for 349 ==> 230 352 350 
[map.cpp:1761]: Adjacencies for 350 ==> 349 352 438 439 
[map.cpp:1761]: Adjacencies for 351 ==> 340 347 352 353 1868 
[map.cpp:1761]: Adjacencies for 352 ==> 347 349 350 351 358 438 355 353 1868 
[map.cpp:1761]: Adjacencies for 353 ==> 338 339 340 351 352 355 354 
[map.cpp:1761]: Adjacencies for 354 ==> 329 330 333 337 338 353 355 
[map.cpp:1761]: Adjacencies for 355 ==> 329 352 353 354 358 357 356 
[map.cpp:1761]: Adjacencies for 356 ==> 325 329 355 357 
[map.cpp:1761]: Adjacencies for 357 ==> 325 355 356 359 358 
[map.cpp:1761]: Adjacencies for 358 ==> 352 355 357 359 
[map.cpp:1761]: Adjacencies for 359 ==> 325 357 358 1921 1926 360 
[map.cpp:1761]: Adjacencies for 360 ==> 359 1921 436 437 
[map.cpp:1761]: Adjacencies for 361 ==> 322 323 324 362 1926 
[map.cpp:1761]: Adjacencies for 362 ==> 361 365 1926 364 363 
[map.cpp:1761]: Adjacencies for 363 ==> 362 369 364 370 
[map.cpp:1761]: Adjacencies for 364 ==> 362 363 365 366 367 369 
[map.cpp:1761]: Adjacencies for 365 ==> 362 364 366 1927 1926 
[map.cpp:1761]: Adjacencies for 366 ==> 364 365 425 1927 367 
[map.cpp:1761]: Adjacencies for 367 ==> 364 366 425 368 369 
[map.cpp:1761]: Adjacencies for 368 ==> 367 425 369 
[map.cpp:1761]: Adjacencies for 369 ==> 363 364 367 368 370 376 372 371 
[map.cpp:1761]: Adjacencies for 370 ==> 363 369 371 
[map.cpp:1761]: Adjacencies for 371 ==> 319 320 369 370 372 373 1938 
[map.cpp:1761]: Adjacencies for 372 ==> 369 371 376 375 373 
[map.cpp:1761]: Adjacencies for 373 ==> 371 372 375 374 1938 
[map.cpp:1761]: Adjacencies for 374 ==> 373 375 381 384 1938 1937 
[map.cpp:1761]: Adjacencies for 375 ==> 372 373 374 376 377 378 381 
[map.cpp:1761]: Adjacencies for 376 ==> 369 372 375 377 411 412 
[map.cpp:1761]: Adjacencies for 377 ==> 375 376 378 
[map.cpp:1761]: Adjacencies for 378 ==> 375 377 379 380 381 
[map.cpp:1761]: Adjacencies for 379 ==> 378 408 390 380 
[map.cpp:1761]: Adjacencies for 380 ==> 378 379 389 381 382 383 
[map.cpp:1761]: Adjacencies for 381 ==> 374 375 378 380 382 
[map.cpp:1761]: Adjacencies for 382 ==> 380 381 383 
[map.cpp:1761]: Adjacencies for 383 ==> 380 382 389 384 
[map.cpp:1761]: Adjacencies for 384 ==> 374 383 1937 385 386 
[map.cpp:1761]: Adjacencies for 385 ==> 384 389 387 386 
[map.cpp:1761]: Adjacencies for 386 ==> 384 385 387 1935 1937 
[map.cpp:1761]: Adjacencies for 387 ==> 385 386 388 1934 
[map.cpp:1761]: Adjacencies for 388 ==> 387 391 1934 389 
[map.cpp:1761]: Adjacencies for 389 ==> 380 383 385 388 390 391 
[map.cpp:1761]: Adjacencies for 390 ==> 379 389 394 391 
[map.cpp:1761]: Adjacencies for 391 ==> 388 389 390 392 394 1934 
[map.cpp:1761]: Adjacencies for 392 ==> 391 1934 1792 1793 394 
[map.cpp:1761]: Adjacencies for 393 ==> 1933 397 395 1792 
[map.cpp:1761]: Adjacencies for 394 ==> 390 391 392 408 1793 
[map.cpp:1761]: Adjacencies for 395 ==> 393 396 397 406 407 408 1792 1793 
[map.cpp:1761]: Adjacencies for 396 ==> 395 399 400 401 397 406 
[map.cpp:1761]: Adjacencies for 397 ==> 393 395 396 399 398 1933 
[map.cpp:1761]: Adjacencies for 398 ==> 397 1933 399 
[map.cpp:1761]: Adjacencies for 399 ==> 396 397 398 1933 400 
[map.cpp:1761]: Adjacencies for 400 ==> 396 399 401 1933 
[map.cpp:1761]: Adjacencies for 401 ==> 396 400 1790 1933 405 406 
[map.cpp:1761]: Adjacencies for 402 ==> 403 1933 404 1790 1791 
[map.cpp:1761]: Adjacencies for 403 ==> 402 1930 418 1933 404 
[map.cpp:1761]: Adjacencies for 404 ==> 402 403 418 419 1791 416 
[map.cpp:1761]: Adjacencies for 405 ==> 401 1790 1791 416 406 
[map.cpp:1761]: Adjacencies for 406 ==> 395 396 401 405 416 415 407 
[map.cpp:1761]: Adjacencies for 407 ==> 395 406 415 410 408 409 
[map.cpp:1761]: Adjacencies for 408 ==> 379 394 395 407 409 1793 
[map.cpp:1761]: Adjacencies for 409 ==> 407 408 410 
[map.cpp:1761]: Adjacencies for 410 ==> 407 409 415 414 413 411 
[map.cpp:1761]: Adjacencies for 411 ==> 376 410 413 412 
[map.cpp:1761]: Adjacencies for 412 ==> 376 411 413 
[map.cpp:1761]: Adjacencies for 413 ==> 410 411 412 414 
[map.cpp:1761]: Adjacencies for 414 ==> 410 413 417 415 422 
[map.cpp:1761]: Adjacencies for 415 ==> 406 407 410 414 417 416 
[map.cpp:1761]: Adjacencies for 416 ==> 404 405 406 415 1791 419 417 
[map.cpp:1761]: Adjacencies for 417 ==> 414 415 416 419 
[map.cpp:1761]: Adjacencies for 418 ==> 403 404 1930 419 
[map.cpp:1761]: Adjacencies for 419 ==> 404 416 417 418 1928 420 1930 
[map.cpp:1761]: Adjacencies for 420 ==> 419 1928 421 
[map.cpp:1761]: Adjacencies for 421 ==> 420 1928 423 422 
[map.cpp:1761]: Adjacencies for 422 ==> 414 421 423 424 
[map.cpp:1761]: Adjacencies for 423 ==> 421 422 1928 424 1927 
[map.cpp:1761]: Adjacencies for 424 ==> 422 423 1927 425 
[map.cpp:1761]: Adjacencies for 425 ==> 366 367 368 424 1927 
[map.cpp:1761]: Adjacencies for 426 ==> 1925 
[map.cpp:1761]: Adjacencies for 427 ==> 1925 
[map.cpp:1761]: Adjacencies for 428 ==> 1923 1918 1922 429 430 
[map.cpp:1761]: Adjacencies for 429 ==> 428 1918 430 431 432 
[map.cpp:1761]: Adjacencies for 430 ==> 428 429 1922 431 
[map.cpp:1761]: Adjacencies for 431 ==> 429 430 1922 432 1921 
[map.cpp:1761]: Adjacencies for 432 ==> 429 431 1918 1921 1920 
[map.cpp:1761]: Adjacencies for 433 ==> 1921 1920 434 
[map.cpp:1761]: Adjacencies for 434 ==> 433 1920 1921 
[map.cpp:1761]: Adjacencies for 435 ==> 456 1920 455 436 440 441 
[map.cpp:1761]: Adjacencies for 436 ==> 360 435 1921 1920 437 440 
[map.cpp:1761]: Adjacencies for 437 ==> 360 436 440 438 
[map.cpp:1761]: Adjacencies for 438 ==> 350 352 437 440 439 
[map.cpp:1761]: Adjacencies for 439 ==> 350 438 440 442 443 
[map.cpp:1761]: Adjacencies for 440 ==> 435 436 437 438 439 441 442 
[map.cpp:1761]: Adjacencies for 441 ==> 435 440 455 446 442 
[map.cpp:1761]: Adjacencies for 442 ==> 439 440 441 446 445 443 
[map.cpp:1761]: Adjacencies for 443 ==> 439 442 445 444 
[map.cpp:1761]: Adjacencies for 444 ==> 230 443 445 
[map.cpp:1761]: Adjacencies for 445 ==> 225 442 443 444 446 447 448 
[map.cpp:1761]: Adjacencies for 446 ==> 441 442 445 455 454 447 
[map.cpp:1761]: Adjacencies for 447 ==> 445 446 454 451 448 
[map.cpp:1761]: Adjacencies for 448 ==> 224 225 445 447 451 449 
[map.cpp:1761]: Adjacencies for 449 ==> 224 448 451 1910 
[map.cpp:1761]: Adjacencies for 450 ==> 1910 
[map.cpp:1761]: Adjacencies for 451 ==> 447 448 449 452 453 1910 454 
[map.cpp:1761]: Adjacencies for 452 ==> 451 467 468 453 1910 
[map.cpp:1761]: Adjacencies for 453 ==> 451 452 457 454 
[map.cpp:1761]: Adjacencies for 454 ==> 446 447 451 453 456 457 455 
[map.cpp:1761]: Adjacencies for 455 ==> 435 441 446 454 456 
[map.cpp:1761]: Adjacencies for 456 ==> 435 454 455 460 1920 457 
[map.cpp:1761]: Adjacencies for 457 ==> 453 454 456 460 461 459 458 
[map.cpp:1761]: Adjacencies for 458 ==> 457 459 463 465 
[map.cpp:1761]: Adjacencies for 459 ==> 457 458 463 462 461 
[map.cpp:1761]: Adjacencies for 460 ==> 456 457 1920 1919 461 
[map.cpp:1761]: Adjacencies for 461 ==> 457 459 460 462 1919 
[map.cpp:1761]: Adjacencies for 462 ==> 459 461 463 1919 
[map.cpp:1761]: Adjacencies for 463 ==> 458 459 462 1919 464 466 465 
[map.cpp:1761]: Adjacencies for 464 ==> 463 1919 472 466 
[map.cpp:1761]: Adjacencies for 465 ==> 458 463 466 469 467 
[map.cpp:1761]: Adjacencies for 466 ==> 463 464 465 
[map.cpp:1761]: Adjacencies for 467 ==> 452 465 469 468 
[map.cpp:1761]: Adjacencies for 468 ==> 452 467 469 1910 
[map.cpp:1761]: Adjacencies for 469 ==> 465 467 468 470 1910 
[map.cpp:1761]: Adjacencies for 470 ==> 469 472 471 1910 
[map.cpp:1761]: Adjacencies for 471 ==> 470 472 475 476 1909 1910 
[map.cpp:1761]: Adjacencies for 472 ==> 464 470 471 1916 473 475 1919 
[map.cpp:1761]: Adjacencies for 473 ==> 472 1916 474 475 
[map.cpp:1761]: Adjacencies for 474 ==> 473 1916 481 475 
[map.cpp:1761]: Adjacencies for 475 ==> 471 472 473 474 481 477 476 
[map.cpp:1761]: Adjacencies for 476 ==> 471 475 477 1909 
[map.cpp:1761]: Adjacencies for 477 ==> 475 476 481 478 1909 
[map.cpp:1761]: Adjacencies for 478 ==> 477 480 479 481 1908 1909 
[map.cpp:1761]: Adjacencies for 479 ==> 478 1911 1908 480 
[map.cpp:1761]: Adjacencies for 480 ==> 478 479 482 481 1911 
[map.cpp:1761]: Adjacencies for 481 ==> 474 475 477 478 480 1916 482 
[map.cpp:1761]: Adjacencies for 482 ==> 480 481 483 1916 1911 
[map.cpp:1761]: Adjacencies for 483 ==> 482 1911 484 1916 
[map.cpp:1761]: Adjacencies for 484 ==> 483 1911 1915 1916 
[map.cpp:1761]: Adjacencies for 485 ==> 489 1911 486 1915 
[map.cpp:1761]: Adjacencies for 486 ==> 485 488 489 487 1915 
[map.cpp:1761]: Adjacencies for 487 ==> 486 1914 488 1915 
[map.cpp:1761]: Adjacencies for 488 ==> 486 487 489 1912 
[map.cpp:1761]: Adjacencies for 489 ==> 485 486 488 1912 1911 
[map.cpp:1761]: Adjacencies for 490 ==> 1912 
[map.cpp:1761]: Adjacencies for 491 ==> 1903 492 1896 1904 
[map.cpp:1761]: Adjacencies for 492 ==> 491 1903 1895 1900 1896 
[map.cpp:1761]: Adjacencies for 493 ==> 1895 1896 1894 
[map.cpp:1761]: Adjacencies for 494 ==> 1896 1893 501 500 
[map.cpp:1761]: Adjacencies for 495 ==> 1893 497 496 
[map.cpp:1761]: Adjacencies for 496 ==> 495 497 1893 537 527 
[map.cpp:1761]: Adjacencies for 497 ==> 495 496 499 498 1893 512 513 527 
[map.cpp:1761]: Adjacencies for 498 ==> 497 500 1893 499 
[map.cpp:1761]: Adjacencies for 499 ==> 497 498 509 500 510 511 512 
[map.cpp:1761]: Adjacencies for 500 ==> 494 498 499 1907 501 509 1893 
[map.cpp:1761]: Adjacencies for 501 ==> 494 500 1896 1893 502 1907 
[map.cpp:1761]: Adjacencies for 502 ==> 501 503 504 1896 505 1907 
[map.cpp:1761]: Adjacencies for 503 ==> 502 1904 1896 504 
[map.cpp:1761]: Adjacencies for 504 ==> 502 503 1904 505 
[map.cpp:1761]: Adjacencies for 505 ==> 502 504 1907 1904 
[map.cpp:1761]: Adjacencies for 506 ==> 1907 
[map.cpp:1761]: Adjacencies for 507 ==> 1907 
[map.cpp:1761]: Adjacencies for 508 ==> 1908 
[map.cpp:1761]: Adjacencies for 509 ==> 499 500 1907 510 
[map.cpp:1761]: Adjacencies for 510 ==> 499 509 1907 511 
[map.cpp:1761]: Adjacencies for 511 ==> 499 510 1908 512 515 514 
[map.cpp:1761]: Adjacencies for 512 ==> 497 499 511 514 513 
[map.cpp:1761]: Adjacencies for 513 ==> 497 512 514 526 527 
[map.cpp:1761]: Adjacencies for 514 ==> 511 512 513 515 516 526 517 521 
[map.cpp:1761]: Adjacencies for 515 ==> 511 514 1908 516 
[eventmanager.cpp:269]: Events loaded events/HF_sway_events.txt' #130
[map.cpp:1761]: Adjacencies for 516 ==> 514 515 1908 1909 517 
[map.cpp:1761]: Adjacencies for 517 ==> 514 516 1909 521 518 520 
[map.cpp:1761]: Adjacencies for 518 ==> 517 1909 519 520 678 
[map.cpp:1761]: Adjacencies for 519 ==> 518 1909 679 678 
[map.cpp:1761]: Adjacencies for 520 ==> 517 518 521 522 678 676 
[map.cpp:1761]: Adjacencies for 521 ==> 514 517 520 526 525 522 524 
[map.cpp:1761]: Adjacencies for 522 ==> 520 521 524 676 675 523 
[map.cpp:1761]: Adjacencies for 523 ==> 522 675 524 672 1778 1777 
[map.cpp:1761]: Adjacencies for 524 ==> 521 522 523 525 529 1777 
[map.cpp:1761]: Adjacencies for 525 ==> 521 524 526 528 529 
[map.cpp:1761]: Adjacencies for 526 ==> 513 514 521 525 527 528 
[map.cpp:1761]: Adjacencies for 527 ==> 496 497 513 526 537 536 528 
[map.cpp:1761]: Adjacencies for 528 ==> 525 526 527 536 530 529 
[map.cpp:1761]: Adjacencies for 529 ==> 524 525 528 530 531 1776 1777 1775 
[map.cpp:1761]: Adjacencies for 530 ==> 528 529 536 535 534 531 
[map.cpp:1761]: Adjacencies for 531 ==> 529 530 534 533 1775 
[map.cpp:1761]: Adjacencies for 532 ==> 1774 533 1890 
[map.cpp:1761]: Adjacencies for 533 ==> 531 532 534 1890 1775 1774 
[map.cpp:1761]: Adjacencies for 534 ==> 530 531 533 535 540 1890 
[map.cpp:1761]: Adjacencies for 535 ==> 530 534 538 539 540 536 
[map.cpp:1761]: Adjacencies for 536 ==> 527 528 530 535 537 538 
[map.cpp:1761]: Adjacencies for 537 ==> 496 527 536 1893 1894 538 
[map.cpp:1761]: Adjacencies for 538 ==> 535 536 537 1894 1892 539 
[map.cpp:1761]: Adjacencies for 539 ==> 535 538 1892 541 540 
[map.cpp:1761]: Adjacencies for 540 ==> 534 535 539 541 1892 1890 
[map.cpp:1761]: Adjacencies for 541 ==> 539 540 1892 
[map.cpp:1761]: Adjacencies for 542 ==> 1894 
[map.cpp:1761]: Adjacencies for 543 ==> 1894 558 544 1892 
[map.cpp:1761]: Adjacencies for 544 ==> 543 558 548 1892 
[map.cpp:1761]: Adjacencies for 545 ==> 547 546 1892 
[map.cpp:1761]: Adjacencies for 546 ==> 545 547 550 577 1892 1887 
[map.cpp:1761]: Adjacencies for 547 ==> 545 546 549 548 550 1892 
[map.cpp:1761]: Adjacencies for 548 ==> 544 547 557 558 549 1892 
[map.cpp:1761]: Adjacencies for 549 ==> 547 548 557 554 552 550 
[map.cpp:1761]: Adjacencies for 550 ==> 546 547 549 552 551 576 577 
[map.cpp:1761]: Adjacencies for 551 ==> 550 552 553 572 575 576 
[map.cpp:1761]: Adjacencies for 552 ==> 549 550 551 554 553 
[map.cpp:1761]: Adjacencies for 553 ==> 551 552 566 563 554 567 571 572 
[map.cpp:1761]: Adjacencies for 554 ==> 549 552 553 555 563 556 557 
[map.cpp:1761]: Adjacencies for 555 ==> 554 556 562 563 
[map.cpp:1761]: Adjacencies for 556 ==> 554 555 562 559 557 
[map.cpp:1761]: Adjacencies for 557 ==> 548 549 554 556 559 558 
[map.cpp:1761]: Adjacencies for 558 ==> 543 544 548 557 559 1894 
[map.cpp:1761]: Adjacencies for 559 ==> 556 557 558 1894 1895 562 
[map.cpp:1761]: Adjacencies for 560 ==> 1894 
[map.cpp:1761]: Adjacencies for 561 ==> 1900 1895 1897 
[map.cpp:1761]: Adjacencies for 562 ==> 555 556 559 1895 1897 563 
[map.cpp:1761]: Adjacencies for 563 ==> 553 554 555 562 1897 566 
[map.cpp:1761]: Adjacencies for 564 ==> 1898 1897 565 
[map.cpp:1761]: Adjacencies for 565 ==> 564 1898 1897 
[map.cpp:1761]: Adjacencies for 566 ==> 553 563 1897 567 
[map.cpp:1761]: Adjacencies for 567 ==> 553 566 1897 1898 568 571 
[map.cpp:1761]: Adjacencies for 568 ==> 567 1898 569 571 570 
[map.cpp:1761]: Adjacencies for 569 ==> 568 1898 1498 584 570 588 
[map.cpp:1761]: Adjacencies for 570 ==> 568 569 571 588 573 
[map.cpp:1761]: Adjacencies for 571 ==> 553 567 568 570 572 573 574 
[map.cpp:1761]: Adjacencies for 572 ==> 551 553 571 574 575 
[map.cpp:1761]: Adjacencies for 573 ==> 570 571 574 588 587 
[map.cpp:1761]: Adjacencies for 574 ==> 571 572 573 575 587 580 581 
[map.cpp:1761]: Adjacencies for 575 ==> 551 572 574 576 580 
[map.cpp:1761]: Adjacencies for 576 ==> 550 551 575 577 580 579 578 
[map.cpp:1761]: Adjacencies for 577 ==> 546 550 576 578 1887 
[map.cpp:1761]: Adjacencies for 578 ==> 576 577 579 1887 
[map.cpp:1761]: Adjacencies for 579 ==> 576 578 580 1891 1887 
[map.cpp:1761]: Adjacencies for 580 ==> 574 575 576 579 581 1891 
[map.cpp:1761]: Adjacencies for 581 ==> 574 580 587 583 582 1891 
[map.cpp:1761]: Adjacencies for 582 ==> 581 583 1891 597 598 
[map.cpp:1761]: Adjacencies for 583 ==> 581 582 587 591 597 
[map.cpp:1761]: Adjacencies for 584 ==> 569 1497 585 1498 586 588 
[map.cpp:1761]: Adjacencies for 585 ==> 584 1495 1496 1497 1487 586 1482 
[map.cpp:1761]: Adjacencies for 586 ==> 584 585 1482 589 588 590 
[map.cpp:1761]: Adjacencies for 587 ==> 573 574 581 583 588 590 591 
[map.cpp:1761]: Adjacencies for 588 ==> 569 570 573 584 586 587 590 
[map.cpp:1761]: Adjacencies for 589 ==> 586 1482 1486 590 593 
[map.cpp:1761]: Adjacencies for 590 ==> 586 587 588 589 593 592 591 
[map.cpp:1761]: Adjacencies for 591 ==> 583 587 590 592 597 
[map.cpp:1761]: Adjacencies for 592 ==> 590 591 593 594 595 597 596 
[map.cpp:1761]: Adjacencies for 593 ==> 589 590 592 1484 1446 1485 1444 1486 1443 594 
[map.cpp:1761]: Adjacencies for 594 ==> 592 593 1443 595 1442 
[map.cpp:1761]: Adjacencies for 595 ==> 592 594 1442 1441 596 605 603 604 
[map.cpp:1761]: Adjacencies for 596 ==> 592 595 597 598 603 601 
[map.cpp:1761]: Adjacencies for 597 ==> 582 583 591 592 596 598 
[map.cpp:1761]: Adjacencies for 598 ==> 582 596 597 1891 601 600 
[map.cpp:1761]: Adjacencies for 599 ==> 1891 600 650 612 
[map.cpp:1761]: Adjacencies for 600 ==> 598 599 1891 601 
[map.cpp:1761]: Adjacencies for 601 ==> 596 598 600 603 602 
[map.cpp:1761]: Adjacencies for 602 ==> 601 603 604 607 609 
[map.cpp:1761]: Adjacencies for 603 ==> 595 596 601 602 604 
[map.cpp:1761]: Adjacencies for 604 ==> 595 602 603 605 607 
[map.cpp:1761]: Adjacencies for 605 ==> 595 604 1441 
[map.cpp:1761]: Adjacencies for 606 ==> 1441 1884 607 
[map.cpp:1761]: Adjacencies for 607 ==> 602 604 606 1884 609 608 
[map.cpp:1761]: Adjacencies for 608 ==> 607 609 1884 618 619 1883 
[map.cpp:1761]: Adjacencies for 609 ==> 602 607 608 610 618 
[map.cpp:1761]: Adjacencies for 610 ==> 609 612 611 618 
[map.cpp:1761]: Adjacencies for 611 ==> 610 612 614 618 617 616 
[map.cpp:1761]: Adjacencies for 612 ==> 599 610 611 650 614 
[map.cpp:1761]: Adjacencies for 613 ==> 650 614 1888 1756 
[map.cpp:1761]: Adjacencies for 614 ==> 611 612 613 650 616 1756 
[map.cpp:1761]: Adjacencies for 615 ==> 1756 1888 643 642 638 
[map.cpp:1761]: Adjacencies for 616 ==> 611 614 617 1756 1757 620 
[map.cpp:1761]: Adjacencies for 617 ==> 611 616 618 619 620 
[map.cpp:1761]: Adjacencies for 618 ==> 608 609 610 611 617 619 
[map.cpp:1761]: Adjacencies for 619 ==> 608 617 618 1883 1823 620 
[map.cpp:1761]: Adjacencies for 620 ==> 616 617 619 1823 1757 1824 637 
[map.cpp:1761]: Adjacencies for 621 ==> 1824 622 1825 624 636 
[map.cpp:1761]: Adjacencies for 622 ==> 621 1823 623 1824 624 
[map.cpp:1761]: Adjacencies for 623 ==> 622 1823 1883 627 624 625 
[map.cpp:1761]: Adjacencies for 624 ==> 621 622 623 625 636 635 
[map.cpp:1761]: Adjacencies for 625 ==> 623 624 627 626 634 635 
[map.cpp:1761]: Adjacencies for 626 ==> 625 627 628 634 632 
[map.cpp:1761]: Adjacencies for 627 ==> 623 625 626 1883 1882 1075 628 
[map.cpp:1761]: Adjacencies for 628 ==> 626 627 1075 1074 629 630 632 
[map.cpp:1761]: Adjacencies for 629 ==> 628 1074 1072 976 630 631 
[map.cpp:1761]: Adjacencies for 630 ==> 628 629 631 632 633 
[map.cpp:1761]: Adjacencies for 631 ==> 629 630 976 975 633 
[map.cpp:1761]: Adjacencies for 632 ==> 626 628 630 634 633 884 885 
[map.cpp:1761]: Adjacencies for 633 ==> 630 631 632 975 884 940 
[map.cpp:1761]: Adjacencies for 634 ==> 625 626 632 635 1827 886 885 
[map.cpp:1761]: Adjacencies for 635 ==> 624 625 634 636 1826 1827 
[map.cpp:1761]: Adjacencies for 636 ==> 621 624 635 1825 1826 
[map.cpp:1761]: Adjacencies for 637 ==> 620 1757 1825 1824 1758 890 889 
[map.cpp:1761]: Adjacencies for 638 ==> 615 1756 1757 642 639 1758 
[map.cpp:1761]: Adjacencies for 639 ==> 638 642 640 1758 1759 837 832 828 
[map.cpp:1761]: Adjacencies for 640 ==> 639 861 641 642 860 838 839 837 
[map.cpp:1761]: Adjacencies for 641 ==> 640 644 1761 643 861 642 
[map.cpp:1761]: Adjacencies for 642 ==> 615 638 639 640 641 643 
[map.cpp:1761]: Adjacencies for 643 ==> 615 641 642 1888 644 
[map.cpp:1761]: Adjacencies for 644 ==> 641 643 1888 645 1760 1761 
[map.cpp:1761]: Adjacencies for 645 ==> 644 1889 646 1760 1888 
[map.cpp:1761]: Adjacencies for 646 ==> 645 1889 647 648 1888 
[map.cpp:1761]: Adjacencies for 647 ==> 646 1889 648 
[map.cpp:1761]: Adjacencies for 648 ==> 646 647 1889 1888 649 
[map.cpp:1761]: Adjacencies for 649 ==> 648 1888 
[map.cpp:1761]: Adjacencies for 650 ==> 599 612 613 614 1891 1888 
[map.cpp:1761]: Adjacencies for 651 ==> 1889 1760 655 653 652 1761 
[map.cpp:1761]: Adjacencies for 652 ==> 651 653 1761 1762 863 
[map.cpp:1761]: Adjacencies for 653 ==> 651 652 655 654 867 866 863 
[map.cpp:1761]: Adjacencies for 654 ==> 653 656 1772 655 867 
[map.cpp:1761]: Adjacencies for 655 ==> 651 653 654 1889 656 
[map.cpp:1761]: Adjacencies for 656 ==> 654 655 1889 1771 
[map.cpp:1761]: Adjacencies for 657 ==> 661 1771 658 1772 
[map.cpp:1761]: Adjacencies for 658 ==> 657 660 663 661 659 1772 868 1773 
[map.cpp:1761]: Adjacencies for 659 ==> 658 660 868 
[map.cpp:1761]: Adjacencies for 660 ==> 658 659 698 664 663 
[map.cpp:1761]: Adjacencies for 661 ==> 657 658 662 1889 1771 663 
[map.cpp:1761]: Adjacencies for 662 ==> 661 1774 1890 663 1889 
[map.cpp:1761]: Adjacencies for 663 ==> 658 660 661 662 666 1774 665 664 
[map.cpp:1761]: Adjacencies for 664 ==> 660 663 665 698 
[map.cpp:1761]: Adjacencies for 665 ==> 663 664 667 666 668 698 
[map.cpp:1761]: Adjacencies for 666 ==> 663 665 667 1775 1774 
[map.cpp:1761]: Adjacencies for 667 ==> 665 666 1776 669 1775 668 
[map.cpp:1761]: Adjacencies for 668 ==> 665 667 669 670 
[map.cpp:1761]: Adjacencies for 669 ==> 667 668 1776 1777 670 
[map.cpp:1761]: Adjacencies for 670 ==> 668 669 1777 671 692 
[map.cpp:1761]: Adjacencies for 671 ==> 670 1777 692 
[map.cpp:1761]: Adjacencies for 672 ==> 523 675 674 1778 673 
[map.cpp:1761]: Adjacencies for 673 ==> 672 674 677 685 1778 1779 690 
[map.cpp:1761]: Adjacencies for 674 ==> 672 673 676 675 677 
[map.cpp:1761]: Adjacencies for 675 ==> 522 523 672 674 676 
[map.cpp:1761]: Adjacencies for 676 ==> 520 522 674 675 678 677 
[map.cpp:1761]: Adjacencies for 677 ==> 673 674 676 678 680 681 682 684 685 
[map.cpp:1761]: Adjacencies for 678 ==> 518 519 520 676 677 679 680 
[map.cpp:1761]: Adjacencies for 679 ==> 519 678 1909 680 
[map.cpp:1761]: Adjacencies for 680 ==> 677 678 679 1909 1910 681 
[map.cpp:1761]: Adjacencies for 681 ==> 677 680 1910 682 
[map.cpp:1761]: Adjacencies for 682 ==> 677 681 1910 683 684 
[map.cpp:1761]: Adjacencies for 683 ==> 219 220 221 682 1910 684 
[map.cpp:1761]: Adjacencies for 684 ==> 219 677 682 683 685 686 
[map.cpp:1761]: Adjacencies for 685 ==> 673 677 684 686 688 
[map.cpp:1761]: Adjacencies for 686 ==> 216 219 684 685 688 687 
[map.cpp:1761]: Adjacencies for 687 ==> 214 216 686 688 689 708 
[map.cpp:1761]: Adjacencies for 688 ==> 685 686 687 690 689 
[map.cpp:1761]: Adjacencies for 689 ==> 687 688 690 1779 1780 708 1781 
[map.cpp:1761]: Adjacencies for 690 ==> 673 688 689 1779 
[map.cpp:1761]: Adjacencies for 691 ==> 692 1778 1779 693 
[map.cpp:1761]: Adjacencies for 692 ==> 670 671 691 1778 1777 693 697 696 
[map.cpp:1761]: Adjacencies for 693 ==> 691 692 1779 696 694 
[map.cpp:1761]: Adjacencies for 694 ==> 693 1779 1780 696 707 695 
[map.cpp:1761]: Adjacencies for 695 ==> 694 696 707 704 700 702 
[map.cpp:1761]: Adjacencies for 696 ==> 692 693 694 695 697 698 699 700 
[map.cpp:1761]: Adjacencies for 697 ==> 692 696 698 
[map.cpp:1761]: Adjacencies for 698 ==> 660 664 665 696 697 699 
[map.cpp:1761]: Adjacencies for 699 ==> 696 698 700 
[map.cpp:1761]: Adjacencies for 700 ==> 695 696 699 702 701 
[map.cpp:1761]: Adjacencies for 701 ==> 700 702 704 703 869 878 748 
[map.cpp:1761]: Adjacencies for 702 ==> 695 700 701 704 
[map.cpp:1761]: Adjacencies for 703 ==> 701 705 704 748 747 
[map.cpp:1761]: Adjacencies for 704 ==> 695 701 702 703 707 706 705 
[map.cpp:1761]: Adjacencies for 705 ==> 703 704 709 706 712 746 747 
[map.cpp:1761]: Adjacencies for 706 ==> 704 705 707 709 
[map.cpp:1761]: Adjacencies for 707 ==> 694 695 704 706 1780 1781 709 
[map.cpp:1761]: Adjacencies for 708 ==> 213 214 687 689 1781 
[map.cpp:1761]: Adjacencies for 709 ==> 211 705 706 707 1781 710 711 712 
[map.cpp:1761]: Adjacencies for 710 ==> 210 211 709 711 715 
[map.cpp:1761]: Adjacencies for 711 ==> 709 710 712 715 714 
[map.cpp:1761]: Adjacencies for 712 ==> 705 709 711 713 746 714 745 
[map.cpp:1761]: Adjacencies for 713 ==> 712 746 745 
[map.cpp:1761]: Adjacencies for 714 ==> 711 712 715 718 719 745 744 
[map.cpp:1761]: Adjacencies for 715 ==> 202 203 210 710 711 714 716 718 
[map.cpp:1761]: Adjacencies for 716 ==> 199 200 202 715 718 717 
[map.cpp:1761]: Adjacencies for 717 ==> 199 716 718 1807 721 1806 
[map.cpp:1761]: Adjacencies for 718 ==> 714 715 716 717 719 1807 
[map.cpp:1761]: Adjacencies for 719 ==> 714 718 1807 1806 720 744 
[map.cpp:1761]: Adjacencies for 720 ==> 719 1806 744 724 743 
[map.cpp:1761]: Adjacencies for 721 ==> 189 199 717 1806 722 1805 
[map.cpp:1761]: Adjacencies for 722 ==> 189 721 1805 
[map.cpp:1761]: Adjacencies for 723 ==> 1805 724 726 725 
[map.cpp:1761]: Adjacencies for 724 ==> 720 723 1806 1805 743 742 725 
[map.cpp:1761]: Adjacencies for 725 ==> 723 724 726 742 734 733 732 
[map.cpp:1761]: Adjacencies for 726 ==> 723 725 1805 1804 729 732 
[map.cpp:1761]: Adjacencies for 727 ==> 175 176 728 1803 1966 
[map.cpp:1761]: Adjacencies for 728 ==> 175 727 1803 729 1968 
[map.cpp:1761]: Adjacencies for 729 ==> 726 728 1804 1803 732 730 1968 
[map.cpp:1761]: Adjacencies for 730 ==> 729 732 1968 
[map.cpp:1761]: Adjacencies for 731 ==> 1968 
[map.cpp:1761]: Adjacencies for 732 ==> 725 726 729 730 733 1968 
[map.cpp:1761]: Adjacencies for 733 ==> 725 732 734 735 1968 
[map.cpp:1761]: Adjacencies for 734 ==> 725 733 742 741 735 736 
[map.cpp:1761]: Adjacencies for 735 ==> 733 734 1968 736 1969 
[map.cpp:1761]: Adjacencies for 736 ==> 734 735 741 739 738 737 1969 
[map.cpp:1761]: Adjacencies for 737 ==> 736 738 1969 
[map.cpp:1761]: Adjacencies for 738 ==> 736 737 739 1809 1808 1969 
[map.cpp:1761]: Adjacencies for 739 ==> 736 738 740 741 754 1809 
[map.cpp:1761]: Adjacencies for 740 ==> 739 752 744 753 741 754 
[map.cpp:1761]: Adjacencies for 741 ==> 734 736 739 740 744 743 742 
[map.cpp:1761]: Adjacencies for 742 ==> 724 725 734 741 743 
[map.cpp:1761]: Adjacencies for 743 ==> 720 724 741 742 744 
[map.cpp:1761]: Adjacencies for 744 ==> 714 719 720 740 741 743 745 752 
[map.cpp:1761]: Adjacencies for 745 ==> 712 713 714 744 746 747 752 
[map.cpp:1761]: Adjacencies for 746 ==> 705 712 713 745 747 
[map.cpp:1761]: Adjacencies for 747 ==> 703 705 745 746 748 751 753 752 
[map.cpp:1761]: Adjacencies for 748 ==> 701 703 747 878 751 1812 749 
[map.cpp:1761]: Adjacencies for 749 ==> 748 878 876 1812 1811 750 875 
[map.cpp:1761]: Adjacencies for 750 ==> 749 1811 758 875 
[map.cpp:1761]: Adjacencies for 751 ==> 747 748 1812 753 1811 757 
[map.cpp:1761]: Adjacencies for 752 ==> 740 744 745 747 753 
[map.cpp:1761]: Adjacencies for 753 ==> 740 747 751 752 754 757 
[map.cpp:1761]: Adjacencies for 754 ==> 739 740 753 757 1810 1809 
[map.cpp:1761]: Adjacencies for 755 ==> 1809 756 1810 761 1808 
[map.cpp:1761]: Adjacencies for 756 ==> 755 1810 758 759 761 760 
[map.cpp:1761]: Adjacencies for 757 ==> 751 753 754 1811 1810 
[map.cpp:1761]: Adjacencies for 758 ==> 750 756 1811 875 1810 759 
[map.cpp:1761]: Adjacencies for 759 ==> 756 758 875 767 760 766 
[map.cpp:1761]: Adjacencies for 760 ==> 756 759 761 766 762 763 765 
[map.cpp:1761]: Adjacencies for 761 ==> 755 756 760 1808 762 
[map.cpp:1761]: Adjacencies for 762 ==> 760 761 1808 1969 763 
[map.cpp:1761]: Adjacencies for 763 ==> 760 762 765 1969 1971 
[map.cpp:1761]: Adjacencies for 764 ==> 765 770 771 772 1971 
[map.cpp:1761]: Adjacencies for 765 ==> 760 763 764 766 770 1971 
[map.cpp:1761]: Adjacencies for 766 ==> 759 760 765 767 770 
[map.cpp:1761]: Adjacencies for 767 ==> 759 766 874 855 875 854 768 770 
[map.cpp:1761]: Adjacencies for 768 ==> 767 854 853 770 849 769 
[map.cpp:1761]: Adjacencies for 769 ==> 768 770 849 771 779 
[map.cpp:1761]: Adjacencies for 770 ==> 764 765 766 767 768 769 771 
[map.cpp:1761]: Adjacencies for 771 ==> 764 769 770 772 779 776 
[map.cpp:1761]: Adjacencies for 772 ==> 764 771 1971 773 776 774 
[map.cpp:1761]: Adjacencies for 773 ==> 772 1971 774 775 
[map.cpp:1761]: Adjacencies for 774 ==> 772 773 776 775 
[map.cpp:1761]: Adjacencies for 775 ==> 773 774 776 1813 1971 
[map.cpp:1761]: Adjacencies for 776 ==> 771 772 774 775 779 1813 
[map.cpp:1761]: Adjacencies for 777 ==> 1813 778 1971 781 784 
[map.cpp:1761]: Adjacencies for 778 ==> 777 780 1814 1813 781 
[map.cpp:1761]: Adjacencies for 779 ==> 769 771 776 849 1814 1813 
[map.cpp:1761]: Adjacencies for 780 ==> 778 1814 848 792 781 
[map.cpp:1761]: Adjacencies for 781 ==> 777 778 780 792 782 784 
[map.cpp:1761]: Adjacencies for 782 ==> 781 792 784 1866 783 788 
[map.cpp:1761]: Adjacencies for 783 ==> 782 784 786 787 788 
[map.cpp:1761]: Adjacencies for 784 ==> 777 781 782 783 1971 786 
[map.cpp:1761]: Adjacencies for 785 ==> 1971 
[map.cpp:1761]: Adjacencies for 786 ==> 783 784 1971 787 1975 
[map.cpp:1761]: Adjacencies for 787 ==> 783 786 788 1975 
[map.cpp:1761]: Adjacencies for 788 ==> 782 783 787 1866 789 1975 
[map.cpp:1761]: Adjacencies for 789 ==> 788 790 797 1866 798 1975 1815 
[map.cpp:1761]: Adjacencies for 790 ==> 789 1866 791 794 797 
[map.cpp:1761]: Adjacencies for 791 ==> 790 792 793 794 1866 
[map.cpp:1761]: Adjacencies for 792 ==> 780 781 782 791 848 793 1866 
[map.cpp:1761]: Adjacencies for 793 ==> 791 792 848 1822 794 
[map.cpp:1761]: Adjacencies for 794 ==> 790 791 793 1822 1818 797 
[map.cpp:1761]: Adjacencies for 795 ==> 1822 847 1839 802 1818 796 
[map.cpp:1761]: Adjacencies for 796 ==> 795 802 1818 801 1817 799 
[map.cpp:1761]: Adjacencies for 797 ==> 789 790 794 1818 1817 798 
[map.cpp:1761]: Adjacencies for 798 ==> 789 797 1817 1815 1816 
[map.cpp:1761]: Adjacencies for 799 ==> 796 1817 801 1816 800 1820 
[map.cpp:1761]: Adjacencies for 800 ==> 799 801 807 1821 1820 1833 
[map.cpp:1761]: Adjacencies for 801 ==> 796 799 800 802 803 806 807 
[map.cpp:1761]: Adjacencies for 802 ==> 795 796 801 1839 818 817 803 
[map.cpp:1761]: Adjacencies for 803 ==> 801 802 817 806 
[map.cpp:1761]: Adjacencies for 804 ==> 816 815 814 806 805 
[map.cpp:1761]: Adjacencies for 805 ==> 804 814 806 1831 1832 
[map.cpp:1761]: Adjacencies for 806 ==> 801 803 804 805 817 816 1832 807 
[map.cpp:1761]: Adjacencies for 807 ==> 800 801 806 1832 1833 
[map.cpp:1761]: Adjacencies for 808 ==> 1833 809 898 905 899 
[map.cpp:1761]: Adjacencies for 809 ==> 808 810 896 1833 897 905 
[map.cpp:1761]: Adjacencies for 810 ==> 809 1831 811 896 1832 1833 
[map.cpp:1761]: Adjacencies for 811 ==> 810 1830 1829 894 1831 895 896 
[map.cpp:1761]: Adjacencies for 812 ==> 892 1834 893 1829 1830 
[map.cpp:1761]: Adjacencies for 813 ==> 815 825 814 1834 1830 1831 
[map.cpp:1761]: Adjacencies for 814 ==> 804 805 813 815 1831 
[map.cpp:1761]: Adjacencies for 815 ==> 804 813 814 823 824 825 816 
[map.cpp:1761]: Adjacencies for 816 ==> 804 806 815 823 817 
[map.cpp:1761]: Adjacencies for 817 ==> 802 803 806 816 823 1838 1839 818 
[map.cpp:1761]: Adjacencies for 818 ==> 802 817 1839 
[map.cpp:1761]: Adjacencies for 819 ==> 821 822 820 1839 1838 
[map.cpp:1761]: Adjacencies for 820 ==> 819 821 845 846 1765 847 1839 
[map.cpp:1761]: Adjacencies for 821 ==> 819 820 833 1836 1837 845 822 
[map.cpp:1761]: Adjacencies for 822 ==> 819 821 1836 1838 
[map.cpp:1761]: Adjacencies for 823 ==> 815 816 817 824 1838 
[map.cpp:1761]: Adjacencies for 824 ==> 815 823 825 1835 1838 
[map.cpp:1761]: Adjacencies for 825 ==> 813 815 824 1835 1834 
[map.cpp:1761]: Adjacencies for 826 ==> 827 891 892 1835 829 
[map.cpp:1761]: Adjacencies for 827 ==> 826 1759 891 829 
[map.cpp:1761]: Adjacencies for 828 ==> 639 832 1759 831 829 
[map.cpp:1761]: Adjacencies for 829 ==> 826 827 828 831 1759 830 1835 1836 
[map.cpp:1761]: Adjacencies for 830 ==> 829 831 1836 
[map.cpp:1761]: Adjacencies for 831 ==> 828 829 830 832 1837 1836 
[map.cpp:1761]: Adjacencies for 832 ==> 639 828 831 837 836 834 1837 
[map.cpp:1761]: Adjacencies for 833 ==> 821 834 845 1837 
[map.cpp:1761]: Adjacencies for 834 ==> 832 833 836 1837 1768 845 
[map.cpp:1761]: Adjacencies for 835 ==> 840 1767 1768 844 
[map.cpp:1761]: Adjacencies for 836 ==> 832 834 839 838 1767 837 1768 
[map.cpp:1761]: Adjacencies for 837 ==> 639 640 832 836 838 
[map.cpp:1761]: Adjacencies for 838 ==> 640 836 837 839 
[map.cpp:1761]: Adjacencies for 839 ==> 640 836 838 860 1766 1767 
[map.cpp:1761]: Adjacencies for 840 ==> 835 842 1766 1767 841 844 
[map.cpp:1761]: Adjacencies for 841 ==> 840 842 1763 1764 844 843 
[map.cpp:1761]: Adjacencies for 842 ==> 840 841 1766 1762 1763 
[map.cpp:1761]: Adjacencies for 843 ==> 841 1764 844 845 1765 
[map.cpp:1761]: Adjacencies for 844 ==> 835 840 841 843 1768 845 
[map.cpp:1761]: Adjacencies for 845 ==> 820 821 833 834 843 844 1768 1765 
[map.cpp:1761]: Adjacencies for 846 ==> 820 850 1765 1819 847 
[map.cpp:1761]: Adjacencies for 847 ==> 795 820 846 1819 848 1822 1839 
[map.cpp:1761]: Adjacencies for 848 ==> 780 792 793 847 1814 1819 1822 
[map.cpp:1761]: Adjacencies for 849 ==> 768 769 779 853 852 851 850 1814 1819 
[map.cpp:1761]: Adjacencies for 850 ==> 846 849 851 1765 1819 
[map.cpp:1761]: Adjacencies for 851 ==> 849 850 852 1764 1765 
[map.cpp:1761]: Adjacencies for 852 ==> 849 851 858 1763 1764 853 
[map.cpp:1761]: Adjacencies for 853 ==> 768 849 852 858 854 
[map.cpp:1761]: Adjacencies for 854 ==> 767 768 853 858 856 855 
[map.cpp:1761]: Adjacencies for 855 ==> 767 854 874 856 
[map.cpp:1761]: Adjacencies for 856 ==> 854 855 874 1770 858 
[map.cpp:1761]: Adjacencies for 857 ==> 872 865 864 873 1770 1769 
[map.cpp:1761]: Adjacencies for 858 ==> 852 853 854 856 1763 1769 1762 1770 
[map.cpp:1761]: Adjacencies for 859 ==> 1762 862 860 1766 
[map.cpp:1761]: Adjacencies for 860 ==> 640 839 859 862 861 1766 
[map.cpp:1761]: Adjacencies for 861 ==> 640 641 860 1761 1762 862 
[map.cpp:1761]: Adjacencies for 862 ==> 859 860 861 1762 
[map.cpp:1761]: Adjacencies for 863 ==> 652 653 1762 866 865 864 
[map.cpp:1761]: Adjacencies for 864 ==> 857 863 865 1769 
[map.cpp:1761]: Adjacencies for 865 ==> 857 863 864 866 871 872 
[map.cpp:1761]: Adjacencies for 866 ==> 653 863 865 867 870 871 
[map.cpp:1761]: Adjacencies for 867 ==> 653 654 866 1772 1773 870 
[map.cpp:1761]: Adjacencies for 868 ==> 658 659 1773 869 
[map.cpp:1761]: Adjacencies for 869 ==> 701 868 878 1773 870 871 877 872 
[map.cpp:1761]: Adjacencies for 870 ==> 866 867 869 1773 871 
[map.cpp:1761]: Adjacencies for 871 ==> 865 866 869 870 872 
[map.cpp:1761]: Adjacencies for 872 ==> 857 865 869 871 877 873 
[map.cpp:1761]: Adjacencies for 873 ==> 857 872 877 876 1770 874 
[map.cpp:1761]: Adjacencies for 874 ==> 767 855 856 873 1770 876 875 
[map.cpp:1761]: Adjacencies for 875 ==> 749 750 758 759 767 874 876 
[map.cpp:1761]: Adjacencies for 876 ==> 749 873 874 875 877 878 
[map.cpp:1761]: Adjacencies for 877 ==> 869 872 873 876 878 
[map.cpp:1761]: Adjacencies for 878 ==> 701 748 749 869 876 877 
[map.cpp:1761]: Adjacencies for 879 ==> 882 883 937 880 931 936 932 
[map.cpp:1761]: Adjacencies for 880 ==> 879 881 894 882 931 930 
[map.cpp:1761]: Adjacencies for 881 ==> 880 1828 1840 882 1829 894 
[map.cpp:1761]: Adjacencies for 882 ==> 879 880 881 1840 883 
[map.cpp:1761]: Adjacencies for 883 ==> 879 882 1840 938 937 1841 
[map.cpp:1761]: Adjacencies for 884 ==> 632 633 885 940 939 1840 938 
[map.cpp:1761]: Adjacencies for 885 ==> 632 634 884 886 1840 
[map.cpp:1761]: Adjacencies for 886 ==> 634 885 1827 1828 1840 
[map.cpp:1761]: Adjacencies for 887 ==> 888 893 1828 1829 
[map.cpp:1761]: Adjacencies for 888 ==> 887 1826 889 1827 892 1828 893 
[map.cpp:1761]: Adjacencies for 889 ==> 637 888 890 1825 891 1826 892 
[map.cpp:1761]: Adjacencies for 890 ==> 637 889 1758 1759 891 
[map.cpp:1761]: Adjacencies for 891 ==> 826 827 889 890 1759 892 
[map.cpp:1761]: Adjacencies for 892 ==> 812 826 888 889 891 1835 1834 893 
[map.cpp:1761]: Adjacencies for 893 ==> 812 887 888 892 1829 
[map.cpp:1761]: Adjacencies for 894 ==> 811 880 881 1829 895 930 
[map.cpp:1761]: Adjacencies for 895 ==> 811 894 896 929 930 
[map.cpp:1761]: Adjacencies for 896 ==> 809 810 811 895 897 929 
[map.cpp:1761]: Adjacencies for 897 ==> 809 896 929 905 
[map.cpp:1761]: Adjacencies for 898 ==> 808 1833 899 1821 900 
[map.cpp:1761]: Adjacencies for 899 ==> 808 898 905 900 904 
[map.cpp:1761]: Adjacencies for 900 ==> 125 898 899 1821 904 1981 901 
[map.cpp:1761]: Adjacencies for 901 ==> 900 904 1981 
[map.cpp:1761]: Adjacencies for 902 ==> 904 903 1981 1980 
[map.cpp:1761]: Adjacencies for 903 ==> 902 904 907 908 911 1980 
[map.cpp:1761]: Adjacencies for 904 ==> 899 900 901 902 903 905 906 907 1981 
[map.cpp:1761]: Adjacencies for 905 ==> 808 809 897 899 904 929 906 
[map.cpp:1761]: Adjacencies for 906 ==> 904 905 929 928 907 
[map.cpp:1761]: Adjacencies for 907 ==> 903 904 906 928 908 
[map.cpp:1761]: Adjacencies for 908 ==> 903 907 928 927 926 909 911 
[map.cpp:1761]: Adjacencies for 909 ==> 908 926 918 911 910 
[map.cpp:1761]: Adjacencies for 910 ==> 909 911 918 916 912 1982 915 
[map.cpp:1761]: Adjacencies for 911 ==> 903 908 909 910 1980 912 
[map.cpp:1761]: Adjacencies for 912 ==> 910 911 1982 1980 
[map.cpp:1761]: Adjacencies for 913 ==> 1982 1983 
[map.cpp:1761]: Adjacencies for 914 ==> 915 917 1741 1983 
[map.cpp:1761]: Adjacencies for 915 ==> 910 914 916 917 1982 1983 
[map.cpp:1761]: Adjacencies for 916 ==> 910 915 918 917 
[map.cpp:1761]: Adjacencies for 917 ==> 914 915 916 918 1741 
[map.cpp:1761]: Adjacencies for 918 ==> 909 910 916 917 926 919 1741 
[map.cpp:1761]: Adjacencies for 919 ==> 918 925 926 922 921 920 1741 
[map.cpp:1761]: Adjacencies for 920 ==> 919 921 1741 
[map.cpp:1761]: Adjacencies for 921 ==> 919 920 1741 922 
[map.cpp:1761]: Adjacencies for 922 ==> 919 921 924 923 925 1741 
[map.cpp:1761]: Adjacencies for 923 ==> 922 932 933 924 1741 
[map.cpp:1761]: Adjacencies for 924 ==> 922 923 932 927 925 
[map.cpp:1761]: Adjacencies for 925 ==> 919 922 924 927 926 
[map.cpp:1761]: Adjacencies for 926 ==> 908 909 918 919 925 927 
[map.cpp:1761]: Adjacencies for 927 ==> 908 924 925 926 928 930 931 932 
[map.cpp:1761]: Adjacencies for 928 ==> 906 907 908 927 929 930 
[map.cpp:1761]: Adjacencies for 929 ==> 895 896 897 905 906 928 930 
[map.cpp:1761]: Adjacencies for 930 ==> 880 894 895 927 928 929 931 
[map.cpp:1761]: Adjacencies for 931 ==> 879 880 927 930 932 
[map.cpp:1761]: Adjacencies for 932 ==> 879 923 924 927 931 936 933 
[map.cpp:1761]: Adjacencies for 933 ==> 923 932 936 934 1741 
[map.cpp:1761]: Adjacencies for 934 ==> 933 1842 935 936 942 943 1741 
[map.cpp:1761]: Adjacencies for 935 ==> 934 938 941 937 936 1842 942 
[map.cpp:1761]: Adjacencies for 936 ==> 879 932 933 934 935 937 1842 
[map.cpp:1761]: Adjacencies for 937 ==> 879 883 935 936 1841 938 
[map.cpp:1761]: Adjacencies for 938 ==> 883 884 935 937 939 1840 1841 941 
[map.cpp:1761]: Adjacencies for 939 ==> 884 938 940 941 
[map.cpp:1761]: Adjacencies for 940 ==> 633 884 939 
[map.cpp:1761]: Adjacencies for 941 ==> 935 938 939 942 
[map.cpp:1761]: Adjacencies for 942 ==> 934 935 941 947 943 945 
[map.cpp:1761]: Adjacencies for 943 ==> 934 942 1741 
[map.cpp:1761]: Adjacencies for 944 ==> 945 946 1741 
[map.cpp:1761]: Adjacencies for 945 ==> 942 944 949 947 951 946 
[map.cpp:1761]: Adjacencies for 946 ==> 944 945 951 956 957 1741 
[map.cpp:1761]: Adjacencies for 947 ==> 942 945 948 949 
[map.cpp:1761]: Adjacencies for 948 ==> 947 973 974 972 950 949 
[map.cpp:1761]: Adjacencies for 949 ==> 945 947 948 950 951 
[map.cpp:1761]: Adjacencies for 950 ==> 948 949 972 970 952 951 
[map.cpp:1761]: Adjacencies for 951 ==> 945 946 949 950 952 953 956 
[map.cpp:1761]: Adjacencies for 952 ==> 950 951 970 953 
[map.cpp:1761]: Adjacencies for 953 ==> 951 952 970 954 956 955 
[map.cpp:1761]: Adjacencies for 954 ==> 953 970 969 968 961 960 955 
[map.cpp:1761]: Adjacencies for 955 ==> 953 954 960 956 958 957 
[map.cpp:1761]: Adjacencies for 956 ==> 946 951 953 955 957 
[map.cpp:1761]: Adjacencies for 957 ==> 946 955 956 958 1741 
[map.cpp:1761]: Adjacencies for 958 ==> 955 957 960 959 1741 
[map.cpp:1761]: Adjacencies for 959 ==> 958 961 963 960 964 997 1741 
[map.cpp:1761]: Adjacencies for 960 ==> 954 955 958 959 961 
[map.cpp:1761]: Adjacencies for 961 ==> 954 959 960 968 962 963 
[map.cpp:1761]: Adjacencies for 962 ==> 961 968 967 966 965 963 
[map.cpp:1761]: Adjacencies for 963 ==> 959 961 962 965 964 
[map.cpp:1761]: Adjacencies for 964 ==> 959 963 965 997 
[map.cpp:1761]: Adjacencies for 965 ==> 962 963 964 966 995 996 997 
[map.cpp:1761]: Adjacencies for 966 ==> 962 965 1873 988 967 994 995 
[map.cpp:1761]: Adjacencies for 967 ==> 962 966 984 985 988 968 1873 
[map.cpp:1761]: Adjacencies for 968 ==> 954 961 962 967 983 969 984 
[map.cpp:1761]: Adjacencies for 969 ==> 954 968 980 971 981 983 970 
[map.cpp:1761]: Adjacencies for 970 ==> 950 952 953 954 969 971 972 
[map.cpp:1761]: Adjacencies for 971 ==> 969 970 980 979 972 
[map.cpp:1761]: Adjacencies for 972 ==> 948 950 970 971 978 973 979 
[map.cpp:1761]: Adjacencies for 973 ==> 948 972 977 978 975 974 
[map.cpp:1761]: Adjacencies for 974 ==> 948 973 975 
[map.cpp:1761]: Adjacencies for 975 ==> 631 633 973 974 976 977 
[map.cpp:1761]: Adjacencies for 976 ==> 629 631 975 1072 977 
[map.cpp:1761]: Adjacencies for 977 ==> 973 975 976 1072 978 
[map.cpp:1761]: Adjacencies for 978 ==> 972 973 977 1072 1071 979 
[map.cpp:1761]: Adjacencies for 979 ==> 971 972 978 1070 980 1071 
[map.cpp:1761]: Adjacencies for 980 ==> 969 971 979 1070 981 
[map.cpp:1761]: Adjacencies for 981 ==> 969 980 1070 1069 982 983 
[map.cpp:1761]: Adjacencies for 982 ==> 981 1069 1064 1870 983 
[map.cpp:1761]: Adjacencies for 983 ==> 968 969 981 982 1870 984 
[map.cpp:1761]: Adjacencies for 984 ==> 967 968 983 1870 985 
[map.cpp:1761]: Adjacencies for 985 ==> 967 984 1062 986 1870 988 
[map.cpp:1761]: Adjacencies for 986 ==> 985 1062 987 988 
[map.cpp:1761]: Adjacencies for 987 ==> 986 1058 989 988 
[map.cpp:1761]: Adjacencies for 988 ==> 966 967 985 986 987 989 1873 992 993 994 
[map.cpp:1761]: Adjacencies for 989 ==> 987 988 1058 990 992 
[map.cpp:1761]: Adjacencies for 990 ==> 989 1058 1057 1036 1035 991 992 
[map.cpp:1761]: Adjacencies for 991 ==> 990 1035 992 
[map.cpp:1761]: Adjacencies for 992 ==> 988 989 990 991 993 
[map.cpp:1761]: Adjacencies for 993 ==> 988 992 994 995 
[map.cpp:1761]: Adjacencies for 994 ==> 966 988 993 995 
[map.cpp:1761]: Adjacencies for 995 ==> 965 966 993 994 996 
[map.cpp:1761]: Adjacencies for 996 ==> 965 995 997 1000 998 
[map.cpp:1761]: Adjacencies for 997 ==> 959 964 965 996 998 1741 
[map.cpp:1761]: Adjacencies for 998 ==> 996 997 1000 999 1741 
[map.cpp:1761]: Adjacencies for 999 ==> 998 1000 1001 1741 
[map.cpp:1761]: Adjacencies for 1000 ==> 996 998 999 1020 1002 1001 
[map.cpp:1761]: Adjacencies for 1001 ==> 999 1000 1002 1003 1741 
[map.cpp:1761]: Adjacencies for 1002 ==> 1000 1001 1020 1019 1004 1003 
[map.cpp:1761]: Adjacencies for 1003 ==> 1001 1002 1004 1005 1741 
[map.cpp:1761]: Adjacencies for 1004 ==> 1002 1003 1019 1018 1015 1005 
[map.cpp:1761]: Adjacencies for 1005 ==> 1003 1004 1015 1006 1741 1871 
[map.cpp:1761]: Adjacencies for 1006 ==> 1005 1015 1012 1010 1009 1871 1008 1007 
[map.cpp:1761]: Adjacencies for 1007 ==> 1006 1871 1008 1741 
[map.cpp:1761]: Adjacencies for 1008 ==> 1006 1007 1009 1741 
[map.cpp:1761]: Adjacencies for 1009 ==> 1006 1008 1010 
[map.cpp:1761]: Adjacencies for 1010 ==> 1006 1009 1011 1012 
[map.cpp:1761]: Adjacencies for 1011 ==> 1010 1030 1013 1012 
[map.cpp:1761]: Adjacencies for 1012 ==> 1006 1010 1011 1014 1013 1015 
[map.cpp:1761]: Adjacencies for 1013 ==> 1011 1012 1029 1014 1030 
[map.cpp:1761]: Adjacencies for 1014 ==> 1012 1013 1028 1017 1029 1016 1015 
[map.cpp:1761]: Adjacencies for 1015 ==> 1004 1005 1006 1012 1014 1016 1018 
[map.cpp:1761]: Adjacencies for 1016 ==> 1014 1015 1018 1017 
[map.cpp:1761]: Adjacencies for 1017 ==> 1014 1016 1027 1028 1024 1018 
[map.cpp:1761]: Adjacencies for 1018 ==> 1004 1015 1016 1017 1024 1023 1019 
[map.cpp:1761]: Adjacencies for 1019 ==> 1002 1004 1018 1023 1021 1020 
[map.cpp:1761]: Adjacencies for 1020 ==> 1000 1002 1019 1021 
[map.cpp:1761]: Adjacencies for 1021 ==> 1019 1020 1022 1023 
[map.cpp:1761]: Adjacencies for 1022 ==> 1021 1025 1023 
[map.cpp:1761]: Adjacencies for 1023 ==> 1018 1019 1021 1022 1025 1024 
[map.cpp:1761]: Adjacencies for 1024 ==> 1017 1018 1023 1025 1026 1027 
[map.cpp:1761]: Adjacencies for 1025 ==> 1022 1023 1024 1026 
[map.cpp:1761]: Adjacencies for 1026 ==> 1024 1025 1027 
[map.cpp:1761]: Adjacencies for 1027 ==> 1017 1024 1026 1028 
[map.cpp:1761]: Adjacencies for 1028 ==> 1014 1017 1027 1034 1029 
[map.cpp:1761]: Adjacencies for 1029 ==> 1013 1014 1028 1034 1031 1030 
[map.cpp:1761]: Adjacencies for 1030 ==> 1011 1013 1029 1031 
[map.cpp:1761]: Adjacencies for 1031 ==> 1029 1030 1032 1033 1034 
[map.cpp:1761]: Adjacencies for 1032 ==> 1031 1154 1155 1033 
[map.cpp:1761]: Adjacencies for 1033 ==> 1031 1032 1153 1154 1036 1034 
[map.cpp:1761]: Adjacencies for 1034 ==> 1028 1029 1031 1033 1036 1035 
[map.cpp:1761]: Adjacencies for 1035 ==> 990 991 1034 1036 
[map.cpp:1761]: Adjacencies for 1036 ==> 990 1033 1034 1035 1153 1037 1057 
[map.cpp:1761]: Adjacencies for 1037 ==> 1036 1038 1039 1152 1153 1057 
[map.cpp:1761]: Adjacencies for 1038 ==> 1037 1041 1040 1874 1039 1152 
[map.cpp:1761]: Adjacencies for 1039 ==> 1037 1038 1056 1040 1057 
[map.cpp:1761]: Adjacencies for 1040 ==> 1038 1039 1041 1743 1056 
[map.cpp:1761]: Adjacencies for 1041 ==> 1038 1040 1042 1743 
[map.cpp:1761]: Adjacencies for 1042 ==> 1041 1043 1743 
[map.cpp:1761]: Adjacencies for 1043 ==> 1042 1044 1743 
[map.cpp:1761]: Adjacencies for 1044 ==> 1043 1045 1122 1743 
[map.cpp:1761]: Adjacencies for 1045 ==> 1044 1046 1047 1743 
[map.cpp:1761]: Adjacencies for 1046 ==> 1045 1118 1119 1097 1047 1049 
[map.cpp:1761]: Adjacencies for 1047 ==> 1045 1046 1049 1743 1048 
[map.cpp:1761]: Adjacencies for 1048 ==> 1047 1049 1743 1050 1051 
[map.cpp:1761]: Adjacencies for 1049 ==> 1046 1047 1048 1050 
[map.cpp:1761]: Adjacencies for 1050 ==> 1048 1049 1096 1095 1051 1066 
[map.cpp:1761]: Adjacencies for 1051 ==> 1048 1050 1743 1052 
[map.cpp:1761]: Adjacencies for 1052 ==> 1051 1743 1053 
[map.cpp:1761]: Adjacencies for 1053 ==> 1052 1743 1054 
[map.cpp:1761]: Adjacencies for 1054 ==> 1053 1743 1055 
[map.cpp:1761]: Adjacencies for 1055 ==> 1054 1743 1056 1058 1057 
[map.cpp:1761]: Adjacencies for 1056 ==> 1039 1040 1055 1743 1057 
[map.cpp:1761]: Adjacencies for 1057 ==> 990 1036 1037 1039 1055 1056 1058 
[map.cpp:1761]: Adjacencies for 1058 ==> 987 989 990 1055 1057 
[map.cpp:1761]: Adjacencies for 1059 ==> 1060 1061 
[map.cpp:1761]: Adjacencies for 1060 ==> 1059 1066 1065 1063 1061 
[map.cpp:1761]: Adjacencies for 1061 ==> 1059 1060 1063 1062 
[map.cpp:1761]: Adjacencies for 1062 ==> 985 986 1061 1063 1870 
[map.cpp:1761]: Adjacencies for 1063 ==> 1060 1061 1062 1064 1065 1870 
[map.cpp:1761]: Adjacencies for 1064 ==> 982 1063 1069 1067 1065 1870 
[map.cpp:1761]: Adjacencies for 1065 ==> 1060 1063 1064 1094 1067 1066 
[map.cpp:1761]: Adjacencies for 1066 ==> 1050 1060 1065 1095 1094 
[map.cpp:1761]: Adjacencies for 1067 ==> 1064 1065 1068 1094 1069 
[map.cpp:1761]: Adjacencies for 1068 ==> 1067 1085 1744 1069 
[map.cpp:1761]: Adjacencies for 1069 ==> 981 982 1064 1067 1068 1744 1070 
[map.cpp:1761]: Adjacencies for 1070 ==> 979 980 981 1069 1744 1071 
[map.cpp:1761]: Adjacencies for 1071 ==> 978 979 1070 1869 1744 1072 
[map.cpp:1761]: Adjacencies for 1072 ==> 629 976 977 978 1071 1074 1073 1869 
[map.cpp:1761]: Adjacencies for 1073 ==> 1072 1080 1869 1074 
[map.cpp:1761]: Adjacencies for 1074 ==> 628 629 1072 1073 1080 1076 1075 
[map.cpp:1761]: Adjacencies for 1075 ==> 627 628 1074 1076 1882 
[map.cpp:1761]: Adjacencies for 1076 ==> 1074 1075 1077 1079 1880 1080 1882 
[map.cpp:1761]: Adjacencies for 1077 ==> 1076 1878 1078 1079 1880 
[map.cpp:1761]: Adjacencies for 1078 ==> 1077 1431 1878 1879 1430 1079 
[map.cpp:1761]: Adjacencies for 1079 ==> 1076 1077 1078 1430 1872 1082 1080 
[map.cpp:1761]: Adjacencies for 1080 ==> 1073 1074 1076 1079 1082 1081 1869 
[map.cpp:1761]: Adjacencies for 1081 ==> 1080 1082 1083 1084 1744 1869 
[map.cpp:1761]: Adjacencies for 1082 ==> 1079 1080 1081 1430 1745 1083 1872 
[map.cpp:1761]: Adjacencies for 1083 ==> 1081 1082 1745 1426 1087 1084 
[map.cpp:1761]: Adjacencies for 1084 ==> 1081 1083 1087 1086 1085 1744 
[map.cpp:1761]: Adjacencies for 1085 ==> 1068 1084 1086 1093 1744 
[map.cpp:1761]: Adjacencies for 1086 ==> 1084 1085 1088 1089 1087 
[map.cpp:1761]: Adjacencies for 1087 ==> 1083 1084 1086 1426 1088 
[map.cpp:1761]: Adjacencies for 1088 ==> 1086 1087 1425 1089 1426 
[map.cpp:1761]: Adjacencies for 1089 ==> 1086 1088 1425 1424 1090 
[map.cpp:1761]: Adjacencies for 1090 ==> 1089 1424 1401 1091 1096 
[map.cpp:1761]: Adjacencies for 1091 ==> 1090 1401 1092 
[map.cpp:1761]: Adjacencies for 1092 ==> 1091 1096 
[map.cpp:1761]: Adjacencies for 1093 ==> 1085 1095 1094 
[map.cpp:1761]: Adjacencies for 1094 ==> 1065 1066 1067 1093 1095 
[map.cpp:1761]: Adjacencies for 1095 ==> 1050 1066 1093 1094 
[map.cpp:1761]: Adjacencies for 1096 ==> 1050 1090 1092 1098 1097 
[map.cpp:1761]: Adjacencies for 1097 ==> 1046 1096 1098 1118 
[map.cpp:1761]: Adjacencies for 1098 ==> 1096 1097 1397 1099 1118 
[map.cpp:1761]: Adjacencies for 1099 ==> 1098 1100 1397 1117 
[map.cpp:1761]: Adjacencies for 1100 ==> 1099 1395 1394 1396 1101 1397 1117 
[map.cpp:1761]: Adjacencies for 1101 ==> 1100 1393 1102 1394 
[map.cpp:1761]: Adjacencies for 1102 ==> 1101 1336 1103 1393 
[map.cpp:1761]: Adjacencies for 1103 ==> 1102 1331 1104 1336 1105 1113 
[map.cpp:1761]: Adjacencies for 1104 ==> 1103 1329 1330 1107 1331 1105 
[map.cpp:1761]: Adjacencies for 1105 ==> 1103 1104 1107 1106 
[map.cpp:1761]: Adjacencies for 1106 ==> 1105 1107 1112 
[map.cpp:1761]: Adjacencies for 1107 ==> 1104 1105 1106 1210 1329 1108 1127 
[map.cpp:1761]: Adjacencies for 1108 ==> 1107 1210 1109 1110 1127 
[map.cpp:1761]: Adjacencies for 1109 ==> 1108 1209 1208 1111 1210 1110 
[map.cpp:1761]: Adjacencies for 1110 ==> 1108 1109 1111 
[map.cpp:1761]: Adjacencies for 1111 ==> 1109 1110 1208 1180 
[map.cpp:1761]: Adjacencies for 1112 ==> 1106 1127 1113 1126 1114 1125 1123 1124 
[map.cpp:1761]: Adjacencies for 1113 ==> 1103 1112 1115 1114 
[map.cpp:1761]: Adjacencies for 1114 ==> 1112 1113 1115 1120 1123 1121 
[map.cpp:1761]: Adjacencies for 1115 ==> 1113 1114 1116 1120 
[map.cpp:1761]: Adjacencies for 1116 ==> 1115 1120 1117 1119 
[map.cpp:1761]: Adjacencies for 1117 ==> 1099 1100 1116 1119 
[map.cpp:1761]: Adjacencies for 1118 ==> 1046 1097 1098 1119 
[map.cpp:1761]: Adjacencies for 1119 ==> 1046 1116 1117 1118 1120 1121 
[map.cpp:1761]: Adjacencies for 1120 ==> 1114 1115 1116 1119 1121 
[map.cpp:1761]: Adjacencies for 1121 ==> 1114 1119 1120 1123 1122 
[map.cpp:1761]: Adjacencies for 1122 ==> 1044 1121 1123 1124 1145 
[map.cpp:1761]: Adjacencies for 1123 ==> 1112 1114 1121 1122 1124 
[map.cpp:1761]: Adjacencies for 1124 ==> 1112 1122 1123 1125 1142 1145 1144 
[map.cpp:1761]: Adjacencies for 1125 ==> 1112 1124 1126 1129 1142 
[map.cpp:1761]: Adjacencies for 1126 ==> 1112 1125 1127 1129 
[map.cpp:1761]: Adjacencies for 1127 ==> 1107 1108 1112 1126 1128 1129 
[map.cpp:1761]: Adjacencies for 1128 ==> 1127 1131 1130 1129 
[map.cpp:1761]: Adjacencies for 1129 ==> 1125 1126 1127 1128 1130 1141 1142 
[map.cpp:1761]: Adjacencies for 1130 ==> 1128 1129 1131 1137 1141 
[map.cpp:1761]: Adjacencies for 1131 ==> 1128 1130 1180 1134 1137 
[map.cpp:1761]: Adjacencies for 1132 ==> 1179 1178 1133 
[map.cpp:1761]: Adjacencies for 1133 ==> 1132 1178 1134 
[map.cpp:1761]: Adjacencies for 1134 ==> 1131 1133 1135 1137 1136 
[map.cpp:1761]: Adjacencies for 1135 ==> 1134 1136 1170 
[map.cpp:1761]: Adjacencies for 1136 ==> 1134 1135 1170 1138 1169 
[map.cpp:1761]: Adjacencies for 1137 ==> 1130 1131 1134 1138 1141 1139 
[map.cpp:1761]: Adjacencies for 1138 ==> 1136 1137 1139 1169 1168 
[map.cpp:1761]: Adjacencies for 1139 ==> 1137 1138 1141 1168 1140 
[map.cpp:1761]: Adjacencies for 1140 ==> 1139 1168 1141 1162 1143 
[map.cpp:1761]: Adjacencies for 1141 ==> 1129 1130 1137 1139 1140 1142 1143 
[map.cpp:1761]: Adjacencies for 1142 ==> 1124 1125 1129 1141 1143 1144 
[map.cpp:1761]: Adjacencies for 1143 ==> 1140 1141 1142 1144 1162 1147 
[map.cpp:1761]: Adjacencies for 1144 ==> 1124 1142 1143 1145 1147 1146 
[map.cpp:1761]: Adjacencies for 1145 ==> 1122 1124 1144 
[map.cpp:1761]: Adjacencies for 1146 ==> 1144 1147 1148 1149 
[map.cpp:1761]: Adjacencies for 1147 ==> 1143 1144 1146 1162 1161 1148 
[map.cpp:1761]: Adjacencies for 1148 ==> 1146 1147 1161 1160 1159 1149 1158 
[map.cpp:1761]: Adjacencies for 1149 ==> 1146 1148 1158 1150 
[map.cpp:1761]: Adjacencies for 1150 ==> 1149 1158 1156 1151 
[map.cpp:1761]: Adjacencies for 1151 ==> 1150 1156 1152 1155 1153 1154 
[map.cpp:1761]: Adjacencies for 1152 ==> 1037 1038 1151 1153 
[map.cpp:1761]: Adjacencies for 1153 ==> 1033 1036 1037 1151 1152 1154 
[map.cpp:1761]: Adjacencies for 1154 ==> 1032 1033 1151 1153 1155 
[map.cpp:1761]: Adjacencies for 1155 ==> 1032 1151 1154 1156 1753 
[map.cpp:1761]: Adjacencies for 1156 ==> 1150 1151 1155 1157 1158 
[map.cpp:1761]: Adjacencies for 1157 ==> 1156 1159 1158 
[map.cpp:1761]: Adjacencies for 1158 ==> 1148 1149 1150 1156 1157 1159 
[map.cpp:1761]: Adjacencies for 1159 ==> 1148 1157 1158 1166 1160 
[map.cpp:1761]: Adjacencies for 1160 ==> 1148 1159 1163 1165 1166 1161 
[map.cpp:1761]: Adjacencies for 1161 ==> 1147 1148 1160 1162 1163 
[map.cpp:1761]: Adjacencies for 1162 ==> 1140 1143 1147 1161 1168 1164 1163 
[map.cpp:1761]: Adjacencies for 1163 ==> 1160 1161 1162 1164 1165 
[map.cpp:1761]: Adjacencies for 1164 ==> 1162 1163 1169 1167 1168 1165 
[map.cpp:1761]: Adjacencies for 1165 ==> 1160 1163 1164 1167 1166 
[map.cpp:1761]: Adjacencies for 1166 ==> 1159 1160 1165 1167 
[map.cpp:1761]: Adjacencies for 1167 ==> 1164 1165 1166 1169 1754 
[map.cpp:1761]: Adjacencies for 1168 ==> 1138 1139 1140 1162 1164 1169 
[map.cpp:1761]: Adjacencies for 1169 ==> 1136 1138 1164 1167 1168 1170 1171 
[map.cpp:1761]: Adjacencies for 1170 ==> 1135 1136 1169 
[map.cpp:1761]: Adjacencies for 1171 ==> 1169 1173 1172 1742 
[map.cpp:1761]: Adjacencies for 1172 ==> 1171 1174 1173 1742 
[map.cpp:1761]: Adjacencies for 1173 ==> 1171 1172 1178 1174 
[map.cpp:1761]: Adjacencies for 1174 ==> 1172 1173 1175 1178 1742 
[map.cpp:1761]: Adjacencies for 1175 ==> 1174 1176 1177 1742 1853 1178 
[map.cpp:1761]: Adjacencies for 1176 ==> 1175 1181 1193 1742 1177 
[map.cpp:1761]: Adjacencies for 1177 ==> 1175 1176 1181 1852 1853 
[map.cpp:1761]: Adjacencies for 1178 ==> 1132 1133 1173 1174 1175 1183 1852 1179 1853 
[map.cpp:1761]: Adjacencies for 1179 ==> 1132 1178 1184 1183 1180 
[map.cpp:1761]: Adjacencies for 1180 ==> 1111 1131 1179 1184 1208 
[map.cpp:1761]: Adjacencies for 1181 ==> 1176 1177 1192 1193 1852 
[map.cpp:1761]: Adjacencies for 1182 ==> 1185 1848 1852 1183 
[map.cpp:1761]: Adjacencies for 1183 ==> 1178 1179 1182 1185 1852 1184 
[map.cpp:1761]: Adjacencies for 1184 ==> 1179 1180 1183 1185 1849 1208 
[map.cpp:1761]: Adjacencies for 1185 ==> 1182 1183 1184 1848 1849 
[map.cpp:1761]: Adjacencies for 1186 ==> 1187 1190 1191 1848 1203 1207 1849 
[map.cpp:1761]: Adjacencies for 1187 ==> 1186 1202 1198 1188 1190 1203 
[map.cpp:1761]: Adjacencies for 1188 ==> 1187 1198 1189 1190 
[map.cpp:1761]: Adjacencies for 1189 ==> 1188 1196 1197 1198 1190 
[map.cpp:1761]: Adjacencies for 1190 ==> 1186 1187 1188 1189 1196 1195 1191 
[map.cpp:1761]: Adjacencies for 1191 ==> 1186 1190 1195 1847 1848 
[map.cpp:1761]: Adjacencies for 1192 ==> 1181 1847 1194 1193 1852 
[map.cpp:1761]: Adjacencies for 1193 ==> 1176 1181 1192 1194 1742 
[map.cpp:1761]: Adjacencies for 1194 ==> 1192 1193 2014 1742 1847 
[map.cpp:1761]: Adjacencies for 1195 ==> 1190 1191 1196 2014 1847 
[map.cpp:1761]: Adjacencies for 1196 ==> 1189 1190 1195 1197 2013 2014 
[map.cpp:1761]: Adjacencies for 1197 ==> 1189 1196 2013 1227 1226 1198 
[map.cpp:1761]: Adjacencies for 1198 ==> 1187 1188 1189 1197 1226 1199 1202 
[map.cpp:1761]: Adjacencies for 1199 ==> 1198 1226 1222 1217 1200 1202 
[map.cpp:1761]: Adjacencies for 1200 ==> 1199 1217 1216 1320 1202 1201 
[map.cpp:1761]: Adjacencies for 1201 ==> 1200 1320 1202 1204 1205 
[map.cpp:1761]: Adjacencies for 1202 ==> 1187 1198 1199 1200 1201 1203 1204 
[map.cpp:1761]: Adjacencies for 1203 ==> 1186 1187 1202 1204 1206 1207 
[map.cpp:1761]: Adjacencies for 1204 ==> 1201 1202 1203 1205 1206 
[map.cpp:1761]: Adjacencies for 1205 ==> 1201 1204 1213 1320 1851 1206 
[map.cpp:1761]: Adjacencies for 1206 ==> 1203 1204 1205 1207 1851 1849 
[map.cpp:1761]: Adjacencies for 1207 ==> 1186 1203 1206 1849 
[map.cpp:1761]: Adjacencies for 1208 ==> 1109 1111 1180 1184 1849 1210 1209 
[map.cpp:1761]: Adjacencies for 1209 ==> 1109 1208 1210 
[map.cpp:1761]: Adjacencies for 1210 ==> 1107 1108 1109 1208 1209 1211 1851 1849 1329 
[map.cpp:1761]: Adjacencies for 1211 ==> 1210 1212 1851 1327 1328 1329 
[map.cpp:1761]: Adjacencies for 1212 ==> 1211 1851 1327 
[map.cpp:1761]: Adjacencies for 1213 ==> 1205 1320 1319 1322 1851 
[map.cpp:1761]: Adjacencies for 1214 ==> 1305 1306 1314 1304 1315 1215 1318 
[map.cpp:1761]: Adjacencies for 1215 ==> 1214 1304 1219 1218 1318 1217 1216 
[map.cpp:1761]: Adjacencies for 1216 ==> 1200 1215 1217 1318 1319 1320 
[map.cpp:1761]: Adjacencies for 1217 ==> 1199 1200 1215 1216 1218 1222 
[map.cpp:1761]: Adjacencies for 1218 ==> 1215 1217 1220 1219 1221 1222 
[map.cpp:1761]: Adjacencies for 1219 ==> 1215 1218 1303 1220 1304 
[map.cpp:1761]: Adjacencies for 1220 ==> 1218 1219 1234 1303 1221 
[map.cpp:1761]: Adjacencies for 1221 ==> 1218 1220 1234 1223 1222 
[map.cpp:1761]: Adjacencies for 1222 ==> 1199 1217 1218 1221 1224 1223 1225 1226 
[map.cpp:1761]: Adjacencies for 1223 ==> 1221 1222 1234 1230 1224 
[map.cpp:1761]: Adjacencies for 1224 ==> 1222 1223 1230 1229 1228 1225 
[map.cpp:1761]: Adjacencies for 1225 ==> 1222 1224 1228 1227 1226 
[map.cpp:1761]: Adjacencies for 1226 ==> 1197 1198 1199 1222 1225 1227 
[map.cpp:1761]: Adjacencies for 1227 ==> 1197 1225 1226 1228 2013 
[map.cpp:1761]: Adjacencies for 1228 ==> 1224 1225 1227 1229 2013 
[map.cpp:1761]: Adjacencies for 1229 ==> 1224 1228 1231 2012 1230 2013 
[map.cpp:1761]: Adjacencies for 1230 ==> 1223 1224 1229 1233 1231 1234 
[map.cpp:1761]: Adjacencies for 1231 ==> 1229 1230 1233 1232 2012 
[map.cpp:1761]: Adjacencies for 1232 ==> 1231 1246 2011 1245 2012 1233 
[map.cpp:1761]: Adjacencies for 1233 ==> 1230 1231 1232 1245 1235 1234 
[map.cpp:1761]: Adjacencies for 1234 ==> 1220 1221 1223 1230 1233 1235 1302 1303 
[map.cpp:1761]: Adjacencies for 1235 ==> 1233 1234 1237 1245 1238 1302 
[map.cpp:1761]: Adjacencies for 1236 ==> 1249 1244 1248 1247 1243 1241 1245 1237 
[map.cpp:1761]: Adjacencies for 1237 ==> 1235 1236 1241 1239 1245 1238 
[map.cpp:1761]: Adjacencies for 1238 ==> 1235 1237 1299 1239 1300 1302 1301 
[map.cpp:1761]: Adjacencies for 1239 ==> 1237 1238 1240 1241 1285 1299 
[map.cpp:1761]: Adjacencies for 1240 ==> 1239 1283 1242 1284 1241 1285 
[map.cpp:1761]: Adjacencies for 1241 ==> 1236 1237 1239 1240 1242 1243 
[map.cpp:1761]: Adjacencies for 1242 ==> 1240 1241 1277 1251 1278 1244 1283 1243 
[map.cpp:1761]: Adjacencies for 1243 ==> 1236 1241 1242 1244 
[map.cpp:1761]: Adjacencies for 1244 ==> 1236 1242 1243 1251 1249 
[map.cpp:1761]: Adjacencies for 1245 ==> 1232 1233 1235 1236 1237 1247 1246 
[map.cpp:1761]: Adjacencies for 1246 ==> 1232 1245 2011 1247 
[map.cpp:1761]: Adjacencies for 1247 ==> 1236 1245 1246 1248 2011 
[map.cpp:1761]: Adjacencies for 1248 ==> 1236 1247 1250 2011 1249 
[map.cpp:1761]: Adjacencies for 1249 ==> 1236 1244 1248 1250 1251 
[map.cpp:1761]: Adjacencies for 1250 ==> 1248 1249 1253 1254 1251 2010 2011 
[map.cpp:1761]: Adjacencies for 1251 ==> 1242 1244 1249 1250 1252 1253 1277 
[map.cpp:1761]: Adjacencies for 1252 ==> 1251 1274 1253 1273 1276 1277 
[map.cpp:1761]: Adjacencies for 1253 ==> 1250 1251 1252 1256 1273 1254 
[map.cpp:1761]: Adjacencies for 1254 ==> 1250 1253 1255 2010 1256 
[map.cpp:1761]: Adjacencies for 1255 ==> 1254 2009 1260 1257 1256 2010 
[map.cpp:1761]: Adjacencies for 1256 ==> 1253 1254 1255 1257 1272 1273 
[map.cpp:1761]: Adjacencies for 1257 ==> 1255 1256 1258 1260 1268 1272 
[map.cpp:1761]: Adjacencies for 1258 ==> 1257 1259 1267 1260 1268 
[map.cpp:1761]: Adjacencies for 1259 ==> 1258 1267 2006 1260 
[map.cpp:1761]: Adjacencies for 1260 ==> 1255 1257 1258 1259 2006 1261 2009 
[map.cpp:1761]: Adjacencies for 1261 ==> 1260 1265 1263 2006 1262 2009 
[map.cpp:1761]: Adjacencies for 1262 ==> 1261 1263 2008 2009 
[map.cpp:1761]: Adjacencies for 1263 ==> 1261 1262 1264 1265 2007 2008 
[map.cpp:1761]: Adjacencies for 1264 ==> 1263 2007 1265 
[map.cpp:1761]: Adjacencies for 1265 ==> 1261 1263 1264 2007 2006 
[map.cpp:1761]: Adjacencies for 1266 ==> 2005 
[map.cpp:1761]: Adjacencies for 1267 ==> 1258 1259 2005 2006 1268 
[map.cpp:1761]: Adjacencies for 1268 ==> 1257 1258 1267 2005 1272 1271 2004 1269 
[map.cpp:1761]: Adjacencies for 1269 ==> 1268 2004 1271 1270 
[map.cpp:1761]: Adjacencies for 1270 ==> 1269 2004 1271 1275 1290 
[map.cpp:1761]: Adjacencies for 1271 ==> 1268 1269 1270 1272 1275 1274 
[map.cpp:1761]: Adjacencies for 1272 ==> 1256 1257 1268 1271 1274 1273 
[map.cpp:1761]: Adjacencies for 1273 ==> 1252 1253 1256 1272 1274 
[map.cpp:1761]: Adjacencies for 1274 ==> 1252 1271 1272 1273 1275 1276 
[map.cpp:1761]: Adjacencies for 1275 ==> 1270 1271 1274 1280 1276 
[map.cpp:1761]: Adjacencies for 1276 ==> 1252 1274 1275 1280 1279 1277 
[map.cpp:1761]: Adjacencies for 1277 ==> 1242 1251 1252 1276 1279 1278 
[map.cpp:1761]: Adjacencies for 1278 ==> 1242 1277 1279 1282 1283 
[map.cpp:1761]: Adjacencies for 1279 ==> 1276 1277 1278 1280 1281 1282 
[map.cpp:1761]: Adjacencies for 1280 ==> 1275 1276 1279 1290 1281 
[map.cpp:1761]: Adjacencies for 1281 ==> 1279 1280 1290 1291 1289 1288 1282 
[map.cpp:1761]: Adjacencies for 1282 ==> 1278 1279 1281 1288 1283 
[map.cpp:1761]: Adjacencies for 1283 ==> 1240 1242 1278 1282 1288 1287 1284 
[map.cpp:1761]: Adjacencies for 1284 ==> 1240 1283 1287 1286 1285 
[map.cpp:1761]: Adjacencies for 1285 ==> 1239 1240 1284 1286 1299 
[map.cpp:1761]: Adjacencies for 1286 ==> 1284 1285 1287 1297 1299 1298 
[map.cpp:1761]: Adjacencies for 1287 ==> 1283 1284 1286 1288 1293 1297 
[map.cpp:1761]: Adjacencies for 1288 ==> 1281 1282 1283 1287 1289 1293 
[map.cpp:1761]: Adjacencies for 1289 ==> 1281 1288 1291 1292 1293 
[map.cpp:1761]: Adjacencies for 1290 ==> 1270 1280 1281 2004 2003 1291 
[map.cpp:1761]: Adjacencies for 1291 ==> 1281 1289 1290 2003 1292 
[map.cpp:1761]: Adjacencies for 1292 ==> 1289 1291 2003 1293 1294 2002 1368 
[map.cpp:1761]: Adjacencies for 1293 ==> 1287 1288 1289 1292 1294 1297 
[map.cpp:1761]: Adjacencies for 1294 ==> 1292 1293 1297 1368 1296 1295 
[map.cpp:1761]: Adjacencies for 1295 ==> 1294 1368 1367 1296 1308 1310 
[map.cpp:1761]: Adjacencies for 1296 ==> 1294 1295 1297 1298 1308 1307 
[map.cpp:1761]: Adjacencies for 1297 ==> 1286 1287 1293 1294 1296 1298 
[map.cpp:1761]: Adjacencies for 1298 ==> 1286 1296 1297 1299 1300 1307 
[map.cpp:1761]: Adjacencies for 1299 ==> 1238 1239 1285 1286 1298 1300 
[map.cpp:1761]: Adjacencies for 1300 ==> 1238 1298 1299 1301 1307 
[map.cpp:1761]: Adjacencies for 1301 ==> 1238 1300 1302 1307 1306 1305 1303 1304 
[map.cpp:1761]: Adjacencies for 1302 ==> 1234 1235 1238 1301 1303 
[map.cpp:1761]: Adjacencies for 1303 ==> 1219 1220 1234 1301 1302 1304 
[map.cpp:1761]: Adjacencies for 1304 ==> 1214 1215 1219 1301 1303 1305 
[map.cpp:1761]: Adjacencies for 1305 ==> 1214 1301 1304 1306 
[map.cpp:1761]: Adjacencies for 1306 ==> 1214 1301 1305 1307 1308 1309 1313 1314 
[map.cpp:1761]: Adjacencies for 1307 ==> 1296 1298 1300 1301 1306 1308 
[map.cpp:1761]: Adjacencies for 1308 ==> 1295 1296 1306 1307 1310 1309 
[map.cpp:1761]: Adjacencies for 1309 ==> 1306 1308 1310 1311 1313 
[map.cpp:1761]: Adjacencies for 1310 ==> 1295 1308 1309 1367 1366 1311 1360 
[map.cpp:1761]: Adjacencies for 1311 ==> 1309 1310 1313 1360 1312 
[map.cpp:1761]: Adjacencies for 1312 ==> 1311 1360 1313 1349 1348 
[map.cpp:1761]: Adjacencies for 1313 ==> 1306 1309 1311 1312 1314 1348 1347 
[map.cpp:1761]: Adjacencies for 1314 ==> 1214 1306 1313 1315 1347 1316 
[map.cpp:1761]: Adjacencies for 1315 ==> 1214 1314 1318 1316 1317 
[map.cpp:1761]: Adjacencies for 1316 ==> 1314 1315 1347 1317 1344 1343 
[map.cpp:1761]: Adjacencies for 1317 ==> 1315 1316 1318 1319 1343 1321 
[map.cpp:1761]: Adjacencies for 1318 ==> 1214 1215 1216 1315 1317 1319 
[map.cpp:1761]: Adjacencies for 1319 ==> 1213 1216 1317 1318 1320 1321 1322 
[map.cpp:1761]: Adjacencies for 1320 ==> 1200 1201 1205 1213 1216 1319 
[map.cpp:1761]: Adjacencies for 1321 ==> 1317 1319 1343 1322 1323 1324 
[map.cpp:1761]: Adjacencies for 1322 ==> 1213 1319 1321 1323 1851 
[map.cpp:1761]: Adjacencies for 1323 ==> 1321 1322 1324 1851 1325 1850 
[map.cpp:1761]: Adjacencies for 1324 ==> 1321 1323 1343 1341 1325 
[map.cpp:1761]: Adjacencies for 1325 ==> 1323 1324 1341 1850 1340 
[map.cpp:1761]: Adjacencies for 1326 ==> 1327 1850 1328 1330 1332 
[map.cpp:1761]: Adjacencies for 1327 ==> 1211 1212 1326 1851 1850 1328 
[map.cpp:1761]: Adjacencies for 1328 ==> 1211 1326 1327 1329 1330 
[map.cpp:1761]: Adjacencies for 1329 ==> 1104 1107 1210 1211 1328 1330 
[map.cpp:1761]: Adjacencies for 1330 ==> 1104 1326 1328 1329 1332 1331 
[map.cpp:1761]: Adjacencies for 1331 ==> 1103 1104 1330 1332 1333 1334 1336 
[map.cpp:1761]: Adjacencies for 1332 ==> 1326 1330 1331 1850 1333 
[map.cpp:1761]: Adjacencies for 1333 ==> 1331 1332 1850 1334 
[map.cpp:1761]: Adjacencies for 1334 ==> 1331 1333 1335 1850 1336 
[map.cpp:1761]: Adjacencies for 1335 ==> 1334 1341 1339 1340 1850 1336 
[map.cpp:1761]: Adjacencies for 1336 ==> 1102 1103 1331 1334 1335 1339 1337 1393 
[map.cpp:1761]: Adjacencies for 1337 ==> 1336 1338 1389 1339 1392 1393 
[map.cpp:1761]: Adjacencies for 1338 ==> 1337 1354 1339 1388 1389 
[map.cpp:1761]: Adjacencies for 1339 ==> 1335 1336 1337 1338 1341 1345 1354 
[map.cpp:1761]: Adjacencies for 1340 ==> 1325 1335 1341 1850 
[map.cpp:1761]: Adjacencies for 1341 ==> 1324 1325 1335 1339 1340 1343 1342 1345 
[map.cpp:1761]: Adjacencies for 1342 ==> 1341 1344 1345 1343 
[map.cpp:1761]: Adjacencies for 1343 ==> 1316 1317 1321 1324 1341 1342 1344 
[map.cpp:1761]: Adjacencies for 1344 ==> 1316 1342 1343 1347 1346 1345 
[map.cpp:1761]: Adjacencies for 1345 ==> 1339 1341 1342 1344 1346 1353 1354 
[map.cpp:1761]: Adjacencies for 1346 ==> 1344 1345 1348 1347 1351 1352 1353 
[map.cpp:1761]: Adjacencies for 1347 ==> 1313 1314 1316 1344 1346 1348 
[map.cpp:1761]: Adjacencies for 1348 ==> 1312 1313 1346 1347 1349 1350 1351 
[map.cpp:1761]: Adjacencies for 1349 ==> 1312 1348 1360 1350 
[map.cpp:1761]: Adjacencies for 1350 ==> 1348 1349 1360 1359 1358 1351 
[map.cpp:1761]: Adjacencies for 1351 ==> 1346 1348 1350 1358 1356 1352 1355 1353 
[map.cpp:1761]: Adjacencies for 1352 ==> 1346 1351 1353 
[map.cpp:1761]: Adjacencies for 1353 ==> 1345 1346 1351 1352 1355 1354 
[map.cpp:1761]: Adjacencies for 1354 ==> 1338 1339 1345 1353 1355 1388 
[map.cpp:1761]: Adjacencies for 1355 ==> 1351 1353 1354 1356 1383 1388 
[map.cpp:1761]: Adjacencies for 1356 ==> 1351 1355 1375 1358 1376 1377 1357 1383 
[map.cpp:1761]: Adjacencies for 1357 ==> 1356 1377 1845 1383 
[map.cpp:1761]: Adjacencies for 1358 ==> 1350 1351 1356 2001 1359 1372 1375 
[map.cpp:1761]: Adjacencies for 1359 ==> 1350 1358 1363 1361 1370 2001 1360 
[map.cpp:1761]: Adjacencies for 1360 ==> 1310 1311 1312 1349 1350 1359 1366 1361 
[map.cpp:1761]: Adjacencies for 1361 ==> 1359 1360 2002 1367 1362 1366 1363 
[map.cpp:1761]: Adjacencies for 1362 ==> 1361 1363 1364 2002 
[map.cpp:1761]: Adjacencies for 1363 ==> 1359 1361 1362 1364 1365 1370 
[map.cpp:1761]: Adjacencies for 1364 ==> 1362 1363 2002 1365 
[map.cpp:1761]: Adjacencies for 1365 ==> 1363 1364 2002 1369 1370 
[map.cpp:1761]: Adjacencies for 1366 ==> 1310 1360 1361 1367 
[map.cpp:1761]: Adjacencies for 1367 ==> 1295 1310 1361 1366 2002 1368 
[map.cpp:1761]: Adjacencies for 1368 ==> 1292 1294 1295 1367 2002 
[map.cpp:1761]: Adjacencies for 1369 ==> 1365 2002 2000 2001 1370 
[map.cpp:1761]: Adjacencies for 1370 ==> 1359 1363 1365 1369 2001 
[map.cpp:1761]: Adjacencies for 1371 ==> 2001 
[map.cpp:1761]: Adjacencies for 1372 ==> 1358 2001 2000 1843 1375 
[map.cpp:1761]: Adjacencies for 1373 ==> 2000 1407 1843 1374 
[map.cpp:1761]: Adjacencies for 1374 ==> 1373 1843 1407 1844 1379 1378 
[map.cpp:1761]: Adjacencies for 1375 ==> 1356 1358 1372 1843 1376 
[map.cpp:1761]: Adjacencies for 1376 ==> 1356 1375 1843 1844 1377 1845 
[map.cpp:1761]: Adjacencies for 1377 ==> 1356 1357 1376 1845 
[map.cpp:1761]: Adjacencies for 1378 ==> 1374 1844 1379 1845 1380 1382 1381 
[map.cpp:1761]: Adjacencies for 1379 ==> 1374 1378 1407 1380 
[map.cpp:1761]: Adjacencies for 1380 ==> 1378 1379 1381 
[map.cpp:1761]: Adjacencies for 1381 ==> 1378 1380 1382 1405 1384 1385 
[map.cpp:1761]: Adjacencies for 1382 ==> 1378 1381 1845 1846 1384 
[map.cpp:1761]: Adjacencies for 1383 ==> 1355 1356 1357 1845 1846 1388 1387 
[map.cpp:1761]: Adjacencies for 1384 ==> 1381 1382 1846 1385 1399 
[map.cpp:1761]: Adjacencies for 1385 ==> 1381 1384 1399 
[map.cpp:1761]: Adjacencies for 1386 ==> 1387 1846 1390 1391 1396 
[map.cpp:1761]: Adjacencies for 1387 ==> 1383 1386 1846 1388 1389 1390 
[map.cpp:1761]: Adjacencies for 1388 ==> 1338 1354 1355 1383 1387 1389 
[map.cpp:1761]: Adjacencies for 1389 ==> 1337 1338 1387 1388 1390 1392 
[map.cpp:1761]: Adjacencies for 1390 ==> 1386 1387 1389 1391 1392 1395 
[map.cpp:1761]: Adjacencies for 1391 ==> 1386 1390 1396 1395 
[map.cpp:1761]: Adjacencies for 1392 ==> 1337 1389 1390 1393 1395 1394 
[map.cpp:1761]: Adjacencies for 1393 ==> 1101 1102 1336 1337 1392 1394 
[map.cpp:1761]: Adjacencies for 1394 ==> 1100 1101 1392 1393 1395 
[map.cpp:1761]: Adjacencies for 1395 ==> 1100 1390 1391 1392 1394 1396 
[map.cpp:1761]: Adjacencies for 1396 ==> 1100 1386 1391 1395 1846 1399 1398 1397 
[map.cpp:1761]: Adjacencies for 1397 ==> 1098 1099 1100 1396 1398 
[map.cpp:1761]: Adjacencies for 1398 ==> 1396 1397 1399 1400 
[map.cpp:1761]: Adjacencies for 1399 ==> 1384 1385 1396 1398 1846 
[map.cpp:1761]: Adjacencies for 1400 ==> 1398 1403 1402 1401 
[map.cpp:1761]: Adjacencies for 1401 ==> 1090 1091 1400 1402 1424 
[map.cpp:1761]: Adjacencies for 1402 ==> 1400 1401 1403 1423 
[map.cpp:1761]: Adjacencies for 1403 ==> 1400 1402 1404 
[map.cpp:1761]: Adjacencies for 1404 ==> 1403 1412 1405 1421 
[map.cpp:1761]: Adjacencies for 1405 ==> 1381 1404 1406 1412 
[map.cpp:1761]: Adjacencies for 1406 ==> 1405 1408 1410 1411 1412 
[map.cpp:1761]: Adjacencies for 1407 ==> 1373 1374 1379 2000 1408 
[map.cpp:1761]: Adjacencies for 1408 ==> 1406 1407 1998 1409 2000 1410 
[map.cpp:1761]: Adjacencies for 1409 ==> 1408 1994 1458 1998 1410 1457 1414 
[map.cpp:1761]: Adjacencies for 1410 ==> 1406 1408 1409 1411 1414 
[map.cpp:1761]: Adjacencies for 1411 ==> 1406 1410 1414 1412 1413 
[map.cpp:1761]: Adjacencies for 1412 ==> 1404 1405 1406 1411 1413 1421 
[map.cpp:1761]: Adjacencies for 1413 ==> 1411 1412 1414 1415 1421 1420 
[map.cpp:1761]: Adjacencies for 1414 ==> 1409 1410 1411 1413 1457 1456 1415 
[map.cpp:1761]: Adjacencies for 1415 ==> 1413 1414 1456 1454 1420 1419 1416 1418 
[map.cpp:1761]: Adjacencies for 1416 ==> 1415 1454 1453 1418 1435 1434 1433 1417 
[map.cpp:1761]: Adjacencies for 1417 ==> 1416 1418 1428 1433 1429 1432 1430 
[map.cpp:1761]: Adjacencies for 1418 ==> 1415 1416 1417 1419 1428 
[map.cpp:1761]: Adjacencies for 1419 ==> 1415 1418 1420 1422 1428 
[map.cpp:1761]: Adjacencies for 1420 ==> 1413 1415 1419 1421 1422 
[map.cpp:1761]: Adjacencies for 1421 ==> 1404 1412 1413 1420 1422 1423 
[map.cpp:1761]: Adjacencies for 1422 ==> 1419 1420 1421 1423 1425 1428 1427 
[map.cpp:1761]: Adjacencies for 1423 ==> 1402 1421 1422 1425 1424 
[map.cpp:1761]: Adjacencies for 1424 ==> 1089 1090 1401 1423 1425 
[map.cpp:1761]: Adjacencies for 1425 ==> 1088 1089 1422 1423 1424 1427 1426 
[map.cpp:1761]: Adjacencies for 1426 ==> 1083 1087 1088 1425 1427 1745 
[map.cpp:1761]: Adjacencies for 1427 ==> 1422 1425 1426 1428 1429 1745 
[map.cpp:1761]: Adjacencies for 1428 ==> 1417 1418 1419 1422 1427 1429 
[map.cpp:1761]: Adjacencies for 1429 ==> 1417 1427 1428 1430 1745 
[map.cpp:1761]: Adjacencies for 1430 ==> 1078 1079 1082 1417 1429 1432 1745 1431 1872 
[map.cpp:1761]: Adjacencies for 1431 ==> 1078 1430 1886 1432 1878 1879 
[map.cpp:1761]: Adjacencies for 1432 ==> 1417 1430 1431 1886 1881 1433 
[map.cpp:1761]: Adjacencies for 1433 ==> 1416 1417 1432 1434 1881 
[map.cpp:1761]: Adjacencies for 1434 ==> 1416 1433 1435 1436 1881 
[map.cpp:1761]: Adjacencies for 1435 ==> 1416 1434 1453 1436 
[map.cpp:1761]: Adjacencies for 1436 ==> 1434 1435 1452 1453 1438 1437 1881 
[map.cpp:1761]: Adjacencies for 1437 ==> 1436 1438 1439 1881 1885 1440 
[map.cpp:1761]: Adjacencies for 1438 ==> 1436 1437 1452 1439 
[map.cpp:1761]: Adjacencies for 1439 ==> 1437 1438 1452 1445 1444 1440 
[map.cpp:1761]: Adjacencies for 1440 ==> 1437 1439 1444 1885 1442 1441 1884 
[map.cpp:1761]: Adjacencies for 1441 ==> 595 605 606 1440 1442 1884 
[map.cpp:1761]: Adjacencies for 1442 ==> 594 595 1440 1441 1444 1443 
[map.cpp:1761]: Adjacencies for 1443 ==> 593 594 1442 1444 
[map.cpp:1761]: Adjacencies for 1444 ==> 593 1439 1440 1442 1443 1446 1445 
[map.cpp:1761]: Adjacencies for 1445 ==> 1439 1444 1446 1452 
[map.cpp:1761]: Adjacencies for 1446 ==> 593 1444 1445 1447 1451 1484 1452 
[map.cpp:1761]: Adjacencies for 1447 ==> 1446 1479 1475 1448 1451 1484 
[map.cpp:1761]: Adjacencies for 1448 ==> 1447 1467 1466 1449 1475 1451 
[map.cpp:1761]: Adjacencies for 1449 ==> 1448 1465 1464 1455 1466 1450 1451 
[map.cpp:1761]: Adjacencies for 1450 ==> 1449 1455 1454 1451 1453 1452 
[map.cpp:1761]: Adjacencies for 1451 ==> 1446 1447 1448 1449 1450 1452 
[map.cpp:1761]: Adjacencies for 1452 ==> 1436 1438 1439 1445 1446 1450 1451 1453 
[map.cpp:1761]: Adjacencies for 1453 ==> 1416 1435 1436 1450 1452 1454 
[map.cpp:1761]: Adjacencies for 1454 ==> 1415 1416 1450 1453 1455 1456 
[map.cpp:1761]: Adjacencies for 1455 ==> 1449 1450 1454 1464 1456 
[map.cpp:1761]: Adjacencies for 1456 ==> 1414 1415 1454 1455 1460 1457 1464 
[map.cpp:1761]: Adjacencies for 1457 ==> 1409 1414 1456 1458 1460 
[map.cpp:1761]: Adjacencies for 1458 ==> 1409 1457 1994 1995 1459 1460 
[map.cpp:1761]: Adjacencies for 1459 ==> 1458 1995 1461 1460 
[map.cpp:1761]: Adjacencies for 1460 ==> 1456 1457 1458 1459 1461 1464 
[map.cpp:1761]: Adjacencies for 1461 ==> 1459 1460 1996 1995 1462 1463 1464 
[map.cpp:1761]: Adjacencies for 1462 ==> 1461 1996 1997 1463 1465 
[map.cpp:1761]: Adjacencies for 1463 ==> 1461 1462 1464 1465 
[map.cpp:1761]: Adjacencies for 1464 ==> 1449 1455 1456 1460 1461 1463 1465 
[map.cpp:1761]: Adjacencies for 1465 ==> 1449 1462 1463 1464 1997 1468 1466 
[map.cpp:1761]: Adjacencies for 1466 ==> 1448 1449 1465 1468 1467 
[map.cpp:1761]: Adjacencies for 1467 ==> 1448 1466 1469 1468 1474 1475 
[map.cpp:1761]: Adjacencies for 1468 ==> 1465 1466 1467 1997 1470 1469 
[map.cpp:1761]: Adjacencies for 1469 ==> 1467 1468 1471 1470 1473 1474 
[map.cpp:1761]: Adjacencies for 1470 ==> 1468 1469 1471 1540 1997 
[map.cpp:1761]: Adjacencies for 1471 ==> 1469 1470 1540 1539 1746 1472 1473 
[map.cpp:1761]: Adjacencies for 1472 ==> 1471 1746 1473 1477 
[map.cpp:1761]: Adjacencies for 1473 ==> 1469 1471 1472 1474 1477 1476 
[map.cpp:1761]: Adjacencies for 1474 ==> 1467 1469 1473 1476 1475 
[map.cpp:1761]: Adjacencies for 1475 ==> 1447 1448 1467 1474 1476 1479 
[map.cpp:1761]: Adjacencies for 1476 ==> 1473 1474 1475 1477 1478 1479 
[map.cpp:1761]: Adjacencies for 1477 ==> 1472 1473 1476 1746 1478 1489 1480 
[map.cpp:1761]: Adjacencies for 1478 ==> 1476 1477 1480 1479 
[map.cpp:1761]: Adjacencies for 1479 ==> 1447 1475 1476 1478 1480 1484 
[map.cpp:1761]: Adjacencies for 1480 ==> 1477 1478 1479 1489 1481 1484 1483 
[map.cpp:1761]: Adjacencies for 1481 ==> 1480 1489 1488 1483 1487 1482 
[map.cpp:1761]: Adjacencies for 1482 ==> 585 586 589 1481 1487 1483 1485 1486 
[map.cpp:1761]: Adjacencies for 1483 ==> 1480 1481 1482 1484 1485 
[map.cpp:1761]: Adjacencies for 1484 ==> 593 1446 1447 1479 1480 1483 1485 
[map.cpp:1761]: Adjacencies for 1485 ==> 593 1482 1483 1484 1486 
[map.cpp:1761]: Adjacencies for 1486 ==> 589 593 1482 1485 
[map.cpp:1761]: Adjacencies for 1487 ==> 585 1481 1482 1488 1496 
[map.cpp:1761]: Adjacencies for 1488 ==> 1481 1487 1489 1492 1493 1496 
[map.cpp:1761]: Adjacencies for 1489 ==> 1477 1480 1481 1488 1746 1490 1492 
[map.cpp:1761]: Adjacencies for 1490 ==> 1489 1746 1491 1492 
[map.cpp:1761]: Adjacencies for 1491 ==> 1490 1746 1504 1494 1493 1492 
[map.cpp:1761]: Adjacencies for 1492 ==> 1488 1489 1490 1491 1493 
[map.cpp:1761]: Adjacencies for 1493 ==> 1488 1491 1492 1494 1495 1496 
[map.cpp:1761]: Adjacencies for 1494 ==> 1491 1493 1504 1503 1500 1495 
[map.cpp:1761]: Adjacencies for 1495 ==> 585 1493 1494 1500 1496 1497 
[map.cpp:1761]: Adjacencies for 1496 ==> 585 1487 1488 1493 1495 
[map.cpp:1761]: Adjacencies for 1497 ==> 584 585 1495 1500 1499 1498 
[map.cpp:1761]: Adjacencies for 1498 ==> 569 584 1497 1898 1499 
[map.cpp:1761]: Adjacencies for 1499 ==> 1497 1498 1898 1501 1500 
[map.cpp:1761]: Adjacencies for 1500 ==> 1494 1495 1497 1499 1502 1503 1501 
[map.cpp:1761]: Adjacencies for 1501 ==> 1499 1500 1502 1898 
[map.cpp:1761]: Adjacencies for 1502 ==> 1500 1501 1511 1503 1898 
[map.cpp:1761]: Adjacencies for 1503 ==> 1494 1500 1502 1510 1505 1512 1511 1504 
[map.cpp:1761]: Adjacencies for 1504 ==> 1491 1494 1503 1505 1506 1746 
[map.cpp:1761]: Adjacencies for 1505 ==> 1503 1504 1508 1506 1510 
[map.cpp:1761]: Adjacencies for 1506 ==> 1504 1505 1507 1746 1508 
[map.cpp:1761]: Adjacencies for 1507 ==> 1506 1524 1523 1746 1508 
[map.cpp:1761]: Adjacencies for 1508 ==> 1505 1506 1507 1523 1509 1510 
[map.cpp:1761]: Adjacencies for 1509 ==> 1508 1514 1522 1523 1513 1875 1510 
[map.cpp:1761]: Adjacencies for 1510 ==> 1503 1505 1508 1509 1513 1512 
[map.cpp:1761]: Adjacencies for 1511 ==> 1502 1503 1898 1512 
[map.cpp:1761]: Adjacencies for 1512 ==> 1503 1510 1511 1513 1898 
[map.cpp:1761]: Adjacencies for 1513 ==> 1509 1510 1512 1516 1514 1875 1898 
[map.cpp:1761]: Adjacencies for 1514 ==> 1509 1513 1876 1515 1522 1517 1516 
[map.cpp:1761]: Adjacencies for 1515 ==> 1514 1876 1519 1517 
[map.cpp:1761]: Adjacencies for 1516 ==> 1513 1514 1899 1517 1898 
[map.cpp:1761]: Adjacencies for 1517 ==> 1514 1515 1516 1518 1519 1899 
[map.cpp:1761]: Adjacencies for 1518 ==> 1517 1614 1615 1520 1899 1519 
[map.cpp:1761]: Adjacencies for 1519 ==> 1515 1517 1518 1520 1521 1876 
[map.cpp:1761]: Adjacencies for 1520 ==> 1518 1519 1526 1525 1614 1521 
[map.cpp:1761]: Adjacencies for 1521 ==> 1519 1520 1525 1524 1522 1876 
[map.cpp:1761]: Adjacencies for 1522 ==> 1509 1514 1521 1524 1876 1523 
[map.cpp:1761]: Adjacencies for 1523 ==> 1507 1508 1509 1522 1524 
[map.cpp:1761]: Adjacencies for 1524 ==> 1507 1521 1522 1523 1528 1535 1525 1746 
[map.cpp:1761]: Adjacencies for 1525 ==> 1520 1521 1524 1527 1528 1526 
[map.cpp:1761]: Adjacencies for 1526 ==> 1520 1525 1984 1527 1614 
[map.cpp:1761]: Adjacencies for 1527 ==> 1525 1526 1529 1984 1528 
[map.cpp:1761]: Adjacencies for 1528 ==> 1524 1525 1527 1529 1535 
[map.cpp:1761]: Adjacencies for 1529 ==> 1527 1528 1985 1530 1534 1984 1535 
[map.cpp:1761]: Adjacencies for 1530 ==> 1529 1986 1531 1533 1985 1534 
[map.cpp:1761]: Adjacencies for 1531 ==> 1530 1555 1987 1554 1553 1532 1986 1533 
[map.cpp:1761]: Adjacencies for 1532 ==> 1531 1553 1747 1533 1536 
[map.cpp:1761]: Adjacencies for 1533 ==> 1530 1531 1532 1536 1534 
[map.cpp:1761]: Adjacencies for 1534 ==> 1529 1530 1533 1536 1535 
[map.cpp:1761]: Adjacencies for 1535 ==> 1524 1528 1529 1534 1536 1537 1746 
[map.cpp:1761]: Adjacencies for 1536 ==> 1532 1533 1534 1535 1747 1538 1537 
[map.cpp:1761]: Adjacencies for 1537 ==> 1535 1536 1538 1539 1746 
[map.cpp:1761]: Adjacencies for 1538 ==> 1536 1537 1747 1542 1539 1541 
[map.cpp:1761]: Adjacencies for 1539 ==> 1471 1537 1538 1541 1540 1746 
[map.cpp:1761]: Adjacencies for 1540 ==> 1470 1471 1539 1541 1997 
[map.cpp:1761]: Adjacencies for 1541 ==> 1538 1539 1540 1996 1542 1997 
[map.cpp:1761]: Adjacencies for 1542 ==> 1538 1541 1747 1544 1996 
[map.cpp:1761]: Adjacencies for 1543 ==> 1996 
[map.cpp:1761]: Adjacencies for 1544 ==> 1542 1747 1545 1996 
[map.cpp:1761]: Adjacencies for 1545 ==> 1544 1747 1546 1996 1995 
[map.cpp:1761]: Adjacencies for 1546 ==> 1545 1747 1548 1547 1994 1995 
[map.cpp:1761]: Adjacencies for 1547 ==> 1546 1548 1993 1994 
[map.cpp:1761]: Adjacencies for 1548 ==> 1546 1547 1992 1549 1747 1993 
[map.cpp:1761]: Adjacencies for 1549 ==> 1548 1550 1991 1992 1747 
[map.cpp:1761]: Adjacencies for 1550 ==> 1549 1551 1990 1991 1747 
[map.cpp:1761]: Adjacencies for 1551 ==> 1550 1558 1989 1990 1552 1747 
[map.cpp:1761]: Adjacencies for 1552 ==> 1551 1558 1554 1747 1553 
[map.cpp:1761]: Adjacencies for 1553 ==> 1531 1532 1552 1554 1747 
[map.cpp:1761]: Adjacencies for 1554 ==> 1531 1552 1553 1556 1558 1555 
[map.cpp:1761]: Adjacencies for 1555 ==> 1531 1554 1988 1557 1556 1987 
[map.cpp:1761]: Adjacencies for 1556 ==> 1554 1555 1557 1558 
[map.cpp:1761]: Adjacencies for 1557 ==> 1555 1556 1988 1989 1558 
[map.cpp:1761]: Adjacencies for 1558 ==> 1551 1552 1554 1556 1557 1989 
[map.cpp:1761]: Adjacencies for 1559 ==> 1990 1991 
[map.cpp:1761]: Adjacencies for 1560 ==> 1561 1990 1989 
[map.cpp:1761]: Adjacencies for 1561 ==> 1560 1562 1988 1989 
[map.cpp:1761]: Adjacencies for 1562 ==> 1561 1563 1988 1564 
[map.cpp:1761]: Adjacencies for 1563 ==> 1562 1566 1564 
[map.cpp:1761]: Adjacencies for 1564 ==> 1562 1563 1566 1988 1565 
[map.cpp:1761]: Adjacencies for 1565 ==> 1564 1566 1988 1580 1987 1581 
[map.cpp:1761]: Adjacencies for 1566 ==> 1563 1564 1565 1567 1574 1573 1580 
[map.cpp:1761]: Adjacencies for 1567 ==> 1566 1568 1574 
[map.cpp:1761]: Adjacencies for 1568 ==> 1567 1569 1571 1574 
[map.cpp:1761]: Adjacencies for 1569 ==> 1568 1570 1572 1571 
[map.cpp:1761]: Adjacencies for 1570 ==> 1569 1587 1572 1586 
[map.cpp:1761]: Adjacencies for 1571 ==> 1568 1569 1572 1574 1575 1576 
[map.cpp:1761]: Adjacencies for 1572 ==> 1569 1570 1571 1586 1576 
[map.cpp:1761]: Adjacencies for 1573 ==> 1566 1574 1575 1577 1580 
[map.cpp:1761]: Adjacencies for 1574 ==> 1566 1567 1568 1571 1573 1575 
[map.cpp:1761]: Adjacencies for 1575 ==> 1571 1573 1574 1576 1577 
[map.cpp:1761]: Adjacencies for 1576 ==> 1571 1572 1575 1586 1577 1578 1585 
[map.cpp:1761]: Adjacencies for 1577 ==> 1573 1575 1576 1578 1580 
[map.cpp:1761]: Adjacencies for 1578 ==> 1576 1577 1585 1580 1579 1581 
[map.cpp:1761]: Adjacencies for 1579 ==> 1578 1585 1581 1584 
[map.cpp:1761]: Adjacencies for 1580 ==> 1565 1566 1573 1577 1578 1581 
[map.cpp:1761]: Adjacencies for 1581 ==> 1565 1578 1579 1580 1987 1584 1582 1986 
[map.cpp:1761]: Adjacencies for 1582 ==> 1581 1584 1986 1583 
[map.cpp:1761]: Adjacencies for 1583 ==> 1582 1584 1986 1597 1985 1598 
[map.cpp:1761]: Adjacencies for 1584 ==> 1579 1581 1582 1583 1585 1592 1593 1597 
[map.cpp:1761]: Adjacencies for 1585 ==> 1576 1578 1579 1584 1586 1592 
[map.cpp:1761]: Adjacencies for 1586 ==> 1570 1572 1576 1585 1587 1591 1592 
[map.cpp:1761]: Adjacencies for 1587 ==> 1570 1586 1588 1591 
[map.cpp:1761]: Adjacencies for 1588 ==> 1587 1748 1589 1591 1590 
[map.cpp:1761]: Adjacencies for 1589 ==> 1588 1748 1734 1590 1749 
[map.cpp:1761]: Adjacencies for 1590 ==> 1588 1589 1591 1749 1594 1593 
[map.cpp:1761]: Adjacencies for 1591 ==> 1586 1587 1588 1590 1592 1593 
[map.cpp:1761]: Adjacencies for 1592 ==> 1584 1585 1586 1591 1593 
[map.cpp:1761]: Adjacencies for 1593 ==> 1584 1590 1591 1592 1594 1597 1595 
[map.cpp:1761]: Adjacencies for 1594 ==> 1590 1593 1749 1595 
[map.cpp:1761]: Adjacencies for 1595 ==> 1593 1594 1749 1597 1596 1602 
[map.cpp:1761]: Adjacencies for 1596 ==> 1595 1597 1602 1598 1603 1789 1599 
[map.cpp:1761]: Adjacencies for 1597 ==> 1583 1584 1593 1595 1596 1598 
[map.cpp:1761]: Adjacencies for 1598 ==> 1583 1596 1597 1985 1599 
[map.cpp:1761]: Adjacencies for 1599 ==> 1596 1598 1789 1985 1984 1601 1600 
[map.cpp:1761]: Adjacencies for 1600 ==> 1599 1984 1601 1611 
[map.cpp:1761]: Adjacencies for 1601 ==> 1599 1600 1789 1788 1608 
[map.cpp:1761]: Adjacencies for 1602 ==> 1595 1596 1749 1603 1605 1604 
[map.cpp:1761]: Adjacencies for 1603 ==> 1596 1602 1789 1604 1788 
[map.cpp:1761]: Adjacencies for 1604 ==> 1602 1603 1605 1788 1607 1787 
[map.cpp:1761]: Adjacencies for 1605 ==> 1602 1604 1749 1606 1607 
[map.cpp:1761]: Adjacencies for 1606 ==> 1605 1749 1607 1623 
[map.cpp:1761]: Adjacencies for 1607 ==> 1604 1605 1606 1787 1621 1623 1622 
[map.cpp:1761]: Adjacencies for 1608 ==> 1601 1788 1787 1609 
[map.cpp:1761]: Adjacencies for 1609 ==> 1608 1787 1786 1611 1610 1785 1618 
[map.cpp:1761]: Adjacencies for 1610 ==> 1609 1611 1618 1612 1616 
[map.cpp:1761]: Adjacencies for 1611 ==> 1600 1609 1610 1984 1612 
[map.cpp:1761]: Adjacencies for 1612 ==> 1610 1611 1613 1984 1615 1616 1901 1899 
[map.cpp:1761]: Adjacencies for 1613 ==> 1612 1984 1614 1615 
[map.cpp:1761]: Adjacencies for 1614 ==> 1518 1520 1526 1613 1984 1615 
[map.cpp:1761]: Adjacencies for 1615 ==> 1518 1612 1613 1614 1899 
[map.cpp:1761]: Adjacencies for 1616 ==> 1610 1612 1618 1617 1901 
[map.cpp:1761]: Adjacencies for 1617 ==> 1616 1784 1618 1901 
[map.cpp:1761]: Adjacencies for 1618 ==> 1609 1610 1616 1617 1785 1784 
[map.cpp:1761]: Adjacencies for 1619 ==> 1622 1785 1620 1784 1901 
[map.cpp:1761]: Adjacencies for 1620 ==> 1619 1624 1622 1902 1901 
[map.cpp:1761]: Adjacencies for 1621 ==> 1607 1787 1786 1622 1785 
[map.cpp:1761]: Adjacencies for 1622 ==> 1607 1619 1620 1621 1623 1785 1624 
[map.cpp:1761]: Adjacencies for 1623 ==> 1606 1607 1622 1749 1629 1624 1625 1626 
[map.cpp:1761]: Adjacencies for 1624 ==> 1620 1622 1623 1625 1902 
[map.cpp:1761]: Adjacencies for 1625 ==> 1623 1624 1626 1902 
[map.cpp:1761]: Adjacencies for 1626 ==> 1623 1625 1629 1627 1902 
[map.cpp:1761]: Adjacencies for 1627 ==> 1626 1629 1628 1902 1906 
[map.cpp:1761]: Adjacencies for 1628 ==> 1627 1630 1629 1906 
[map.cpp:1761]: Adjacencies for 1629 ==> 1623 1626 1627 1628 1749 1632 1630 
[map.cpp:1761]: Adjacencies for 1630 ==> 1628 1629 1632 1631 1906 
[map.cpp:1761]: Adjacencies for 1631 ==> 1630 1632 1906 1633 1634 1913 
[map.cpp:1761]: Adjacencies for 1632 ==> 1629 1630 1631 1749 1739 1740 1633 
[map.cpp:1761]: Adjacencies for 1633 ==> 1631 1632 1740 1750 1637 1634 1635 
[map.cpp:1761]: Adjacencies for 1634 ==> 1631 1633 1913 1635 
[map.cpp:1761]: Adjacencies for 1635 ==> 1633 1634 1637 1636 1913 
[map.cpp:1761]: Adjacencies for 1636 ==> 1635 1637 1638 1639 1913 1914 
[map.cpp:1761]: Adjacencies for 1637 ==> 1633 1635 1636 1750 1638 
[map.cpp:1761]: Adjacencies for 1638 ==> 1636 1637 1750 1639 1652 1640 
[map.cpp:1761]: Adjacencies for 1639 ==> 1636 1638 1640 1914 1642 
[map.cpp:1761]: Adjacencies for 1640 ==> 1638 1639 1652 1642 1650 1641 
[map.cpp:1761]: Adjacencies for 1641 ==> 1640 1642 1650 1644 1643 
[map.cpp:1761]: Adjacencies for 1642 ==> 1639 1640 1641 1914 1643 
[map.cpp:1761]: Adjacencies for 1643 ==> 1641 1642 1914 1644 1645 
[map.cpp:1761]: Adjacencies for 1644 ==> 1641 1643 1650 1649 1646 1645 
[map.cpp:1761]: Adjacencies for 1645 ==> 1643 1644 1646 1923 1914 
[map.cpp:1761]: Adjacencies for 1646 ==> 1644 1645 1649 1647 1923 
[map.cpp:1761]: Adjacencies for 1647 ==> 1646 1648 1649 1660 1923 1924 
[map.cpp:1761]: Adjacencies for 1648 ==> 1647 1651 1650 1649 1660 
[map.cpp:1761]: Adjacencies for 1649 ==> 1644 1646 1647 1648 1650 
[map.cpp:1761]: Adjacencies for 1650 ==> 1640 1641 1644 1648 1649 1652 1651 
[map.cpp:1761]: Adjacencies for 1651 ==> 1648 1650 1655 1652 1659 1660 
[map.cpp:1761]: Adjacencies for 1652 ==> 1638 1640 1650 1651 1653 1750 1655 
[map.cpp:1761]: Adjacencies for 1653 ==> 1652 1654 1750 1655 
[map.cpp:1761]: Adjacencies for 1654 ==> 1653 1750 1656 1655 
[map.cpp:1761]: Adjacencies for 1655 ==> 1651 1652 1653 1654 1656 1659 
[map.cpp:1761]: Adjacencies for 1656 ==> 1654 1655 1750 1664 1663 1659 1657 1658 
[map.cpp:1761]: Adjacencies for 1657 ==> 1656 1663 1658 1662 1661 
[map.cpp:1761]: Adjacencies for 1658 ==> 1656 1657 1659 1661 1660 
[map.cpp:1761]: Adjacencies for 1659 ==> 1651 1655 1656 1658 1660 
[map.cpp:1761]: Adjacencies for 1660 ==> 1647 1648 1651 1658 1659 1661 1924 
[map.cpp:1761]: Adjacencies for 1661 ==> 1657 1658 1660 1662 1929 1924 
[map.cpp:1761]: Adjacencies for 1662 ==> 1657 1661 1665 1663 1666 1929 
[map.cpp:1761]: Adjacencies for 1663 ==> 1656 1657 1662 1664 1665 
[map.cpp:1761]: Adjacencies for 1664 ==> 1656 1663 1750 1685 1673 1665 
[map.cpp:1761]: Adjacencies for 1665 ==> 1662 1663 1664 1673 1672 1666 
[map.cpp:1761]: Adjacencies for 1666 ==> 1662 1665 1672 1670 1929 1667 1930 
[map.cpp:1761]: Adjacencies for 1667 ==> 1666 1670 1930 1668 
[map.cpp:1761]: Adjacencies for 1668 ==> 1667 1669 1670 1931 1930 
[map.cpp:1761]: Adjacencies for 1669 ==> 1668 1675 1674 1671 1931 1670 
[map.cpp:1761]: Adjacencies for 1670 ==> 1666 1667 1668 1669 1671 1672 
[map.cpp:1761]: Adjacencies for 1671 ==> 1669 1670 1674 1673 1672 
[map.cpp:1761]: Adjacencies for 1672 ==> 1665 1666 1670 1671 1673 
[map.cpp:1761]: Adjacencies for 1673 ==> 1664 1665 1671 1672 1685 1674 
[map.cpp:1761]: Adjacencies for 1674 ==> 1669 1671 1673 1677 1676 1675 
[map.cpp:1761]: Adjacencies for 1675 ==> 1669 1674 1678 1676 1931 
[map.cpp:1761]: Adjacencies for 1676 ==> 1674 1675 1677 1678 
[map.cpp:1761]: Adjacencies for 1677 ==> 1674 1676 1681 1678 
[map.cpp:1761]: Adjacencies for 1678 ==> 1675 1676 1677 1932 1681 1931 
[map.cpp:1761]: Adjacencies for 1679 ==> 1932 
[map.cpp:1761]: Adjacencies for 1680 ==> 1688 1751 1752 1682 1932 1681 
[map.cpp:1761]: Adjacencies for 1681 ==> 1677 1678 1680 1682 1932 1683 
[map.cpp:1761]: Adjacencies for 1682 ==> 1680 1681 1751 1687 1686 1683 1684 
[map.cpp:1761]: Adjacencies for 1683 ==> 1681 1682 1684 
[map.cpp:1761]: Adjacencies for 1684 ==> 1682 1683 1686 1685 
[map.cpp:1761]: Adjacencies for 1685 ==> 1664 1673 1684 1686 1750 
[map.cpp:1761]: Adjacencies for 1686 ==> 1682 1684 1685 1687 1750 
[map.cpp:1761]: Adjacencies for 1687 ==> 1682 1686 1751 1693 1750 
[map.cpp:1761]: Adjacencies for 1688 ==> 1680 1689 1751 1752 
[map.cpp:1761]: Adjacencies for 1689 ==> 1688 1690 1752 1751 
[map.cpp:1761]: Adjacencies for 1690 ==> 1689 1752 1691 1751 
[map.cpp:1761]: Adjacencies for 1691 ==> 1690 1699 1698 1752 1692 1751 
[map.cpp:1761]: Adjacencies for 1692 ==> 1691 1698 1696 1694 1693 1751 
[map.cpp:1761]: Adjacencies for 1693 ==> 1687 1692 1694 1710 1751 1750 
[map.cpp:1761]: Adjacencies for 1694 ==> 1692 1693 1695 1709 1696 1711 1710 
[map.cpp:1761]: Adjacencies for 1695 ==> 1694 1705 1706 1704 1708 1697 1696 1709 
[map.cpp:1761]: Adjacencies for 1696 ==> 1692 1694 1695 1697 1698 
[map.cpp:1761]: Adjacencies for 1697 ==> 1695 1696 1704 1702 1698 
[map.cpp:1761]: Adjacencies for 1698 ==> 1691 1692 1696 1697 1702 1699 
[map.cpp:1761]: Adjacencies for 1699 ==> 1691 1698 1701 1702 1700 1752 
[map.cpp:1761]: Adjacencies for 1700 ==> 1699 1701 1752 
[map.cpp:1761]: Adjacencies for 1701 ==> 1699 1700 1703 1702 
[map.cpp:1761]: Adjacencies for 1702 ==> 1697 1698 1699 1701 1703 1704 
[map.cpp:1761]: Adjacencies for 1703 ==> 1701 1702 1705 1704 
[map.cpp:1761]: Adjacencies for 1704 ==> 1695 1697 1702 1703 1705 
[map.cpp:1761]: Adjacencies for 1705 ==> 1695 1703 1704 1706 
[map.cpp:1761]: Adjacencies for 1706 ==> 1695 1705 1707 1708 
[map.cpp:1761]: Adjacencies for 1707 ==> 1706 1714 1708 1709 
[map.cpp:1761]: Adjacencies for 1708 ==> 1695 1706 1707 1709 
[map.cpp:1761]: Adjacencies for 1709 ==> 1694 1695 1707 1708 1714 1713 1712 1711 
[map.cpp:1761]: Adjacencies for 1710 ==> 1693 1694 1711 1750 
[map.cpp:1761]: Adjacencies for 1711 ==> 1694 1709 1710 1712 1750 
[map.cpp:1761]: Adjacencies for 1712 ==> 1709 1711 1713 1717 1750 
[map.cpp:1761]: Adjacencies for 1713 ==> 1709 1712 1714 1716 1717 
[map.cpp:1761]: Adjacencies for 1714 ==> 1707 1709 1713 1715 1716 
[map.cpp:1761]: Adjacencies for 1715 ==> 1714 1720 1716 1719 1718 
[map.cpp:1761]: Adjacencies for 1716 ==> 1713 1714 1715 1718 1717 
[map.cpp:1761]: Adjacencies for 1717 ==> 1712 1713 1716 1718 1719 1723 1750 
[map.cpp:1761]: Adjacencies for 1718 ==> 1715 1716 1717 1719 
[map.cpp:1761]: Adjacencies for 1719 ==> 1715 1717 1718 1720 1723 
[map.cpp:1761]: Adjacencies for 1720 ==> 1715 1719 1721 1722 1723 
[map.cpp:1761]: Adjacencies for 1721 ==> 1720 1727 1726 1722 
[map.cpp:1761]: Adjacencies for 1722 ==> 1720 1721 1726 1723 1725 
[map.cpp:1761]: Adjacencies for 1723 ==> 1717 1719 1720 1722 1724 1725 1750 
[map.cpp:1761]: Adjacencies for 1724 ==> 1723 1725 1750 
[map.cpp:1761]: Adjacencies for 1725 ==> 1722 1723 1724 1726 1736 1737 1750 
[map.cpp:1761]: Adjacencies for 1726 ==> 1721 1722 1725 1727 1729 1728 1736 
[map.cpp:1761]: Adjacencies for 1727 ==> 1721 1726 1729 
[map.cpp:1761]: Adjacencies for 1728 ==> 1726 1729 1877 1736 
[map.cpp:1761]: Adjacencies for 1729 ==> 1726 1727 1728 1730 1877 
[map.cpp:1761]: Adjacencies for 1730 ==> 1729 1731 1877 1735 
[map.cpp:1761]: Adjacencies for 1731 ==> 1730 1748 1732 1735 
[map.cpp:1761]: Adjacencies for 1732 ==> 1731 1748 1733 1735 1749 
[map.cpp:1761]: Adjacencies for 1733 ==> 1732 1748 1734 1749 
[map.cpp:1761]: Adjacencies for 1734 ==> 1589 1733 1748 1749 
[map.cpp:1761]: Adjacencies for 1735 ==> 1730 1731 1732 1877 1736 1749 
[map.cpp:1761]: Adjacencies for 1736 ==> 1725 1726 1728 1735 1877 1749 1737 
[map.cpp:1761]: Adjacencies for 1737 ==> 1725 1736 1749 1750 1738 
[map.cpp:1761]: Adjacencies for 1738 ==> 1737 1749 1750 1739 1740 
[map.cpp:1761]: Adjacencies for 1739 ==> 1632 1738 1749 1740 
[map.cpp:1761]: Adjacencies for 1740 ==> 1632 1633 1738 1739 1750 
[map.cpp:1761]: Adjacencies for 1741 ==> 914 917 918 919 920 921 922 923 933 934 943 944 946 957 958 959 997 998 999 1001 1003 1005 1007 1008 1871 1983 
[map.cpp:1761]: Adjacencies for 1742 ==> 1171 1172 1174 1175 1176 1193 1194 
[map.cpp:1761]: Adjacencies for 1743 ==> 1040 1041 1042 1043 1044 1045 1047 1048 1051 1052 1053 1054 1055 1056 
[map.cpp:1761]: Adjacencies for 1744 ==> 1068 1069 1070 1071 1081 1084 1085 1869 
[map.cpp:1761]: Adjacencies for 1745 ==> 1082 1083 1426 1427 1429 1430 
[map.cpp:1761]: Adjacencies for 1746 ==> 1471 1472 1477 1489 1490 1491 1504 1506 1507 1524 1535 1537 1539 
[map.cpp:1761]: Adjacencies for 1747 ==> 1532 1536 1538 1542 1544 1545 1546 1548 1549 1550 1551 1552 1553 
[map.cpp:1761]: Adjacencies for 1748 ==> 1588 1589 1731 1732 1733 1734 
[map.cpp:1761]: Adjacencies for 1749 ==> 1589 1590 1594 1595 1602 1605 1606 1623 1629 1632 1732 1733 1734 1735 1736 1737 1738 1739 
[map.cpp:1761]: Adjacencies for 1750 ==> 1633 1637 1638 1652 1653 1654 1656 1664 1685 1686 1687 1693 1710 1711 1712 1717 1723 1724 1725 1737 1738 1740 
[map.cpp:1761]: Adjacencies for 1751 ==> 1680 1682 1687 1688 1689 1690 1691 1692 1693 
[map.cpp:1761]: Adjacencies for 1752 ==> 1680 1688 1689 1690 1691 1699 1700 1932 
[map.cpp:1761]: Adjacencies for 1753 ==> 1155 
[map.cpp:1761]: Adjacencies for 1754 ==> 1167 
[map.cpp:1761]: Adjacencies for 1755 ==> NONE
[map.cpp:1761]: Adjacencies for 1756 ==> 613 614 615 616 638 1888 1757 
[map.cpp:1761]: Adjacencies for 1757 ==> 616 620 637 638 1756 1758 
[map.cpp:1761]: Adjacencies for 1758 ==> 637 638 639 890 1757 1759 
[map.cpp:1761]: Adjacencies for 1759 ==> 639 827 828 829 890 891 1758 
[map.cpp:1761]: Adjacencies for 1760 ==> 644 645 651 1889 1761 
[map.cpp:1761]: Adjacencies for 1761 ==> 641 644 651 652 861 1760 1762 
[map.cpp:1761]: Adjacencies for 1762 ==> 652 842 858 859 861 862 863 1761 1766 1769 1763 
[map.cpp:1761]: Adjacencies for 1763 ==> 841 842 852 858 1762 1764 
[map.cpp:1761]: Adjacencies for 1764 ==> 841 843 851 852 1763 1765 
[map.cpp:1761]: Adjacencies for 1765 ==> 820 843 845 846 850 851 1764 
[map.cpp:1761]: Adjacencies for 1766 ==> 839 840 842 859 860 1762 1767 
[map.cpp:1761]: Adjacencies for 1767 ==> 835 836 839 840 1766 1768 
[map.cpp:1761]: Adjacencies for 1768 ==> 834 835 836 844 845 1767 
[map.cpp:1761]: Adjacencies for 1769 ==> 857 858 864 1762 1770 
[map.cpp:1761]: Adjacencies for 1770 ==> 856 857 858 873 874 1769 
[map.cpp:1761]: Adjacencies for 1771 ==> 656 657 661 1889 1772 
[map.cpp:1761]: Adjacencies for 1772 ==> 654 657 658 867 1771 1773 
[map.cpp:1761]: Adjacencies for 1773 ==> 658 867 868 869 870 1772 
[map.cpp:1761]: Adjacencies for 1774 ==> 532 533 662 663 666 1775 1890 
[map.cpp:1761]: Adjacencies for 1775 ==> 529 531 533 666 667 1774 1776 
[map.cpp:1761]: Adjacencies for 1776 ==> 529 667 669 1775 1777 
[map.cpp:1761]: Adjacencies for 1777 ==> 523 524 529 669 670 671 692 1776 1778 
[map.cpp:1761]: Adjacencies for 1778 ==> 523 672 673 691 692 1777 1779 
[map.cpp:1761]: Adjacencies for 1779 ==> 673 689 690 691 693 694 1778 1780 
[map.cpp:1761]: Adjacencies for 1780 ==> 689 694 707 1779 1781 
[map.cpp:1761]: Adjacencies for 1781 ==> 211 212 213 689 707 708 709 1780 1782 
[map.cpp:1761]: Adjacencies for 1782 ==> 202 203 204 207 208 210 211 212 1781 1783 
[map.cpp:1761]: Adjacencies for 1783 ==> 201 202 204 233 234 235 236 237 1782 
[map.cpp:1761]: Adjacencies for 1784 ==> 1617 1618 1619 1785 1901 
[map.cpp:1761]: Adjacencies for 1785 ==> 1609 1618 1619 1621 1622 1784 1786 
[map.cpp:1761]: Adjacencies for 1786 ==> 1609 1621 1785 1787 
[map.cpp:1761]: Adjacencies for 1787 ==> 1604 1607 1608 1609 1621 1786 1788 
[map.cpp:1761]: Adjacencies for 1788 ==> 1601 1603 1604 1608 1787 1789 
[map.cpp:1761]: Adjacencies for 1789 ==> 1596 1599 1601 1603 1788 
[map.cpp:1761]: Adjacencies for 1790 ==> 401 402 405 1933 1791 
[map.cpp:1761]: Adjacencies for 1791 ==> 402 404 405 416 1790 
[map.cpp:1761]: Adjacencies for 1792 ==> 392 393 395 1933 1934 1793 
[map.cpp:1761]: Adjacencies for 1793 ==> 392 394 395 408 1792 
[map.cpp:1761]: Adjacencies for 1794 ==> 313 315 316 317 1795 1939 
[map.cpp:1761]: Adjacencies for 1795 ==> 315 316 321 327 1794 
[map.cpp:1761]: Adjacencies for 1796 ==> 290 291 308 309 1940 1797 
[map.cpp:1761]: Adjacencies for 1797 ==> 284 289 290 291 293 1796 
[map.cpp:1761]: Adjacencies for 1798 ==> 274 295 296 298 1799 1950 
[map.cpp:1761]: Adjacencies for 1799 ==> 274 280 281 295 1798 
[map.cpp:1761]: Adjacencies for 1800 ==> 251 253 255 261 263 264 1801 1965 
[map.cpp:1761]: Adjacencies for 1801 ==> 243 253 254 255 1800 1802 
[map.cpp:1761]: Adjacencies for 1802 ==> 193 243 254 1801 
[map.cpp:1761]: Adjacencies for 1803 ==> 178 186 187 727 728 729 1804 1966 
[map.cpp:1761]: Adjacencies for 1804 ==> 187 726 729 1803 1805 
[map.cpp:1761]: Adjacencies for 1805 ==> 187 188 189 721 722 723 724 726 1804 1806 
[map.cpp:1761]: Adjacencies for 1806 ==> 717 719 720 721 724 1805 1807 
[map.cpp:1761]: Adjacencies for 1807 ==> 717 718 719 1806 
[map.cpp:1761]: Adjacencies for 1808 ==> 738 755 761 762 1809 1969 
[map.cpp:1761]: Adjacencies for 1809 ==> 738 739 754 755 1808 1810 
[map.cpp:1761]: Adjacencies for 1810 ==> 754 755 756 757 758 1809 1811 
[map.cpp:1761]: Adjacencies for 1811 ==> 749 750 751 757 758 1810 1812 
[map.cpp:1761]: Adjacencies for 1812 ==> 748 749 751 1811 
[map.cpp:1761]: Adjacencies for 1813 ==> 775 776 777 778 779 1814 1971 
[map.cpp:1761]: Adjacencies for 1814 ==> 778 779 780 848 849 1813 1819 
[map.cpp:1761]: Adjacencies for 1815 ==> 128 789 798 1975 1816 
[map.cpp:1761]: Adjacencies for 1816 ==> 126 127 128 798 799 1815 1817 1820 
[map.cpp:1761]: Adjacencies for 1817 ==> 796 797 798 799 1816 1818 
[map.cpp:1761]: Adjacencies for 1818 ==> 794 795 796 797 1817 1822 
[map.cpp:1761]: Adjacencies for 1819 ==> 846 847 848 849 850 1814 
[map.cpp:1761]: Adjacencies for 1820 ==> 126 799 800 1816 1821 
[map.cpp:1761]: Adjacencies for 1821 ==> 125 126 800 898 900 1820 1833 
[map.cpp:1761]: Adjacencies for 1822 ==> 793 794 795 847 848 1818 
[map.cpp:1761]: Adjacencies for 1823 ==> 619 620 622 623 1883 1824 
[map.cpp:1761]: Adjacencies for 1824 ==> 620 621 622 637 1823 1825 
[map.cpp:1761]: Adjacencies for 1825 ==> 621 636 637 889 1824 1826 
[map.cpp:1761]: Adjacencies for 1826 ==> 635 636 888 889 1825 1827 
[map.cpp:1761]: Adjacencies for 1827 ==> 634 635 886 888 1826 1828 
[map.cpp:1761]: Adjacencies for 1828 ==> 881 886 887 888 1827 1840 1829 
[map.cpp:1761]: Adjacencies for 1829 ==> 811 812 881 887 893 894 1828 1830 
[map.cpp:1761]: Adjacencies for 1830 ==> 811 812 813 1829 1834 1831 
[map.cpp:1761]: Adjacencies for 1831 ==> 805 810 811 813 814 1830 1832 
[map.cpp:1761]: Adjacencies for 1832 ==> 805 806 807 810 1831 1833 
[map.cpp:1761]: Adjacencies for 1833 ==> 800 807 808 809 810 898 1821 1832 
[map.cpp:1761]: Adjacencies for 1834 ==> 812 813 825 892 1830 1835 
[map.cpp:1761]: Adjacencies for 1835 ==> 824 825 826 829 892 1834 1836 1838 
[map.cpp:1761]: Adjacencies for 1836 ==> 821 822 829 830 831 1835 1837 1838 
[map.cpp:1761]: Adjacencies for 1837 ==> 821 831 832 833 834 1836 
[map.cpp:1761]: Adjacencies for 1838 ==> 817 819 822 823 824 1835 1836 1839 
[map.cpp:1761]: Adjacencies for 1839 ==> 795 802 817 818 819 820 847 1838 
[map.cpp:1761]: Adjacencies for 1840 ==> 881 882 883 884 885 886 938 1828 
[map.cpp:1761]: Adjacencies for 1841 ==> 883 937 938 
[map.cpp:1761]: Adjacencies for 1842 ==> 934 935 936 
[map.cpp:1761]: Adjacencies for 1843 ==> 1372 1373 1374 1375 1376 2000 1844 
[map.cpp:1761]: Adjacencies for 1844 ==> 1374 1376 1378 1843 1845 
[map.cpp:1761]: Adjacencies for 1845 ==> 1357 1376 1377 1378 1382 1383 1844 1846 
[map.cpp:1761]: Adjacencies for 1846 ==> 1382 1383 1384 1386 1387 1396 1399 1845 
[map.cpp:1761]: Adjacencies for 1847 ==> 1191 1192 1194 1195 2014 1848 1852 
[map.cpp:1761]: Adjacencies for 1848 ==> 1182 1185 1186 1191 1847 1852 1849 
[map.cpp:1761]: Adjacencies for 1849 ==> 1184 1185 1186 1206 1207 1208 1210 1848 1851 
[map.cpp:1761]: Adjacencies for 1850 ==> 1323 1325 1326 1327 1332 1333 1334 1335 1340 1851 
[map.cpp:1761]: Adjacencies for 1851 ==> 1205 1206 1210 1211 1212 1213 1322 1323 1327 1849 1850 
[map.cpp:1761]: Adjacencies for 1852 ==> 1177 1178 1181 1182 1183 1192 1847 1848 1853 
[map.cpp:1761]: Adjacencies for 1853 ==> 1175 1177 1178 1852 
[map.cpp:1761]: Adjacencies for 1854 ==> 2 3 4 
[map.cpp:1761]: Adjacencies for 1855 ==> 1 2 4 10 
[map.cpp:1761]: Adjacencies for 1856 ==> 11 
[map.cpp:1761]: Adjacencies for 1857 ==> 132 133 134 
[map.cpp:1761]: Adjacencies for 1858 ==> 127 128 129 130 
[map.cpp:1761]: Adjacencies for 1859 ==> 122 129 130 131 132 
[map.cpp:1761]: Adjacencies for 1860 ==> 122 123 
[map.cpp:1761]: Adjacencies for 1861 ==> 129 132 134 
[map.cpp:1761]: Adjacencies for 1862 ==> 143 145 146 1972 
[map.cpp:1761]: Adjacencies for 1863 ==> 154 155 156 157 159 
[map.cpp:1761]: Adjacencies for 1864 ==> 142 157 158 159 
[map.cpp:1761]: Adjacencies for 1865 ==> 143 146 156 
[map.cpp:1761]: Adjacencies for 1866 ==> 782 788 789 790 791 792 
[map.cpp:1761]: Adjacencies for 1867 ==> 232 233 237 
[map.cpp:1761]: Adjacencies for 1868 ==> 347 351 352 
[map.cpp:1761]: Adjacencies for 1869 ==> 1071 1072 1073 1080 1081 1744 
[map.cpp:1761]: Adjacencies for 1870 ==> 982 983 984 985 1062 1063 1064 
[map.cpp:1761]: Adjacencies for 1871 ==> 1005 1006 1007 1741 
[map.cpp:1761]: Adjacencies for 1872 ==> 1079 1082 1430 
[map.cpp:1761]: Adjacencies for 1873 ==> 966 967 988 
[map.cpp:1761]: Adjacencies for 1874 ==> 1038 
[map.cpp:1761]: Adjacencies for 1875 ==> 1509 1513 
[map.cpp:1761]: Adjacencies for 1876 ==> 1514 1515 1519 1521 1522 
[map.cpp:1761]: Adjacencies for 1877 ==> 1728 1729 1730 1735 1736 
[map.cpp:1761]: Adjacencies for 1878 ==> 1077 1078 1431 1885 1886 1884 1879 1880 
[map.cpp:1761]: Adjacencies for 1879 ==> 1078 1431 1878 
[map.cpp:1761]: Adjacencies for 1880 ==> 1076 1077 1878 1883 1882 
[map.cpp:1761]: Adjacencies for 1881 ==> 1432 1433 1434 1436 1437 1885 1886 
[map.cpp:1761]: Adjacencies for 1882 ==> 627 1075 1076 1880 1883 
[map.cpp:1761]: Adjacencies for 1883 ==> 608 619 623 627 1823 1880 1882 1884 
[map.cpp:1761]: Adjacencies for 1884 ==> 606 607 608 1440 1441 1878 1883 1885 
[map.cpp:1761]: Adjacencies for 1885 ==> 1437 1440 1878 1881 1884 1886 
[map.cpp:1761]: Adjacencies for 1886 ==> 1431 1432 1878 1881 1885 
[map.cpp:1761]: Adjacencies for 1887 ==> 546 577 578 579 1892 1890 1891 1889 
[map.cpp:1761]: Adjacencies for 1888 ==> 613 615 643 644 645 646 648 649 650 1756 1889 1891 
[map.cpp:1761]: Adjacencies for 1889 ==> 645 646 647 648 651 655 656 661 662 1760 1771 1887 1888 1890 1891 
[map.cpp:1761]: Adjacencies for 1890 ==> 532 533 534 540 662 1774 1887 1889 1892 
[map.cpp:1761]: Adjacencies for 1891 ==> 579 580 581 582 598 599 600 650 1887 1888 1889 
[map.cpp:1761]: Adjacencies for 1892 ==> 538 539 540 541 543 544 545 546 547 548 1887 1890 1894 
[map.cpp:1761]: Adjacencies for 1893 ==> 494 495 496 497 498 500 501 537 1896 1894 
[map.cpp:1761]: Adjacencies for 1894 ==> 493 537 538 542 543 558 559 560 1892 1893 1895 1896 
[map.cpp:1761]: Adjacencies for 1895 ==> 492 493 559 561 562 1894 1896 1900 1897 
[map.cpp:1761]: Adjacencies for 1896 ==> 491 492 493 494 501 502 503 1893 1894 1895 1904 
[map.cpp:1761]: Adjacencies for 1897 ==> 561 562 563 564 565 566 567 1895 1900 1898 
[map.cpp:1761]: Adjacencies for 1898 ==> 564 565 567 568 569 1498 1499 1501 1502 1511 1512 1513 1516 1897 1899 1900 
[map.cpp:1761]: Adjacencies for 1899 ==> 1516 1517 1518 1612 1615 1898 1901 1900 
[map.cpp:1761]: Adjacencies for 1900 ==> 492 561 1895 1897 1898 1899 1903 1901 
[map.cpp:1761]: Adjacencies for 1901 ==> 1612 1616 1617 1619 1620 1784 1899 1900 1902 1903 
[map.cpp:1761]: Adjacencies for 1902 ==> 1620 1624 1625 1626 1627 1901 1906 1903 
[map.cpp:1761]: Adjacencies for 1903 ==> 491 492 1900 1901 1902 1906 1905 1904 
[map.cpp:1761]: Adjacencies for 1904 ==> 491 503 504 505 1896 1903 1905 1907 
[map.cpp:1761]: Adjacencies for 1905 ==> 1903 1904 1912 1906 1911 1907 
[map.cpp:1761]: Adjacencies for 1906 ==> 1627 1628 1630 1631 1902 1903 1905 1913 1912 
[map.cpp:1761]: Adjacencies for 1907 ==> 500 501 502 505 506 507 509 510 1904 1905 1911 1908 
[map.cpp:1761]: Adjacencies for 1908 ==> 478 479 508 511 515 516 1907 1911 1909 
[map.cpp:1761]: Adjacencies for 1909 ==> 471 476 477 478 516 517 518 519 679 680 1908 1910 
[map.cpp:1761]: Adjacencies for 1910 ==> 221 222 224 449 450 451 452 468 469 470 471 680 681 682 683 1909 
[map.cpp:1761]: Adjacencies for 1911 ==> 479 480 482 483 484 485 489 1905 1907 1908 1912 1915 
[map.cpp:1761]: Adjacencies for 1912 ==> 488 489 490 1905 1906 1911 1913 1914 
[map.cpp:1761]: Adjacencies for 1913 ==> 1631 1634 1635 1636 1906 1912 1914 
[map.cpp:1761]: Adjacencies for 1914 ==> 487 1636 1639 1642 1643 1645 1912 1913 1915 1917 1923 1918 
[map.cpp:1761]: Adjacencies for 1915 ==> 484 485 486 487 1911 1914 1917 1916 
[map.cpp:1761]: Adjacencies for 1916 ==> 472 473 474 481 482 483 484 1915 1917 1919 
[map.cpp:1761]: Adjacencies for 1917 ==> 1914 1915 1916 1918 1919 
[map.cpp:1761]: Adjacencies for 1918 ==> 428 429 432 1914 1917 1923 1919 1920 
[map.cpp:1761]: Adjacencies for 1919 ==> 460 461 462 463 464 472 1916 1917 1918 1920 
[map.cpp:1761]: Adjacencies for 1920 ==> 432 433 434 435 436 456 460 1918 1919 1921 
[map.cpp:1761]: Adjacencies for 1921 ==> 359 360 431 432 433 434 436 1920 1922 1926 
[map.cpp:1761]: Adjacencies for 1922 ==> 428 430 431 1921 1925 1923 1926 
[map.cpp:1761]: Adjacencies for 1923 ==> 428 1645 1646 1647 1914 1918 1922 1924 1925 
[map.cpp:1761]: Adjacencies for 1924 ==> 1647 1660 1661 1923 1929 1928 1925 
[map.cpp:1761]: Adjacencies for 1925 ==> 426 427 1922 1923 1924 1928 1927 1926 
[map.cpp:1761]: Adjacencies for 1926 ==> 324 325 359 361 362 365 1921 1922 1925 1927 
[map.cpp:1761]: Adjacencies for 1927 ==> 365 366 423 424 425 1925 1926 1928 
[map.cpp:1761]: Adjacencies for 1928 ==> 419 420 421 423 1924 1925 1927 1930 1929 
[map.cpp:1761]: Adjacencies for 1929 ==> 1661 1662 1666 1924 1928 1930 
[map.cpp:1761]: Adjacencies for 1930 ==> 403 418 419 1666 1667 1668 1928 1929 1931 1933 
[map.cpp:1761]: Adjacencies for 1931 ==> 1668 1669 1675 1678 1930 1932 1933 
[map.cpp:1761]: Adjacencies for 1932 ==> 1678 1679 1680 1681 1752 1931 
[map.cpp:1761]: Adjacencies for 1933 ==> 393 397 398 399 400 401 402 403 1790 1792 1930 1931 1934 
[map.cpp:1761]: Adjacencies for 1934 ==> 387 388 391 392 1792 1933 1935 
[map.cpp:1761]: Adjacencies for 1935 ==> 386 1934 1937 1936 1942 
[map.cpp:1761]: Adjacencies for 1936 ==> 1935 1937 1938 1939 1940 1942 1941 
[map.cpp:1761]: Adjacencies for 1937 ==> 374 384 386 1935 1936 1938 
[map.cpp:1761]: Adjacencies for 1938 ==> 318 319 371 373 374 1936 1937 1939 
[map.cpp:1761]: Adjacencies for 1939 ==> 310 313 317 318 1794 1936 1938 1940 
[map.cpp:1761]: Adjacencies for 1940 ==> 304 306 308 309 310 1796 1936 1939 1941 
[map.cpp:1761]: Adjacencies for 1941 ==> 303 304 1936 1940 1942 1949 1943 1948 1947 
[map.cpp:1761]: Adjacencies for 1942 ==> 1935 1936 1941 1943 
[map.cpp:1761]: Adjacencies for 1943 ==> 13 14 15 16 1941 1942 1947 1944 
[map.cpp:1761]: Adjacencies for 1944 ==> 1 9 10 11 12 13 1943 1945 
[map.cpp:1761]: Adjacencies for 1945 ==> 1 2 3 75 76 77 83 84 85 1944 1946 1956 1957 
[map.cpp:1761]: Adjacencies for 1946 ==> 3 4 5 6 19 23 24 25 57 58 63 70 71 72 73 74 75 1945 1947 
[map.cpp:1761]: Adjacencies for 1947 ==> 16 17 19 20 21 22 23 24 31 32 33 34 35 36 37 1941 1943 1946 1948 
[map.cpp:1761]: Adjacencies for 1948 ==> 33 34 40 1941 1947 1949 1950 1951 
[map.cpp:1761]: Adjacencies for 1949 ==> 300 301 302 303 307 1941 1948 1950 
[map.cpp:1761]: Adjacencies for 1950 ==> 295 298 299 300 1798 1948 1949 1952 1951 
[map.cpp:1761]: Adjacencies for 1951 ==> 40 41 42 43 1948 1950 1952 
[map.cpp:1761]: Adjacencies for 1952 ==> 43 44 46 47 50 268 269 270 271 273 297 298 1950 1951 1965 1953 
[map.cpp:1761]: Adjacencies for 1953 ==> 50 51 52 1952 1965 1964 1954 
[map.cpp:1761]: Adjacencies for 1954 ==> 52 59 61 67 1953 1964 1955 
[map.cpp:1761]: Adjacencies for 1955 ==> 65 66 67 68 69 79 80 82 1954 1964 1963 1956 
[map.cpp:1761]: Adjacencies for 1956 ==> 82 83 84 85 86 1945 1955 1963 1962 1957 
[map.cpp:1761]: Adjacencies for 1957 ==> 88 1945 1956 1962 1961 1958 
[map.cpp:1761]: Adjacencies for 1958 ==> 89 92 1957 1961 1959 1960 
[map.cpp:1761]: Adjacencies for 1959 ==> 89 90 1958 1960 
[map.cpp:1761]: Adjacencies for 1960 ==> 90 91 92 1958 1959 1961 
[map.cpp:1761]: Adjacencies for 1961 ==> 1957 1958 1960 1962 1977 
[map.cpp:1761]: Adjacencies for 1962 ==> 87 1956 1957 1961 1963 1977 
[map.cpp:1761]: Adjacencies for 1963 ==> 1955 1956 1962 1964 1976 1977 
[map.cpp:1761]: Adjacencies for 1964 ==> 1953 1954 1955 1963 1965 1966 1976 
[map.cpp:1761]: Adjacencies for 1965 ==> 256 257 258 259 260 261 262 263 264 267 268 1800 1952 1953 1964 1966 
[map.cpp:1761]: Adjacencies for 1966 ==> 97 171 172 173 174 176 177 178 258 727 1803 1964 1965 1967 1976 
[map.cpp:1761]: Adjacencies for 1967 ==> 93 94 95 96 97 159 165 166 167 170 171 172 1966 1968 
[map.cpp:1761]: Adjacencies for 1968 ==> 164 165 167 168 169 170 174 175 728 729 730 731 732 733 735 1967 1969 1970 
[map.cpp:1761]: Adjacencies for 1969 ==> 164 735 736 737 738 762 763 1808 1968 1970 1971 
[map.cpp:1761]: Adjacencies for 1970 ==> 148 149 150 151 152 163 164 165 1968 1969 1971 1972 
[map.cpp:1761]: Adjacencies for 1971 ==> 148 763 764 765 772 773 775 777 784 785 786 1813 1969 1970 1972 1975 
[map.cpp:1761]: Adjacencies for 1972 ==> 137 144 145 146 147 148 155 1862 1970 1971 1975 1973 
[map.cpp:1761]: Adjacencies for 1973 ==> 121 133 137 138 139 140 1972 1974 
[map.cpp:1761]: Adjacencies for 1974 ==> 118 120 121 122 1973 
[map.cpp:1761]: Adjacencies for 1975 ==> 128 135 136 786 787 788 789 1815 1971 1972 
[map.cpp:1761]: Adjacencies for 1976 ==> 98 99 100 101 102 103 1963 1964 1966 1977 1978 
[map.cpp:1761]: Adjacencies for 1977 ==> 1961 1962 1963 1976 1978 1979 
[map.cpp:1761]: Adjacencies for 1978 ==> 103 110 111 112 1976 1977 1979 
[map.cpp:1761]: Adjacencies for 1979 ==> 112 113 114 1977 1978 1980 
[map.cpp:1761]: Adjacencies for 1980 ==> 114 115 902 903 911 912 1979 1981 1982 
[map.cpp:1761]: Adjacencies for 1981 ==> 115 116 124 125 900 901 902 904 1980 
[map.cpp:1761]: Adjacencies for 1982 ==> 910 912 913 915 1980 1983 
[map.cpp:1761]: Adjacencies for 1983 ==> 913 914 915 1741 1982 
[map.cpp:1761]: Adjacencies for 1984 ==> 1526 1527 1529 1599 1600 1611 1612 1613 1614 1985 
[map.cpp:1761]: Adjacencies for 1985 ==> 1529 1530 1583 1598 1599 1984 1986 
[map.cpp:1761]: Adjacencies for 1986 ==> 1530 1531 1581 1582 1583 1985 1987 
[map.cpp:1761]: Adjacencies for 1987 ==> 1531 1555 1565 1581 1986 1988 
[map.cpp:1761]: Adjacencies for 1988 ==> 1555 1557 1561 1562 1564 1565 1987 1989 
[map.cpp:1761]: Adjacencies for 1989 ==> 1551 1557 1558 1560 1561 1988 1990 
[map.cpp:1761]: Adjacencies for 1990 ==> 1550 1551 1559 1560 1989 1991 
[map.cpp:1761]: Adjacencies for 1991 ==> 1549 1550 1559 1990 1992 
[map.cpp:1761]: Adjacencies for 1992 ==> 1548 1549 1991 1993 
[map.cpp:1761]: Adjacencies for 1993 ==> 1547 1548 1992 1999 1994 1998 
[map.cpp:1761]: Adjacencies for 1994 ==> 1409 1458 1546 1547 1993 1998 1995 
[map.cpp:1761]: Adjacencies for 1995 ==> 1458 1459 1461 1545 1546 1994 1996 
[map.cpp:1761]: Adjacencies for 1996 ==> 1461 1462 1541 1542 1543 1544 1545 1995 1997 
[map.cpp:1761]: Adjacencies for 1997 ==> 1462 1465 1468 1470 1540 1541 1996 
[map.cpp:1761]: Adjacencies for 1998 ==> 1408 1409 1993 1994 1999 2000 
[map.cpp:1761]: Adjacencies for 1999 ==> 1993 1998 2002 2000 
[map.cpp:1761]: Adjacencies for 2000 ==> 1369 1372 1373 1407 1408 1843 1998 1999 2002 2001 
[map.cpp:1761]: Adjacencies for 2001 ==> 1358 1359 1369 1370 1371 1372 2000 
[map.cpp:1761]: Adjacencies for 2002 ==> 1292 1361 1362 1364 1365 1367 1368 1369 1999 2000 2003 
[map.cpp:1761]: Adjacencies for 2003 ==> 1290 1291 1292 2002 2004 
[map.cpp:1761]: Adjacencies for 2004 ==> 1268 1269 1270 1290 2003 2005 
[map.cpp:1761]: Adjacencies for 2005 ==> 1266 1267 1268 2004 2006 
[map.cpp:1761]: Adjacencies for 2006 ==> 1259 1260 1261 1265 1267 2005 2007 
[map.cpp:1761]: Adjacencies for 2007 ==> 1263 1264 1265 2006 2008 
[map.cpp:1761]: Adjacencies for 2008 ==> 1262 1263 2007 2009 2010 
[map.cpp:1761]: Adjacencies for 2009 ==> 1255 1260 1261 1262 2008 2010 
[map.cpp:1761]: Adjacencies for 2010 ==> 1250 1254 1255 2008 2009 2011 
[map.cpp:1761]: Adjacencies for 2011 ==> 1232 1246 1247 1248 1250 2010 2012 
[map.cpp:1761]: Adjacencies for 2012 ==> 1229 1231 1232 2011 2013 
[map.cpp:1761]: Adjacencies for 2013 ==> 1196 1197 1227 1228 1229 2012 2014 
[map.cpp:1761]: Adjacencies for 2014 ==> 1194 1195 1196 1847 2013 
[eventmanager.cpp:269]: Events loaded events/HF_tribal_events.txt' #100
[eventmanager.cpp:269]: Events loaded events/HF_warrior_lodge_child_events.txt' #36
[eventmanager.cpp:269]: Events loaded events/HF_warrior_lodge_feast_events.txt' #67
[eventmanager.cpp:269]: Events loaded events/HF_warrior_lodge_flavor_events.txt' #30
[eventmanager.cpp:269]: Events loaded events/HF_warrior_lodge_mission_events.txt' #22
[eventmanager.cpp:269]: Events loaded events/HF_warrior_lodge_powers_events.txt' #56
[eventmanager.cpp:269]: Events loaded events/HF_warrior_lodges_hunting_events.txt' #32
[eventmanager.cpp:184]: >=== NAMESPACE > 'LT' is set to #1200000
[eventmanager.cpp:269]: Events loaded events/LT_936_events.txt' #15
[eventmanager.cpp:269]: Events loaded events/LT_court_maintenance_events.txt' #7
[eventmanager.cpp:269]: Events loaded events/LT_dutch_renaming_events.txt' #8
[eventmanager.cpp:269]: Events loaded events/LT_featured_ruler.txt' #2
[eventmanager.cpp:269]: Events loaded events/LT_war_events.txt' #6
[eventmanager.cpp:269]: Events loaded events/LT_wonder_flavor_event_2.txt' #11
[eventmanager.cpp:269]: Events loaded events/LT_wonder_flavor_events.txt' #44
[eventmanager.cpp:269]: Events loaded events/LT_wonder_maintenance_events.txt' #5
[eventmanager.cpp:184]: >=== NAMESPACE > 'steam' is set to #1300000
[eventmanager.cpp:269]: Events loaded events/base_achievement_events.txt' #42
[eventmanager.cpp:184]: >=== NAMESPACE > 'ADV' is set to #1400000
[eventmanager.cpp:269]: Events loaded events/base_adventurers_negotiation.txt' #7
[eventmanager.cpp:269]: Events loaded events/base_ambition_events.txt' #121
[eventmanager.cpp:269]: Events loaded events/base_bankruptcy_events.txt' #16
[eventmanager.cpp:269]: Events loaded events/base_bastard_events.txt' #19
[eventmanager.cpp:269]: Events loaded events/base_battle_events.txt' #5
[eventmanager.cpp:184]: >=== NAMESPACE > 'bear' is set to #1500000
[eventmanager.cpp:269]: Events loaded events/base_bear_events.txt' #7
[eventmanager.cpp:269]: Events loaded events/base_birth_events.txt' #47
[eventmanager.cpp:269]: Events loaded events/base_campaign_events.txt' #6
[eventmanager.cpp:269]: Events loaded events/base_childhood_personality_traits_events.txt' #157
[eventmanager.cpp:269]: Events loaded events/base_civil_war_events.txt' #5
[eventmanager.cpp:184]: >=== NAMESPACE > 'CK2' is set to #1600000
[eventmanager.cpp:269]: Events loaded events/base_councillor_events.txt' #5
[eventmanager.cpp:269]: Events loaded events/base_court_events.txt' #46
[eventmanager.cpp:269]: Events loaded events/base_critical_events.txt' #3
[eventmanager.cpp:269]: Events loaded events/base_crusade_events.txt' #29
[eventmanager.cpp:269]: Events loaded events/base_culture_conversion_events.txt' #10
[eventmanager.cpp:269]: Events loaded events/base_dynasty_events.txt' #1
[eventmanager.cpp:184]: >=== NAMESPACE > 'easteregg' is set to #1700000
[eventmanager.cpp:269]: Events loaded events/base_emperor_ticket_easter_eggs.txt' #1
[eventmanager.cpp:269]: Events loaded events/base_evil_events.txt' #8
[eventmanager.cpp:269]: Events loaded events/base_family_events.txt' #23
[eventmanager.cpp:269]: Events loaded events/base_feast_events.txt' #104
[eventmanager.cpp:269]: Events loaded events/base_female_councillor_events.txt' #18
[eventmanager.cpp:269]: Events loaded events/base_feudal_life_events.txt' #46
[eventmanager.cpp:269]: Events loaded events/base_friends_rivals_events.txt' #204
[eventmanager.cpp:184]: >=== NAMESPACE > 'GR' is set to #1800000
[eventmanager.cpp:269]: Events loaded events/base_game_rule_events.txt' #16
[eventmanager.cpp:269]: Events loaded events/base_guardian_events.txt' #5
[eventmanager.cpp:269]: Events loaded events/base_health_events.txt' #100
[eventmanager.cpp:269]: Events loaded events/base_hedge_knights_events.txt' #8
[eventmanager.cpp:184]: >=== NAMESPACE > 'WoL' is set to #1900000
[eventmanager.cpp:184]: >=== NAMESPACE > 'HL' is set to #2000000
[eventmanager.cpp:269]: Events loaded events/base_hunting_events.txt' #32
[eventmanager.cpp:269]: Events loaded events/base_imprisoned_events.txt' #18
[eventmanager.cpp:184]: >=== NAMESPACE > 'chancellor' is set to #2100000
[eventmanager.cpp:269]: Events loaded events/base_job_chancellor.txt' #33
[eventmanager.cpp:269]: Events loaded events/base_job_flavour_events.txt' #68
[eventmanager.cpp:184]: >=== NAMESPACE > 'lordspiritual' is set to #2200000
[eventmanager.cpp:269]: Events loaded events/base_job_lord_spiritual.txt' #55
[eventmanager.cpp:184]: >=== NAMESPACE > 'marshal' is set to #2300000
[eventmanager.cpp:269]: Events loaded events/base_job_marshal.txt' #16
[eventmanager.cpp:184]: >=== NAMESPACE > 'spymaster' is set to #2400000
[eventmanager.cpp:269]: Events loaded events/base_job_spymaster.txt' #64
[eventmanager.cpp:184]: >=== NAMESPACE > 'steward' is set to #2500000
[eventmanager.cpp:269]: Events loaded events/base_job_steward.txt' #31
[eventmanager.cpp:269]: Events loaded events/base_knights_of_st_john_events.txt' #16
[eventmanager.cpp:269]: Events loaded events/base_knights_templar_events.txt' #16
[eventmanager.cpp:269]: Events loaded events/base_learning_scenario_events.txt' #55
[eventmanager.cpp:269]: Events loaded events/base_legends_events.txt' #32
[eventmanager.cpp:269]: Events loaded events/base_lifestyle_events.txt' #47
[title.cpp:12742]: Minor Title #0 tag =  name = NO_TITLE
[title.cpp:12742]: Minor Title #1 tag = title_regent name = Regent
[title.cpp:12742]: Minor Title #2 tag = title_appointed_regent name = Designated Regent
[title.cpp:12742]: Minor Title #3 tag = title_ruler_consort name = dummy
[title.cpp:12742]: Minor Title #4 tag = title_tanist name = Tanist
[title.cpp:12742]: Minor Title #5 tag = title_queen_mother name = Queen Mother
[title.cpp:12742]: Minor Title #6 tag = title_prince name = Prince
[title.cpp:12742]: Minor Title #7 tag = title_courtesan name = Concubine
[title.cpp:12742]: Minor Title #8 tag = title_male_consort name = Consort
[title.cpp:12742]: Minor Title #9 tag = title_commander name = Commander
[title.cpp:12742]: Minor Title #10 tag = title_court_eunuch name = Court Eunuch
[title.cpp:12742]: Minor Title #11 tag = title_court_dwarf name = Court Dwarf
[title.cpp:12742]: Minor Title #12 tag = title_court_jester name = Court Jester
[title.cpp:12742]: Minor Title #13 tag = title_keeper_of_swans name = Keeper of the Swans
[title.cpp:12742]: Minor Title #14 tag = title_master_of_the_horse name = Master of the Horse
[title.cpp:12742]: Minor Title #15 tag = title_master_of_the_hunt name = Master of the Hunt
[title.cpp:12742]: Minor Title #16 tag = title_high_almoner name = High Almoner
[title.cpp:12742]: Minor Title #17 tag = title_cupbearer name = Cupbearer
[title.cpp:12742]: Minor Title #18 tag = title_seneschal name = Seneschal
[title.cpp:12742]: Minor Title #19 tag = title_paramount_knight name = Paramount Knight
[title.cpp:12742]: Minor Title #20 tag = title_despot name = Despot
[title.cpp:12742]: Minor Title #21 tag = title_sebastokrator name = Sebastokrator
[title.cpp:12742]: Minor Title #22 tag = title_caesar name = Caesar
[title.cpp:12742]: Minor Title #23 tag = title_kouropalates name = Kouropalates
[title.cpp:12742]: Minor Title #24 tag = title_anthypatos name = Anthypatos
[title.cpp:12742]: Minor Title #25 tag = title_imperial_eunuch name = Parakoimomenos
[title.cpp:12742]: Minor Title #26 tag = title_food_taster name = Food Taster
[title.cpp:12742]: Minor Title #27 tag = title_court_calligrapher name = Court Calligrapher
[title.cpp:12742]: Minor Title #28 tag = title_court_musician name = Court Musician
[title.cpp:12742]: Minor Title #29 tag = title_court_poet name = Court Poet
[title.cpp:12742]: Minor Title #30 tag = title_chief_architect name = Chief Architect
[title.cpp:12742]: Minor Title #31 tag = title_chief_qadi name = Chief Qadi
[title.cpp:12742]: Minor Title #32 tag = title_state_inquisitor name = State Inquisitor
[title.cpp:12742]: Minor Title #33 tag = title_high_admiral name = High Admiral
[title.cpp:12742]: Minor Title #34 tag = title_high_judge name = High Judge
[title.cpp:12742]: Minor Title #35 tag = title_patrician_heir name = Designated Heir
[title.cpp:12742]: Minor Title #36 tag = title_volva name = Court Völva
[title.cpp:12742]: Minor Title #37 tag = title_lawspeaker name = Lawspeaker
[title.cpp:12742]: Minor Title #38 tag = title_drottseti name = Dróttseti
[title.cpp:12742]: Minor Title #39 tag = title_court_skald name = Court Skald
[title.cpp:12742]: Minor Title #40 tag = title_marksman name = Merkismaðr
[title.cpp:12742]: Minor Title #41 tag = title_hirdman name = Hirdman
[title.cpp:12742]: Minor Title #42 tag = title_baghatur name = Baghatur
[title.cpp:12742]: Minor Title #43 tag = title_cherbi name = Cherbi
[title.cpp:12742]: Minor Title #44 tag = title_darkhan name = Darkhan
[title.cpp:12742]: Minor Title #45 tag = title_noyan name = Noyan
[title.cpp:12742]: Minor Title #46 tag = title_behi name = Behi
[title.cpp:12742]: Minor Title #47 tag = title_master_of_the_eagle name = Master of the Eagle
[title.cpp:12742]: Minor Title #48 tag = title_shahrwaraz name = Shahrwarãz
[title.cpp:12742]: Minor Title #49 tag = title_kardarigan name = Kardarigan
[title.cpp:12742]: Minor Title #50 tag = title_shahin name = Shahin
[title.cpp:12742]: Minor Title #51 tag = title_pushtigban_salar name = Pushtigban-salar
[title.cpp:12742]: Minor Title #52 tag = title_spahbod name = Spahbod
[title.cpp:12742]: Minor Title #53 tag = title_eran_ambaragbed name = Eran Ambaragbed
[title.cpp:12742]: Minor Title #54 tag = title_champion name = Champion
[title.cpp:12742]: Minor Title #55 tag = title_master_of_the_blade name = Master of the Blade
[title.cpp:12742]: Minor Title #56 tag = title_master_of_the_bow name = Master of the Bow
[title.cpp:12742]: Minor Title #57 tag = title_venerable_elder name = Venerable Elder
[title.cpp:12742]: Minor Title #58 tag = title_yabgu name = Yabgu
[title.cpp:12742]: Minor Title #59 tag = title_ishad name = Ishad
[title.cpp:12742]: Minor Title #60 tag = title_kundur name = Kündür
[title.cpp:12742]: Minor Title #61 tag = title_master_of_the_royal_elephants name = Master of the Royal Elephants
[title.cpp:12742]: Minor Title #62 tag = title_royal_builder name = Royal Builder
[title.cpp:12742]: Minor Title #63 tag = title_court_poet_india name = Court Poet
[title.cpp:12742]: Minor Title #64 tag = title_guru name = Court Guru
[title.cpp:12742]: Minor Title #65 tag = title_genghis name = dummy
[title.cpp:12742]: Minor Title #66 tag = title_councilmember_king name = Advisor
[title.cpp:12742]: Minor Title #67 tag = title_councilmember_emperor name = Advisor
[title.cpp:12742]: Minor Title #68 tag = title_court_architect name = Court Architect
[title.cpp:12742]: Minor Title #69 tag = title_zhangshi name = Zhangshi
[title.cpp:12742]: Minor Title #70 tag = title_canjun name = Canjun
[title.cpp:12742]: Minor Title #71 tag = title_yuhou name = Yuhou
[title.cpp:12742]: Minor Title #72 tag = title_historiographer name = Historiographer
[title.cpp:12742]: Minor Title #73 tag = title_court_physician name = Court Physician
[title.cpp:12742]: Minor Title #74 tag = title_hermetics_apprentice name = Apprentice
[title.cpp:12742]: Minor Title #75 tag = title_china_emperor name = Emperor
[title.cpp:12742]: Minor Title #76 tag = title_administrator name = Scholar-Bureaucrat
[title.cpp:12742]: Minor Title #77 tag = title_master_engineer name = Master Engineer
[title.cpp:12742]: Minor Title #78 tag = title_strategist name = Strategist
[title.cpp:12742]: Minor Title #79 tag = title_teacher name = Court Tutor
[title.cpp:12742]: Minor Title #80 tag = title_augusta name = Augusta
[title.cpp:12742]: Minor Title #81 tag = title_patrikios name = Patrikios
[title.cpp:12742]: Minor Title #82 tag = title_hypatos name = Hypatos
[title.cpp:12742]: Minor Title #83 tag = title_sebastos name = Sebastos
[title.cpp:12742]: Minor Title #84 tag = title_lighthouse_custodian name = Lighthouse Custodian
[title.cpp:12742]: Minor Title #85 tag = title_stone_custodian name = Custodian of the Stone
[title.cpp:12742]: Minor Title #86 tag = title_guardian_of_the_deep name = Guardian of the Deep
[title.cpp:12742]: Minor Title #87 tag = title_watcher_of_giants name = Watcher of Giants
[title.cpp:12742]: Minor Title #88 tag = title_wall_walker name = Walker of the Wall
[title.cpp:12742]: Minor Title #89 tag = title_master_of_tides name = Master of the Tides
[title.cpp:12742]: Minor Title #90 tag = title_master_of_games name = Master of the Games
[title.cpp:12742]: Minor Title #91 tag = title_royal_custodian name = Royal Custodian
[title.cpp:12742]: Minor Title #92 tag = title_guardian_of_knowledge name = Guardian of Knowledge
[title.cpp:12742]: Minor Title #93 tag = title_keeper_of_tomes name = Keeper of the Tomes
[title.cpp:12742]: Minor Title #94 tag = title_keeper_of_the_dead name = Keeper of the Dead
[title.cpp:12742]: Minor Title #95 tag = title_overseer_of_rites name = Overseer of the Rites
[title.cpp:12742]: Minor Title #96 tag = title_custodian_of_the_mosque name = Custodian of the Mosque
[title.cpp:12742]: Minor Title #97 tag = title_custodian_of_the_temple name = Custodian of the Temple
[title.cpp:12742]: Minor Title #98 tag = title_castellan name = Castellan
[eventmanager.cpp:269]: Events loaded events/base_lovers_events.txt' #52
[eventmanager.cpp:269]: Events loaded events/base_married_life_events.txt' #71
[eventmanager.cpp:269]: Events loaded events/base_mongol_events.txt' #68
[eventmanager.cpp:269]: Events loaded events/base_mourning_events.txt' #10
[eventmanager.cpp:269]: Events loaded events/base_news_flavor_events.txt' #2
[eventmanager.cpp:269]: Events loaded events/base_norse_flavor_events.txt' #18
[eventmanager.cpp:184]: >=== NAMESPACE > 'diploresponse' is set to #2600000
[eventmanager.cpp:269]: Events loaded events/base_on_action_events.txt' #163
[eventmanager.cpp:269]: Events loaded events/base_personality_traits_events.txt' #52
[eventmanager.cpp:269]: Events loaded events/base_pet_events.txt' #15
[eventmanager.cpp:269]: Events loaded events/base_plot_events.txt' #325
[eventmanager.cpp:269]: Events loaded events/base_pope_free_investiture.txt' #13
[eventmanager.cpp:269]: Events loaded events/base_province_lordship_events.txt' #8
[eventmanager.cpp:269]: Events loaded events/base_rebel_events.txt' #12
[eventmanager.cpp:269]: Events loaded events/base_regency_events.txt' #70
[eventmanager.cpp:269]: Events loaded events/base_religious_events.txt' #118
[eventmanager.cpp:269]: Events loaded events/base_rumours_events.txt' #78
[eventmanager.cpp:269]: Events loaded events/base_siege_events.txt' #33
[eventmanager.cpp:269]: Events loaded events/base_summer_fair_events.txt' #17
[eventmanager.cpp:269]: Events loaded events/base_teutonic_order_events.txt' #11
[eventmanager.cpp:269]: Events loaded events/base_tournament_events.txt' #59
[eventmanager.cpp:269]: Events loaded events/base_trait_notification.txt' #106
[eventmanager.cpp:269]: Events loaded events/base_traits_effects_events.txt' #360
[eventmanager.cpp:269]: Events loaded events/base_tutorial_events.txt' #3
[eventmanager.cpp:184]: >=== NAMESPACE > 'NE' is set to #2700000
[eventmanager.cpp:269]: Events loaded events/base_various_notification_events.txt' #1
[eventmanager.cpp:269]: Events loaded events/base_various_traits_events.txt' #80
[eventmanager.cpp:269]: Events loaded events/base_vassal_request_events.txt' #42
[eventmanager.cpp:269]: Events loaded events/base_ward_events.txt' #10
[eventmanager.cpp:184]: >=== NAMESPACE > 'CM' is set to #2800000
[eventmanager.cpp:269]: Events loaded events/cm_charlemagne_story_events.txt' #62
[eventmanager.cpp:269]: Events loaded events/cm_chronicle_events.txt' #51
[eventmanager.cpp:184]: >=== NAMESPACE > 'OC' is set to #2900000
[eventmanager.cpp:269]: Events loaded events/cm_culture_conversion_events.txt' #11
[eventmanager.cpp:269]: Events loaded events/cm_major_events.txt' #4
[eventmanager.cpp:269]: Events loaded events/cm_misc_zun_events.txt' #8
[eventmanager.cpp:269]: Events loaded events/cm_murder_plot_events.txt' #98
[eventmanager.cpp:269]: Events loaded events/cm_religious_events.txt' #19
[eventmanager.cpp:269]: Events loaded events/cm_various_events.txt' #10
[eventmanager.cpp:269]: Events loaded events/event_id.txt' #0
[eventmanager.cpp:184]: >=== NAMESPACE > 'GBC' is set to #3000000
[eventmanager.cpp:269]: Events loaded events/gbc_events.txt' #45
[eventmanager.cpp:269]: Events loaded events/hf_african_flavor_events.txt' #15
[eventmanager.cpp:269]: Events loaded events/hf_warrior_lodge_events.txt' #40
[eventmanager.cpp:269]: Events loaded events/hf_warrior_lodge_legends_events.txt' #32
[eventmanager.cpp:269]: Events loaded events/hf_warrior_lodge_war_aid_events.txt' #12
[eventmanager.cpp:269]: Events loaded events/hfp_duel_events.txt' #37
[eventmanager.cpp:184]: >=== NAMESPACE > 'HLF' is set to #3100000
[eventmanager.cpp:269]: Events loaded events/hl_extra_events.txt' #16
[eventmanager.cpp:269]: Events loaded events/hl_horse_events.txt' #6
[eventmanager.cpp:269]: Events loaded events/hl_horse_events_2.txt' #5
[eventmanager.cpp:269]: Events loaded events/hl_mercenary_events.txt' #49
[eventmanager.cpp:269]: Events loaded events/hl_misc_events.txt' #10
[eventmanager.cpp:269]: Events loaded events/hl_nomad_events.txt' #12
[eventmanager.cpp:269]: Events loaded events/hl_raiding_adventurers_events.txt' #19
[eventmanager.cpp:269]: Events loaded events/hl_rebel_events.txt' #5
[eventmanager.cpp:269]: Events loaded events/hl_silk_route_events.txt' #28
[eventmanager.cpp:269]: Events loaded events/hl_tournament_events.txt' #9
[eventmanager.cpp:269]: Events loaded events/hl_wolf_events.txt' #45
[eventmanager.cpp:184]: >=== NAMESPACE > 'JD' is set to #3200000
[eventmanager.cpp:269]: Events loaded events/jd_CB_events.txt' #12
[eventmanager.cpp:269]: Events loaded events/jd_artifact_events.txt' #16
[eventmanager.cpp:269]: Events loaded events/jd_china_succession_events.txt' #2
[eventmanager.cpp:269]: Events loaded events/jd_chinese_diplomacy_events.txt' #43
[eventmanager.cpp:269]: Events loaded events/jd_chinese_invasion_events.txt' #36
[eventmanager.cpp:269]: Events loaded events/jd_chinese_status_and_policy_events.txt' #34
[eventmanager.cpp:269]: Events loaded events/jd_chinese_war_events.txt' #12
[eventmanager.cpp:269]: Events loaded events/jd_grace_decision_events.txt' #42
[eventmanager.cpp:269]: Events loaded events/jd_kowtow_events.txt' #24
[eventmanager.cpp:269]: Events loaded events/jd_muslim_adventurers.txt' #4
[eventmanager.cpp:269]: Events loaded events/jd_radhanite_events.txt' #1
[eventmanager.cpp:269]: Events loaded events/jd_raiding_china.txt' #4
[eventmanager.cpp:184]: >=== NAMESPACE > 'LoR' is set to #3300000
[eventmanager.cpp:269]: Events loaded events/lor_byzantine_events.txt' #48
[eventmanager.cpp:269]: Events loaded events/lor_hippodrome_events.txt' #23
[eventmanager.cpp:269]: Events loaded events/lor_roman_events.txt' #24
[eventmanager.cpp:269]: Events loaded events/lor_schism_events.txt' #6
[eventmanager.cpp:184]: >=== NAMESPACE > 'MNM' is set to #3400000
[eventmanager.cpp:269]: Events loaded events/mnm_artifacts_events.txt' #39
[eventmanager.cpp:269]: Events loaded events/mnm_assassins_events.txt' #106
[eventmanager.cpp:269]: Events loaded events/mnm_devil_worshipers_events.txt' #125
[eventmanager.cpp:269]: Events loaded events/mnm_grand_debate_events.txt' #34
[eventmanager.cpp:269]: Events loaded events/mnm_hermetics_events.txt' #229
[eventmanager.cpp:269]: Events loaded events/mnm_indian_pilgrim_events.txt' #52
[eventmanager.cpp:269]: Events loaded events/mnm_job_offmap.txt' #28
[eventmanager.cpp:269]: Events loaded events/mnm_misc_events.txt' #23
[eventmanager.cpp:269]: Events loaded events/mnm_monastic_orders_events.txt' #100
[eventmanager.cpp:269]: Events loaded events/mnm_secret_religious_societies_events.txt' #95
[eventmanager.cpp:269]: Events loaded events/mnm_smith_events.txt' #28
[eventmanager.cpp:184]: >=== NAMESPACE > 'TOG' is set to #3500000
[eventmanager.cpp:269]: Events loaded events/oldgods_adventures.txt' #11
[eventmanager.cpp:269]: Events loaded events/oldgods_ancestor_worship_events.txt' #76
[eventmanager.cpp:269]: Events loaded events/oldgods_blot_events.txt' #35
[eventmanager.cpp:269]: Events loaded events/oldgods_culture_conversion.txt' #4
[eventmanager.cpp:184]: >=== NAMESPACE > 'TGF' is set to #3600000
[eventmanager.cpp:269]: Events loaded events/oldgods_historical_events.txt' #8
[eventmanager.cpp:269]: Events loaded events/oldgods_holmgang_events.txt' #30
[eventmanager.cpp:269]: Events loaded events/oldgods_misc_events.txt' #26
[eventmanager.cpp:269]: Events loaded events/oldgods_mongol_events.txt' #50
[eventmanager.cpp:269]: Events loaded events/oldgods_pagan_feasts.txt' #80
[eventmanager.cpp:269]: Events loaded events/oldgods_rebel_events.txt' #23
[eventmanager.cpp:269]: Events loaded events/oldgods_runestone_events.txt' #46
[eventmanager.cpp:269]: Events loaded events/oldgods_various_events.txt' #78
[eventmanager.cpp:269]: Events loaded events/oldgods_zoroastrian_events.txt' #4
[eventmanager.cpp:184]: >=== NAMESPACE > 'ZP' is set to #3700000
[eventmanager.cpp:269]: Events loaded events/oldgods_zoroastrian_holy_pets.txt' #9
[eventmanager.cpp:184]: >=== NAMESPACE > 'REP' is set to #3800000
[eventmanager.cpp:269]: Events loaded events/republic_dynastic_feuds.txt' #25
[eventmanager.cpp:269]: Events loaded events/republic_trade_events.txt' #66
[eventmanager.cpp:184]: >=== NAMESPACE > 'RIP' is set to #3900000
[eventmanager.cpp:269]: Events loaded events/rip_dancing_plague_events.txt' #9
[eventmanager.cpp:269]: Events loaded events/rip_eod_events.txt' #38
[eventmanager.cpp:269]: Events loaded events/rip_epidemic_events.txt' #39
[eventmanager.cpp:269]: Events loaded events/rip_eternal_life_events.txt' #69
[eventmanager.cpp:269]: Events loaded events/rip_flavor_events.txt' #192
[eventmanager.cpp:269]: Events loaded events/rip_hospital_events.txt' #11
[eventmanager.cpp:269]: Events loaded events/rip_maimed_events.txt' #9
[eventmanager.cpp:269]: Events loaded events/rip_outbreak_events.txt' #30
[eventmanager.cpp:269]: Events loaded events/rip_physician_events.txt' #2
[eventmanager.cpp:269]: Events loaded events/rip_prosperity_events.txt' #23
[eventmanager.cpp:269]: Events loaded events/rip_seclusion_events.txt' #60
[eventmanager.cpp:269]: Events loaded events/rip_symptom_events.txt' #49
[eventmanager.cpp:269]: Events loaded events/rip_torture_events.txt' #36
[eventmanager.cpp:269]: Events loaded events/rip_treatment_events.txt' #47
[eventmanager.cpp:184]: >=== NAMESPACE > 'RoI' is set to #4000000
[eventmanager.cpp:269]: Events loaded events/roi_feast_events.txt' #51
[eventmanager.cpp:269]: Events loaded events/roi_guru_events.txt' #23
[eventmanager.cpp:269]: Events loaded events/roi_hunting_events.txt' #25
[eventmanager.cpp:184]: >=== NAMESPACE > 'HO' is set to #4100000
[eventmanager.cpp:269]: Events loaded events/roi_indian_holy_order_events.txt' #4
[eventmanager.cpp:269]: Events loaded events/roi_various_events.txt' #110
[eventmanager.cpp:184]: >=== NAMESPACE > 'SoA' is set to #4200000
[eventmanager.cpp:269]: Events loaded events/soa_heresy_events.txt' #30
[eventmanager.cpp:269]: Events loaded events/soa_holy_order_events.txt' #39
[eventmanager.cpp:269]: Events loaded events/soa_jewish_events.txt' #27
[eventmanager.cpp:269]: Events loaded events/soa_misc_religious_events.txt' #77
[eventmanager.cpp:269]: Events loaded events/soa_muslim_schools.txt' #12
[eventmanager.cpp:269]: Events loaded events/soa_pilgrim_events.txt' #48
[eventmanager.cpp:269]: Events loaded events/soa_various_events.txt' #53
[eventmanager.cpp:269]: Events loaded events/soi_decadence_events.txt' #64
[eventmanager.cpp:269]: Events loaded events/soi_fatwa_events.txt' #5
[eventmanager.cpp:269]: Events loaded events/soi_furusiyya_events.txt' #53
[eventmanager.cpp:269]: Events loaded events/soi_hashshashin_order_events.txt' #20
[eventmanager.cpp:269]: Events loaded events/soi_interesting_muslims.txt' #70
[eventmanager.cpp:269]: Events loaded events/soi_muslim_honorary_titles_events.txt' #78
[eventmanager.cpp:269]: Events loaded events/soi_muslim_religion_events.txt' #2
[eventmanager.cpp:269]: Events loaded events/soi_on_hajj.txt' #77
[eventmanager.cpp:269]: Events loaded events/soi_polygamy_events.txt' #32
[eventmanager.cpp:269]: Events loaded events/soi_ramadan_events.txt' #24
[eventmanager.cpp:184]: >=== NAMESPACE > 'SSI' is set to #4300000
[eventmanager.cpp:269]: Events loaded events/sunset_invasion.txt' #28
[eventmanager.cpp:269]: Events loaded events/wol_business_events.txt' #56
[eventmanager.cpp:269]: Events loaded events/wol_carousing_events.txt' #30
[eventmanager.cpp:269]: Events loaded events/wol_family_events.txt' #16
[eventmanager.cpp:269]: Events loaded events/wol_hunting_events.txt' #26
[eventmanager.cpp:269]: Events loaded events/wol_intrigue_events.txt' #62
[eventmanager.cpp:269]: Events loaded events/wol_lover_events.txt' #44
[eventmanager.cpp:269]: Events loaded events/wol_rulership_events.txt' #31
[eventmanager.cpp:269]: Events loaded events/wol_scholarship_events.txt' #22
[eventmanager.cpp:269]: Events loaded events/wol_seduction_events.txt' #91
[eventmanager.cpp:269]: Events loaded events/wol_theology_events.txt' #14
[eventmanager.cpp:269]: Events loaded events/wol_war_events.txt' #42
[eventmanager.cpp:184]: >=== NAMESPACE > 'ZE' is set to #4400000
[eventmanager.cpp:269]: Events loaded events/ze_adolescence_events.txt' #65
[eventmanager.cpp:269]: Events loaded events/ze_alliance_events.txt' #11
[eventmanager.cpp:269]: Events loaded events/ze_alliance_events_2.txt' #13
[eventmanager.cpp:269]: Events loaded events/ze_ambition_events.txt' #14
[eventmanager.cpp:269]: Events loaded events/ze_ambition_events_2.txt' #1
[eventmanager.cpp:269]: Events loaded events/ze_chancellor_events.txt' #11
[eventmanager.cpp:269]: Events loaded events/ze_childhood_events.txt' #88
[eventmanager.cpp:269]: Events loaded events/ze_council_events_steward.txt' #15
[eventmanager.cpp:269]: Events loaded events/ze_education_trait_events.txt' #13
[eventmanager.cpp:269]: Events loaded events/ze_extra_events.txt' #38
[eventmanager.cpp:269]: Events loaded events/ze_favor_events.txt' #9
[eventmanager.cpp:269]: Events loaded events/ze_introduce_heir.txt' #11
[eventmanager.cpp:269]: Events loaded events/ze_lord_spiritual_events.txt' #7
[eventmanager.cpp:269]: Events loaded events/ze_lunatic.txt' #2
[eventmanager.cpp:269]: Events loaded events/ze_marshal_events.txt' #9
[eventmanager.cpp:269]: Events loaded events/ze_mercenary_events.txt' #7
[eventmanager.cpp:269]: Events loaded events/ze_mercenary_events_02.txt' #8
[eventmanager.cpp:269]: Events loaded events/ze_spymaster_events.txt' #15
[eventmanager.cpp:269]: Events loaded events/ze_various_events.txt' #17
[eventmanager.cpp:269]: Events loaded events/ze_war_chest_extortion.txt' #4
[eventmanager.cpp:269]: Events loaded events/ze_war_chest_passive.txt' #3
[eventmanager.cpp:276]: >>> Total of : 10272
[onaction.cpp:689]: ActionList #0 tag = on_startup events = 0
[onaction.cpp:689]: ActionList #1 tag = on_birth events = 0
[onaction.cpp:689]: ActionList #2 tag = on_marriage events = 0
[onaction.cpp:689]: ActionList #3 tag = on_death events = 0
[onaction.cpp:689]: ActionList #4 tag = SETTLE_ADVENTURER_INTERACTION_ACCEPT_EVENT events = 0
[onaction.cpp:689]: ActionList #5 tag = on_become_doge events = 0
[onaction.cpp:689]: ActionList #6 tag = on_entering_port events = 0
[onaction.cpp:689]: ActionList #7 tag = on_rel_head_chosen events = 0
[onaction.cpp:689]: ActionList #8 tag = on_create_title events = 0
[onaction.cpp:689]: ActionList #9 tag = on_new_holder events = 0
[onaction.cpp:689]: ActionList #10 tag = on_new_holder_inheritance events = 0
[onaction.cpp:689]: ActionList #11 tag = on_new_holder_usurpation events = 0
[onaction.cpp:689]: ActionList #12 tag = on_character_convert_religion events = 0
[onaction.cpp:689]: ActionList #13 tag = on_war_started events = 0
[onaction.cpp:689]: ActionList #14 tag = on_war_ended_victory events = 0
[onaction.cpp:689]: ActionList #15 tag = on_war_ended_defeat events = 0
[onaction.cpp:689]: ActionList #16 tag = on_divorce events = 0
[onaction.cpp:689]: ActionList #17 tag = on_hospital_construction_completed events = 0
[onaction.cpp:689]: ActionList #18 tag = on_enforce_peace_six_vassals events = 0
[onaction.cpp:689]: ActionList #19 tag = on_law_vote_passed events = 0
[onaction.cpp:689]: ActionList #20 tag = on_player_mercenary_income events = 0
[onaction.cpp:689]: ActionList #21 tag = on_character_society_rank_up events = 0
[onaction.cpp:689]: ActionList #22 tag = on_yearly_pulse events = 0
[onaction.cpp:689]: ActionList #23 tag = on_five_year_pulse events = 0
[onaction.cpp:689]: ActionList #24 tag = on_bi_yearly_pulse events = 0
[onaction.cpp:689]: ActionList #25 tag = on_decade_pulse events = 0
[onaction.cpp:689]: ActionList #26 tag = on_yearly_childhood_pulse events = 0
[onaction.cpp:689]: ActionList #27 tag = on_focus_pulse events = 0
[onaction.cpp:689]: ActionList #28 tag = on_combat_pulse events = 0
[onaction.cpp:689]: ActionList #29 tag = on_combat_starting events = 0
[onaction.cpp:689]: ActionList #30 tag = on_siege_pulse events = 0
[onaction.cpp:689]: ActionList #31 tag = on_battle_won events = 0
[onaction.cpp:689]: ActionList #32 tag = on_major_battle_won events = 0
[onaction.cpp:689]: ActionList #33 tag = on_battle_won_leader events = 0
[onaction.cpp:689]: ActionList #34 tag = on_major_battle_won_leader events = 0
[onaction.cpp:689]: ActionList #35 tag = on_battle_won_owner events = 0
[onaction.cpp:689]: ActionList #36 tag = on_battle_lost events = 0
[onaction.cpp:689]: ActionList #37 tag = on_major_battle_lost events = 0
[onaction.cpp:689]: ActionList #38 tag = on_battle_lost_leader events = 0
[onaction.cpp:689]: ActionList #39 tag = on_major_battle_lost_leader events = 0
[onaction.cpp:689]: ActionList #40 tag = on_battle_lost_owner events = 0
[onaction.cpp:689]: ActionList #41 tag = on_siege_won_leader events = 0
[onaction.cpp:689]: ActionList #42 tag = on_siege_won_leader_fort events = 0
[onaction.cpp:689]: ActionList #43 tag = on_siege_won_leader_trade_post events = 0
[onaction.cpp:689]: ActionList #44 tag = on_siege_lost_leader events = 0
[onaction.cpp:689]: ActionList #45 tag = on_siege_lost_leader_fort events = 0
[onaction.cpp:689]: ActionList #46 tag = on_siege_lost_leader_trade_post events = 0
[onaction.cpp:689]: ActionList #47 tag = on_siege_over_winner events = 0
[onaction.cpp:689]: ActionList #48 tag = on_siege_over_winner_fort events = 0
[onaction.cpp:689]: ActionList #49 tag = on_siege_over_winner_trade_post events = 0
[onaction.cpp:689]: ActionList #50 tag = on_siege_over_loc_chars events = 0
[onaction.cpp:689]: ActionList #51 tag = on_siege_over_loc_chars_fort events = 0
[onaction.cpp:689]: ActionList #52 tag = on_siege_over_loc_chars_trade_post events = 0
[onaction.cpp:689]: ActionList #53 tag = on_failed_assassination events = 0
[onaction.cpp:689]: ActionList #54 tag = on_failed_assassination_disc events = 0
[onaction.cpp:689]: ActionList #55 tag = on_assassination events = 0
[onaction.cpp:689]: ActionList #56 tag = on_assassination_disc events = 0
[onaction.cpp:689]: ActionList #57 tag = on_adulthood events = 0
[onaction.cpp:689]: ActionList #58 tag = on_adolescence events = 0
[onaction.cpp:689]: ActionList #59 tag = on_post_birth events = 0
[onaction.cpp:689]: ActionList #60 tag = on_post_birth_stillbirth events = 0
[onaction.cpp:689]: ActionList #61 tag = on_pregnancy events = 0
[onaction.cpp:689]: ActionList #62 tag = on_crusade_creation events = 0
[onaction.cpp:689]: ActionList #63 tag = on_become_imprisoned_any_reason events = 0
[onaction.cpp:689]: ActionList #64 tag = on_avoided_imprison_started_war events = 0
[onaction.cpp:689]: ActionList #65 tag = on_became_imprisoned events = 0
[onaction.cpp:689]: ActionList #66 tag = on_avoided_imprison_fled_country events = 0
[onaction.cpp:689]: ActionList #67 tag = on_released_from_prison events = 0
[onaction.cpp:689]: ActionList #68 tag = on_executed events = 0
[onaction.cpp:689]: ActionList #69 tag = on_exiled events = 0
[onaction.cpp:689]: ActionList #70 tag = on_merc_rampage events = 0
[onaction.cpp:689]: ActionList #71 tag = on_merc_leave events = 0
[onaction.cpp:689]: ActionList #72 tag = on_merc_turn_coat_from events = 0
[onaction.cpp:689]: ActionList #73 tag = on_merc_turn_coat_to events = 0
[onaction.cpp:689]: ActionList #74 tag = on_holy_order_leave events = 0
[onaction.cpp:689]: ActionList #75 tag = on_letter_event_message events = 0
[onaction.cpp:689]: ActionList #76 tag = on_character_event_message events = 0
[onaction.cpp:689]: ActionList #77 tag = on_loot_settlement events = 0
[onaction.cpp:689]: ActionList #78 tag = on_loot_province events = 0
[onaction.cpp:689]: ActionList #79 tag = DEMAND_RELIGIOUS_CONVERSION_INTERACTION_ACCEPT_EVENT events = 0
[onaction.cpp:689]: ActionList #80 tag = DEMAND_RELIGIOUS_CONVERSION_INTERACTION_DECLINE_EVENT events = 0
[onaction.cpp:689]: ActionList #81 tag = REVOKE_TITLE_INTERACTION_ACCEPT_EVENT events = 0
[onaction.cpp:689]: ActionList #82 tag = REVOKE_TITLE_INTERACTION_DECLINE_EVENT events = 0
[onaction.cpp:689]: ActionList #83 tag = OFFER_PEACE_INTERACTION_ACCEPT_EVENT events = 0
[onaction.cpp:689]: ActionList #84 tag = OFFER_PEACE_INTERACTION_DECLINE_EVENT events = 0
[onaction.cpp:689]: ActionList #85 tag = SEND_GIFT_INTERACTION_ACCEPT_EVENT events = 0
[onaction.cpp:689]: ActionList #86 tag = SEND_GIFT_INTERACTION_DECLINE_EVENT events = 0
[onaction.cpp:689]: ActionList #87 tag = ASK_FOR_MONEY_INTERACTION_ACCEPT_EVENT events = 0
[onaction.cpp:689]: ActionList #88 tag = ASK_FOR_MONEY_INTERACTION_DECLINE_EVENT events = 0
[onaction.cpp:689]: ActionList #89 tag = ASK_FOR_CLAIM_INTERACTION_ACCEPT_EVENT events = 0
[onaction.cpp:689]: ActionList #90 tag = ASK_FOR_CLAIM_INTERACTION_DECLINE_EVENT events = 0
[onaction.cpp:689]: ActionList #91 tag = NOMINATE_BISHOP_TO_POPE_INTERACTION_ACCEPT_EVENT events = 0
[onaction.cpp:689]: ActionList #92 tag = NOMINATE_BISHOP_TO_POPE_INTERACTION_DECLINE_EVENT events = 0
[onaction.cpp:689]: ActionList #93 tag = OFFER_VASSALIZATION_INTERACTION_ACCEPT_EVENT events = 0
[onaction.cpp:689]: ActionList #94 tag = OFFER_VASSALIZATION_INTERACTION_DECLINE_EVENT events = 0
[onaction.cpp:689]: ActionList #95 tag = ARRANGE_BETROTHAL_INTERACTION_ACCEPT_EVENT events = 0
[onaction.cpp:689]: ActionList #96 tag = ARRANGE_BETROTHAL_INTERACTION_DECLINE_EVENT events = 0
[onaction.cpp:689]: ActionList #97 tag = ARRANGE_SUCC_BETROTHAL_INTERACTION_ACCEPT_EVENT events = 0
[onaction.cpp:689]: ActionList #98 tag = ARRANGE_SUCC_BETROTHAL_INTERACTION_DECLINE_EVENT events = 0
[onaction.cpp:689]: ActionList #99 tag = OFFER_SUCCESSION_MARRIGE_INTERACTION_ACCEPT_EVENT events = 0
[onaction.cpp:689]: ActionList #100 tag = OFFER_SUCCESSION_MARRIGE_INTERACTION_DECLINE_EVENT events = 0
[onaction.cpp:689]: ActionList #101 tag = OFFER_MARRIGE_INTERACTION_ACCEPT_EVENT events = 0
[onaction.cpp:689]: ActionList #102 tag = OFFER_MARRIGE_INTERACTION_DECLINE_EVENT events = 0
[onaction.cpp:689]: ActionList #103 tag = RANSOM_CHARACTER_INTERACTION_ACCEPT_EVENT events = 0
[onaction.cpp:689]: ActionList #104 tag = RANSOM_CHARACTER_INTERACTION_DECLINE_EVENT events = 0
[onaction.cpp:689]: ActionList #105 tag = EDUCATE_CHARACTER_INTERACTION_ACCEPT_EVENT events = 0
[onaction.cpp:689]: ActionList #106 tag = EDUCATE_CHARACTER_INTERACTION_DECLINE_EVENT events = 0
[onaction.cpp:689]: ActionList #107 tag = ABANDON_AMBITION_INTERACTION_ACCEPT_EVENT events = 0
[onaction.cpp:689]: ActionList #108 tag = ABANDON_AMBITION_INTERACTION_DECLINE_EVENT events = 0
[onaction.cpp:689]: ActionList #109 tag = STOP_BACKING_AMBITION_INTERACTION_ACCEPT_EVENT events = 0
[onaction.cpp:689]: ActionList #110 tag = STOP_BACKING_AMBITION_INTERACTION_DECLINE_EVENT events = 0
[onaction.cpp:689]: ActionList #111 tag = JOIN_AMBITION_INTERACTION_ACCEPT_EVENT events = 0
[onaction.cpp:689]: ActionList #112 tag = JOIN_AMBITION_INTERACTION_DECLINE_EVENT events = 0
[onaction.cpp:689]: ActionList #113 tag = GRANT_LANDED_TITLE_INTERACTION_ACCEPT_EVENT events = 0
[onaction.cpp:689]: ActionList #114 tag = APPOINT_TO_OFFICE_INTERACTION_ACCEPT_EVENT events = 0
[onaction.cpp:689]: ActionList #115 tag = APPOINT_TO_OFFICE_INTERACTION_DECLINE_EVENT events = 0
[onaction.cpp:689]: ActionList #116 tag = ASK_FOR_INVASION_INTERACTION_ACCEPT_EVENT events = 0
[onaction.cpp:689]: ActionList #117 tag = ASK_FOR_INVASION_INTERACTION_DECLINE_EVENT events = 0
[onaction.cpp:689]: ActionList #118 tag = ASK_FOR_DIVORCE_INTERACTION_ACCEPT_EVENT events = 0
[onaction.cpp:689]: ActionList #119 tag = ASK_FOR_DIVORCE_INTERACTION_DECLINE_EVENT events = 0
[onaction.cpp:689]: ActionList #120 tag = ASK_FOR_EXCOMMUNICATION_INTERACTION_ACCEPT_EVENT events = 0
[onaction.cpp:689]: ActionList #121 tag = ASK_FOR_EXCOMMUNICATION_INTERACTION_DECLINE_EVENT events = 0
[onaction.cpp:689]: ActionList #122 tag = CALL_ALLY_INTERACTION_ACCEPT_EVENT events = 0
[onaction.cpp:689]: ActionList #123 tag = CALL_ALLY_INTERACTION_DECLINE_EVENT events = 0
[onaction.cpp:689]: ActionList #124 tag = DECLARE_WAR_INTERACTION_ACCEPT_EVENT events = 0
[onaction.cpp:689]: ActionList #125 tag = RETRACT_VASSAL_INTERACTION_ACCEPT_EVENT events = 0
[onaction.cpp:689]: ActionList #126 tag = RETRACT_VASSAL_INTERACTION_DECLINE_EVENT events = 0
[onaction.cpp:689]: ActionList #127 tag = INVITE_TO_COURT_INTERACTION_ACCEPT_EVENT events = 0
[onaction.cpp:689]: ActionList #128 tag = INVITE_TO_COURT_INTERACTION_DECLINE_EVENT events = 0
[onaction.cpp:689]: ActionList #129 tag = ASK_FOR_VASSALIZATION_INTERACTION_ACCEPT_EVENT events = 0
[onaction.cpp:689]: ActionList #130 tag = ASK_FOR_VASSALIZATION_INTERACTION_DECLINE_EVENT events = 0
[onaction.cpp:689]: ActionList #131 tag = ASK_TO_LIFT_EXCOMMUNICATION_INTERACTION_ACCEPT_EVENT events = 0
[onaction.cpp:689]: ActionList #132 tag = ASK_TO_LIFT_EXCOMMUNICATION_INTERACTION_DECLINE_EVENT events = 0
[onaction.cpp:689]: ActionList #133 tag = ASK_TO_RANSOM_CHARACTER_INTERACTION_ACCEPT_EVENT events = 0
[onaction.cpp:689]: ActionList #134 tag = ASK_TO_RANSOM_CHARACTER_INTERACTION_DECLINE_EVENT events = 0
[onaction.cpp:689]: ActionList #135 tag = SETTLE_ADVENTURER_INTERACTION_DECLINE_EVENT events = 0
[onaction.cpp:689]: ActionList #136 tag = ASK_TO_JOIN_WAR_INTERACTION_ACCEPT_EVENT events = 0
[onaction.cpp:689]: ActionList #137 tag = ASK_TO_JOIN_WAR_INTERACTION_DECLINE_EVENT events = 0
[onaction.cpp:689]: ActionList #138 tag = ASK_TO_EMBARGO_INTERACTION_ACCEPT_EVENT events = 0
[onaction.cpp:689]: ActionList #139 tag = ASK_TO_EMBARGO_INTERACTION_DECLINE_EVENT events = 0
[onaction.cpp:689]: ActionList #140 tag = MAKE_CONSORT_INTERACTION_ACCEPT_EVENT events = 0
[onaction.cpp:689]: ActionList #141 tag = MAKE_CONSORT_INTERACTION_DECLINE_EVENT events = 0
[onaction.cpp:689]: ActionList #142 tag = ABSORB_CLAN_INTERACTION_ACCEPT_EVENT events = 0
[onaction.cpp:689]: ActionList #143 tag = ABSORB_CLAN_INTERACTION_DECLINE_EVENT events = 0
[onaction.cpp:689]: ActionList #144 tag = SPLIT_CLAN_INTERACTION_ACCEPT_EVENT events = 0
[onaction.cpp:689]: ActionList #145 tag = SPLIT_CLAN_INTERACTION_DECLINE_EVENT events = 0
[onaction.cpp:689]: ActionList #146 tag = FORM_BLOOD_OATH_INTERACTION_ACCEPT_EVENT events = 0
[onaction.cpp:689]: ActionList #147 tag = FORM_BLOOD_OATH_INTERACTION_DECLINE_EVENT events = 0
[onaction.cpp:689]: ActionList #148 tag = SETTLE_FEUD_INTERACTION_ACCEPT_EVENT events = 0
[onaction.cpp:689]: ActionList #149 tag = SETTLE_FEUD_INTERACTION_DECLINE_EVENT events = 0
[onaction.cpp:689]: ActionList #150 tag = FORM_ALLIANCE_INTERACTION_ACCEPT_EVENT events = 0
[onaction.cpp:689]: ActionList #151 tag = FORM_ALLIANCE_INTERACTION_DECLINE_EVENT events = 0
[onaction.cpp:689]: ActionList #152 tag = DISSOLVE_ALLIANCE_INTERACTION_ACCEPT_EVENT events = 0
[onaction.cpp:689]: ActionList #153 tag = DISSOLVE_ALLIANCE_INTERACTION_DECLINE_EVENT events = 0
[onaction.cpp:689]: ActionList #154 tag = BUY_FAVOR_INTERACTION_ACCEPT_EVENT events = 0
[onaction.cpp:689]: ActionList #155 tag = BUY_FAVOR_INTERACTION_DECLINE_EVENT events = 0
[onaction.cpp:689]: ActionList #156 tag = REQUEST_SUPPORT_INTERACTION_ACCEPT_EVENT events = 0
[onaction.cpp:689]: ActionList #157 tag = REQUEST_SUPPORT_INTERACTION_DECLINE_EVENT events = 0
[onaction.cpp:689]: ActionList #158 tag = FORM_NON_AGGRESSION_PACT_INTERACTION_ACCEPT_EVENT events = 0
[onaction.cpp:689]: ActionList #159 tag = FORM_NON_AGGRESSION_PACT_INTERACTION_DECLINE_EVENT events = 0
[onaction.cpp:689]: ActionList #160 tag = ASK_COUNCIL_POSITION_INTERACTION_ACCEPT_EVENT events = 0
[onaction.cpp:689]: ActionList #161 tag = ASK_COUNCIL_POSITION_INTERACTION_DECLINE_EVENT events = 0
[onaction.cpp:689]: ActionList #162 tag = ASK_REALM_PEACE_INTERACTION_ACCEPT_EVENT events = 0
[onaction.cpp:689]: ActionList #163 tag = ASK_REALM_PEACE_INTERACTION_DECLINE_EVENT events = 0
[onaction.cpp:689]: ActionList #164 tag = FORCE_JOIN_FACTION_INTERACTION_ACCEPT_EVENT events = 0
[onaction.cpp:689]: ActionList #165 tag = FORCE_JOIN_FACTION_INTERACTION_DECLINE_EVENT events = 0
[onaction.cpp:689]: ActionList #166 tag = ASK_TO_JOIN_AMBITION_INTERACTION_ACCEPT_EVENT events = 0
[onaction.cpp:689]: ActionList #167 tag = ASK_TO_JOIN_AMBITION_INTERACTION_DECLINE_EVENT events = 0
[onaction.cpp:689]: ActionList #168 tag = OFFER_CONSORT_INTERACTION_ACCEPT_EVENT events = 0
[onaction.cpp:689]: ActionList #169 tag = GIVE_ARTIFACT_INTERACTION_ACCEPT_EVENT events = 0
[onaction.cpp:689]: ActionList #170 tag = ASK_FOR_CRUSADE_INTERACTION_ACCEPT_EVENT events = 0
[onaction.cpp:689]: ActionList #171 tag = ASK_FOR_CRUSADE_INTERACTION_DECLINE_EVENT events = 0
[onaction.cpp:689]: ActionList #172 tag = ASK_TO_DECLARE_WAR_INTERACTION_ACCEPT_EVENT events = 0
[onaction.cpp:689]: ActionList #173 tag = ASK_TO_DECLARE_WAR_INTERACTION_DECLINE_EVENT events = 0
[onaction.cpp:689]: ActionList #174 tag = APPOINT_COMMANDER_INTERACTION_ACCEPT_EVENT events = 0
[onaction.cpp:689]: ActionList #175 tag = ASSIGN_VOTER_TITLE_INTERACTION_ACCEPT_EVENT events = 0
[onaction.cpp:689]: ActionList #176 tag = AWARD_HONORARY_TITLE_INTERACTION_ACCEPT_EVENT events = 0
[onaction.cpp:689]: ActionList #177 tag = BREAK_BETROTHAL_INTERACTION_ACCEPT_EVENT events = 0
[onaction.cpp:689]: ActionList #178 tag = CALL_IN_FAVOR_INTERACTION_ACCEPT_EVENT events = 0
[onaction.cpp:689]: ActionList #179 tag = CALL_IN_FAVOR_SUCCESSION_VOTE_ACCEPT_EVENT events = 0
[onaction.cpp:689]: ActionList #180 tag = CHANGE_CRUSADE_TARGET_INTERACTION_ACCEPT_EVENT events = 0
[onaction.cpp:689]: ActionList #181 tag = DISMISS_CONSORT_INTERACTION_ACCEPT_EVENT events = 0
[onaction.cpp:689]: ActionList #182 tag = DIVORCE_INTERACTION_ACCEPT_EVENT events = 0
[onaction.cpp:689]: ActionList #183 tag = EXECUTE_IMPRISONED_INTERACTION_ACCEPT_EVENT events = 0
[onaction.cpp:689]: ActionList #184 tag = EXILE_IMPRISONED_INTERACTION_ACCEPT_EVENT events = 0
[onaction.cpp:689]: ActionList #185 tag = GRANT_VICE_ROYALTY_INTERACTION_ACCEPT_EVENT events = 0
[onaction.cpp:689]: ActionList #186 tag = IMPRISON_INTERACTION_ACCEPT_EVENT events = 0
[onaction.cpp:689]: ActionList #187 tag = LEAVE_COALITION_ACCEPT_EVENT events = 0
[onaction.cpp:689]: ActionList #188 tag = PREPARE_INVASION_INTERACTION_ACCEPT_EVENT events = 0
[onaction.cpp:689]: ActionList #189 tag = RELEASE_FROM_PRISON_INTERACTION_ACCEPT_EVENT events = 0
[onaction.cpp:689]: ActionList #190 tag = RELEASE_VASSAL_INTERACTION_ACCEPT_EVENT events = 0
[onaction.cpp:689]: ActionList #191 tag = REPLACE_MERCENARY_CAPTAIN_INTERACTION_ACCEPT_EVENT events = 0
[onaction.cpp:689]: ActionList #192 tag = RESIGN_AS_COMMANDER_INTERACTION_ACCEPT_EVENT events = 0
[onaction.cpp:689]: ActionList #193 tag = RESIGN_COMMANDER_INTERACTION_ACCEPT_EVENT events = 0
[onaction.cpp:689]: ActionList #194 tag = RESIGN_FROM_OFFICE_INTERACTION_ACCEPT_EVENT events = 0
[onaction.cpp:689]: ActionList #195 tag = REVOKE_HONORARY_TITLE_INTERACTION_ACCEPT_EVENT events = 0
[onaction.cpp:689]: ActionList #196 tag = REVOKE_VOTER_TITLE_INTERACTION_ACCEPT_EVENT events = 0
[onaction.cpp:689]: ActionList #197 tag = SEND_ASSASSIN_INTERACTION_ACCEPT_EVENT events = 0
[onaction.cpp:689]: ActionList #198 tag = START_COALITION_ACCEPT_EVENT events = 0
[onaction.cpp:689]: ActionList #199 tag = STOP_ENFORCE_PEACE_INTERACTION_ACCEPT_EVENT events = 0
[onaction.cpp:689]: ActionList #200 tag = TRANSFER_VASSAL_INTERACTION_ACCEPT_EVENT events = 0
[onaction.cpp:689]: ActionList #201 tag = on_warleader_death events = 0
[onaction.cpp:689]: ActionList #202 tag = on_approve_law events = 0
[onaction.cpp:689]: ActionList #203 tag = councilor_on_approve_law events = 0
[onaction.cpp:689]: ActionList #204 tag = on_approve_de_jure_law events = 0
[onaction.cpp:689]: ActionList #205 tag = on_rebel_revolt events = 0
[onaction.cpp:689]: ActionList #206 tag = on_defect_to_rebels events = 0
[onaction.cpp:689]: ActionList #207 tag = on_defect_from_rebels events = 0
[onaction.cpp:689]: ActionList #208 tag = on_crusade_success events = 0
[onaction.cpp:689]: ActionList #209 tag = on_crusade_failure events = 0
[onaction.cpp:689]: ActionList #210 tag = on_crusade_invalid events = 0
[onaction.cpp:689]: ActionList #211 tag = on_forced_consort events = 0
[onaction.cpp:689]: ActionList #212 tag = on_reform_religion events = 0
[onaction.cpp:689]: ActionList #213 tag = on_county_religion_change events = 0
[onaction.cpp:689]: ActionList #214 tag = on_vassal_accepts_religious_conversion events = 0
[onaction.cpp:689]: ActionList #215 tag = on_heresy_takeover events = 0
[onaction.cpp:689]: ActionList #216 tag = on_elective_gavelkind_succession events = 0
[onaction.cpp:689]: ActionList #217 tag = on_settlement_looted events = 0
[onaction.cpp:689]: ActionList #218 tag = on_navy_returns_with_loot events = 0
[onaction.cpp:689]: ActionList #219 tag = on_unlanded events = 0
[onaction.cpp:689]: ActionList #220 tag = on_create_chronicle_if_empty events = 0
[onaction.cpp:689]: ActionList #221 tag = on_chronicle_owner_change events = 0
[onaction.cpp:689]: ActionList #222 tag = on_chronicle_start events = 0
[onaction.cpp:689]: ActionList #223 tag = on_character_convert_secret_religion events = 0
[onaction.cpp:689]: ActionList #224 tag = on_character_convert_culture events = 0
[onaction.cpp:689]: ActionList #225 tag = on_acquire_nickname events = 0
[onaction.cpp:689]: ActionList #226 tag = on_over_vassal_limit_succession events = 0
[onaction.cpp:689]: ActionList #227 tag = on_war_ended_whitepeace events = 0
[onaction.cpp:689]: ActionList #228 tag = on_war_ended_invalid events = 0
[onaction.cpp:689]: ActionList #229 tag = on_settlement_construction_start events = 0
[onaction.cpp:689]: ActionList #230 tag = on_trade_post_construction_start events = 0
[onaction.cpp:689]: ActionList #231 tag = on_fort_construction_start events = 0
[onaction.cpp:689]: ActionList #232 tag = on_hospital_construction_start events = 0
[onaction.cpp:689]: ActionList #233 tag = on_settlement_construction_completed events = 0
[onaction.cpp:689]: ActionList #234 tag = on_trade_post_construction_completed events = 0
[onaction.cpp:689]: ActionList #235 tag = on_fort_construction_completed events = 0
[onaction.cpp:689]: ActionList #236 tag = on_holding_building_start events = 0
[onaction.cpp:689]: ActionList #237 tag = on_feud_started events = 0
[onaction.cpp:689]: ActionList #238 tag = on_feud_ended events = 0
[onaction.cpp:689]: ActionList #239 tag = on_blood_brother_death events = 0
[onaction.cpp:689]: ActionList #240 tag = on_ai_end_raid events = 0
[onaction.cpp:689]: ActionList #241 tag = on_mercenary_hired events = 0
[onaction.cpp:689]: ActionList #242 tag = on_mercenary_dismissed events = 0
[onaction.cpp:689]: ActionList #243 tag = on_mercenary_captain_replacement events = 0
[onaction.cpp:689]: ActionList #244 tag = on_enforce_peace events = 0
[onaction.cpp:689]: ActionList #245 tag = on_enforce_peace_start events = 0
[onaction.cpp:689]: ActionList #246 tag = on_law_vote_failed events = 0
[onaction.cpp:689]: ActionList #247 tag = on_outbreak events = 0
[onaction.cpp:689]: ActionList #248 tag = on_province_major_modifier events = 0
[onaction.cpp:689]: ActionList #249 tag = on_society_bi_yearly_pulse events = 0
[onaction.cpp:689]: ActionList #250 tag = on_character_switch_society_interest events = 0
[onaction.cpp:689]: ActionList #251 tag = on_character_society_rank_down events = 0
[onaction.cpp:689]: ActionList #252 tag = on_character_join_society events = 0
[onaction.cpp:689]: ActionList #253 tag = on_character_leave_society events = 0
[onaction.cpp:689]: ActionList #254 tag = on_character_ask_to_join_society events = 0
[onaction.cpp:689]: ActionList #255 tag = on_character_kicked_from_society events = 0
[onaction.cpp:689]: ActionList #256 tag = on_character_stop_showing_interest events = 0
[onaction.cpp:689]: ActionList #257 tag = on_society_created events = 0
[onaction.cpp:689]: ActionList #258 tag = on_society_destroyed events = 0
[onaction.cpp:689]: ActionList #259 tag = on_focus_selected events = 0
[onaction.cpp:689]: ActionList #260 tag = on_quest_success events = 0
[onaction.cpp:689]: ActionList #261 tag = on_quest_failure events = 0
[onaction.cpp:689]: ActionList #262 tag = on_society_failed_to_find_new_leader events = 0
[onaction.cpp:689]: ActionList #263 tag = on_artifact_inheritance events = 0
[onaction.cpp:689]: ActionList #264 tag = on_offmap_policy_changed events = 0
[onaction.cpp:689]: ActionList #265 tag = on_offmap_status_changed events = 0
[onaction.cpp:689]: ActionList #266 tag = on_offmap_governor_changed events = 0
[onaction.cpp:689]: ActionList #267 tag = on_offmap_ruler_changed events = 0
[onaction.cpp:689]: ActionList #268 tag = on_offmap_monthly_pulse events = 0
[onaction.cpp:689]: ActionList #269 tag = on_offmap_yearly_pulse events = 0
[onaction.cpp:689]: ActionList #270 tag = on_eu4_conversion_start events = 0
[onaction.cpp:689]: ActionList #271 tag = on_eu4_conversion_done events = 0
[onaction.cpp:689]: ActionList #272 tag = on_tyranny_gained events = 0
[onaction.cpp:689]: ActionList #273 tag = on_tyranny_gained_tyrant_only events = 0
[onaction.cpp:689]: ActionList #274 tag = on_revoke_attempted_started_war events = 0
[onaction.cpp:689]: ActionList #275 tag = on_retract_vassal_attempted_started_war events = 0
[onaction.cpp:689]: ActionList #276 tag = on_absorb_clan_attempted_started_war events = 0
[onaction.cpp:689]: ActionList #277 tag = on_split_clan_attempted_started_war events = 0
[onaction.cpp:689]: ActionList #278 tag = on_alternate_start events = 0
[onaction.cpp:689]: ActionList #279 tag = on_society_progress_zero events = 0
[onaction.cpp:689]: ActionList #280 tag = on_betrothal events = 0
[onaction.cpp:689]: ActionList #281 tag = on_society_progress_full events = 0
[onaction.cpp:689]: ActionList #282 tag = on_unit_entering_province events = 0
[onaction.cpp:689]: ActionList #283 tag = on_command_unit events = 0
[onaction.cpp:689]: ActionList #284 tag = on_command_sub_unit events = 0
[onaction.cpp:689]: ActionList #285 tag = on_crusade_preparation_starts events = 0
[onaction.cpp:689]: ActionList #286 tag = on_crusade_launches events = 0
[onaction.cpp:689]: ActionList #287 tag = on_crusade_canceled events = 0
[onaction.cpp:689]: ActionList #288 tag = on_crusade_monthly events = 0
[onaction.cpp:689]: ActionList #289 tag = on_crusade_target_changes events = 0
[onaction.cpp:689]: ActionList #290 tag = on_pledge_crusade_participation events = 0
[onaction.cpp:689]: ActionList #291 tag = on_pledge_crusade_defense events = 0
[onaction.cpp:689]: ActionList #292 tag = on_unpledge_crusade_participation events = 0
[onaction.cpp:689]: ActionList #293 tag = on_unpledge_crusade_defense events = 0
[onaction.cpp:689]: ActionList #294 tag = on_excommunicate_interaction events = 0
[onaction.cpp:689]: ActionList #295 tag = on_character_renamed events = 0
[onaction.cpp:689]: ActionList #296 tag = on_title_renamed events = 0
[onaction.cpp:689]: ActionList #297 tag = on_province_renamed events = 0
[onaction.cpp:689]: ActionList #298 tag = on_wonder_renamed events = 0
[onaction.cpp:689]: ActionList #299 tag = on_artifact_renamed events = 0
[onaction.cpp:689]: ActionList #300 tag = on_bloodline_renamed events = 0
[onaction.cpp:689]: ActionList #301 tag = on_employer_change events = 0
[onaction.cpp:689]: ActionList #302 tag = on_host_change events = 0
[onaction.cpp:689]: ActionList #303 tag = on_wonder_owner_change events = 0
[onaction.cpp:689]: ActionList #304 tag = on_wonder_construction_start events = 0
[onaction.cpp:689]: ActionList #305 tag = on_wonder_stage_finish events = 0
[onaction.cpp:689]: ActionList #306 tag = on_wonder_destroyed events = 0
[onaction.cpp:689]: ActionList #307 tag = on_wonder_upgrade_start events = 0
[onaction.cpp:689]: ActionList #308 tag = on_wonder_upgrade_finish events = 0
[onaction.cpp:689]: ActionList #309 tag = on_wonder_upgrade_destroyed events = 0
[onaction.cpp:689]: ActionList #310 tag = on_wonder_loot_start events = 0
[onaction.cpp:689]: ActionList #311 tag = on_wonder_stage_loot_start events = 0
[onaction.cpp:689]: ActionList #312 tag = on_wonder_stage_loot_finish events = 0
[onaction.cpp:689]: ActionList #313 tag = on_wonder_restore_start events = 0
[onaction.cpp:689]: ActionList #314 tag = on_wonder_restore_finish events = 0
[onaction.cpp:689]: ActionList #315 tag = on_prepared_invasion_monthly events = 0
[onaction.cpp:689]: ActionList #316 tag = on_prepared_invasion_aborts events = 0
[onaction.cpp:689]: ActionList #317 tag = on_prepared_invasion_expires events = 0
[onaction.cpp:689]: ActionList #318 tag = on_rel_elector_chosen events = 0
[onaction.cpp:689]: ActionList #319 tag = on_childhood_pulse events = 0
[onaction.cpp:689]: ActionList #320 tag = on_adolescence_pulse events = 0
[disease.cpp:1026]: Reapers Only Disease #0 name = consumption
[disease.cpp:1026]: Reapers Only Disease #1 name = slow_fever
[disease.cpp:1026]: Reapers Only Disease #2 name = camp_fever
[disease.cpp:1026]: Reapers Only Disease #3 name = bubonic_plague
[disease.cpp:1026]: Reapers Only Disease #4 name = measles
[disease.cpp:1026]: Reapers Only Disease #5 name = smallpox
[disease.cpp:1026]: Reapers Only Disease #6 name = syphilis
[disease.cpp:1026]: Reapers Only Disease #7 name = dancing_plague
[disease.cpp:1039]: Non-Reapers Disease #0 name = consumption
[disease.cpp:1039]: Non-Reapers Disease #1 name = slow_fever
[disease.cpp:1039]: Non-Reapers Disease #2 name = camp_fever
[disease.cpp:1039]: Non-Reapers Disease #3 name = bubonic_plague
[disease.cpp:1039]: Non-Reapers Disease #4 name = measles
[disease.cpp:1039]: Non-Reapers Disease #5 name = smallpox
[disease.cpp:1039]: Non-Reapers Disease #6 name = syphilis
[ck_application.cpp:1228]: Diseases Initialized
[title.cpp:12645]: Job Title #0 tag =  name = NO_TITLE
[title.cpp:12645]: Job Title #1 tag = job_chancellor name = Chancellor
[title.cpp:12645]: Job Title #2 tag = job_marshal name = Marshal
[title.cpp:12645]: Job Title #3 tag = job_treasurer name = Steward
[title.cpp:12645]: Job Title #4 tag = job_spymaster name = Spymaster
[title.cpp:12645]: Job Title #5 tag = job_spiritual name = Court Chaplain
[ck_application.cpp:1248]: Job Titles Initialized
[character_action.cpp:330]: Job Action #0 tag = NO_TITLE name = NO_TITLE
[character_action.cpp:330]: Job Action #1 tag = action_improve_relations name = Improve Diplomatic Relations
[character_action.cpp:330]: Job Action #2 tag = action_clan_sentiment name = Improve Clan Sentiment
[character_action.cpp:330]: Job Action #3 tag = action_fabricate_claims name = Fabricate Claims
[character_action.cpp:330]: Job Action #4 tag = action_sow_dissent name = Sow Dissent
[character_action.cpp:330]: Job Action #5 tag = action_statecraft name = Perform Statecraft
[character_action.cpp:330]: Job Action #6 tag = action_squeeze_peasants name = Collect Taxes
[character_action.cpp:330]: Job Action #7 tag = action_collect_tribute name = Collect Tribute
[character_action.cpp:330]: Job Action #8 tag = action_settle_tribe name = Settle Tribe
[character_action.cpp:330]: Job Action #9 tag = action_oversee_construction name = Oversee Construction
[character_action.cpp:330]: Job Action #10 tag = action_advance_eco_tech name = Research Economy Tech
[character_action.cpp:330]: Job Action #11 tag = action_build_legend name = Build Legend
[character_action.cpp:330]: Job Action #12 tag = action_administer_realm name = Administer Realm
[character_action.cpp:330]: Job Action #13 tag = action_uncover_plots name = Scheme
[character_action.cpp:330]: Job Action #14 tag = action_uncover_plots_offmap name = Scheme
[character_action.cpp:330]: Job Action #15 tag = action_study_technology name = Study Technology
[character_action.cpp:330]: Job Action #16 tag = action_organize_spies name = Build Spy Network
[character_action.cpp:330]: Job Action #17 tag = action_organize_spies_mystics name = Build Spy Network
[character_action.cpp:330]: Job Action #18 tag = action_sabotage_province name = Sabotage Province
[character_action.cpp:330]: Job Action #19 tag = action_advance_mil_tech name = Research Military Tech
[character_action.cpp:330]: Job Action #20 tag = action_organize_raid name = Organize Raid
[character_action.cpp:330]: Job Action #21 tag = action_train_troops name = Train Troops
[character_action.cpp:330]: Job Action #22 tag = action_train_troops_nomadic name = Train Warriors
[character_action.cpp:330]: Job Action #23 tag = action_assist_arrest name = Suppress Revolts
[character_action.cpp:330]: Job Action #24 tag = action_organize_army name = Organize the Army
[character_action.cpp:330]: Job Action #25 tag = action_inquisition name = Proselytize
[character_action.cpp:330]: Job Action #26 tag = action_improve_rel_relations name = Improve Religious Relations
[character_action.cpp:330]: Job Action #27 tag = action_advance_cul_tech name = Research Cultural Tech
[character_action.cpp:330]: Job Action #28 tag = action_build_zeal name = Build Zeal
[character_action.cpp:330]: Job Action #29 tag = action_hunt_heretics name = Hunt Apostates
[character_action.cpp:330]: Job Action #30 tag = action_charity name = Perform Charity
[ck_application.cpp:1258]: CharacterActionDatabase Initialized
[title.cpp:12802]: Religious Title #0 tag =  name = NO_TITLE
[title.cpp:12802]: Religious Title #1 tag = title_cardinal name = Cardinal
[title.cpp:12802]: Religious Title #2 tag = title_fraticelli_cardinal name = Cardinal
[ck_application.cpp:1266]: Religious Titles Initialized
[ck_application.cpp:1276]: Positions Initialized
[character_objectives.cpp:1342]: Plot #0 tag = no_objective
[character_objectives.cpp:1342]: Plot #1 tag = plot_gain_vassal_title
[character_objectives.cpp:1342]: Plot #2 tag = plot_kill_character
[character_objectives.cpp:1342]: Plot #3 tag = plot_kill_spouse
[character_objectives.cpp:1342]: Plot #4 tag = plot_gain_liege_title
[character_objectives.cpp:1342]: Plot #5 tag = plot_gain_fellow_vassal_title
[character_objectives.cpp:1342]: Plot #6 tag = plot_seize_trade_post
[character_objectives.cpp:1342]: Plot #7 tag = plot_assassins_collect_debt
[character_objectives.cpp:1353]: Ambition #0 tag = no_objective
[character_objectives.cpp:1353]: Ambition #1 tag = obj_create_treasury
[character_objectives.cpp:1353]: Ambition #2 tag = obj_make_friends
[character_objectives.cpp:1353]: Ambition #3 tag = obj_forge_bloodline
[character_objectives.cpp:1353]: Ambition #4 tag = obj_strengthen_religion
[character_objectives.cpp:1353]: Ambition #5 tag = obj_create_wonder
[character_objectives.cpp:1353]: Ambition #6 tag = obj_see_the_realm_prosper
[character_objectives.cpp:1353]: Ambition #7 tag = obj_become_chancellor
[character_objectives.cpp:1353]: Ambition #8 tag = obj_become_marshal
[character_objectives.cpp:1353]: Ambition #9 tag = obj_become_treasurer
[character_objectives.cpp:1353]: Ambition #10 tag = obj_become_spymaster
[character_objectives.cpp:1353]: Ambition #11 tag = obj_become_spiritual
[character_objectives.cpp:1353]: Ambition #12 tag = obj_amass_wealth
[character_objectives.cpp:1353]: Ambition #13 tag = obj_become_paragon_of_virtue
[character_objectives.cpp:1353]: Ambition #14 tag = obj_become_exalted
[character_objectives.cpp:1353]: Ambition #15 tag = obj_get_married
[character_objectives.cpp:1353]: Ambition #16 tag = obj_marry_ruler
[character_objectives.cpp:1353]: Ambition #17 tag = obj_have_a_daughter
[character_objectives.cpp:1353]: Ambition #18 tag = obj_have_a_son
[character_objectives.cpp:1353]: Ambition #19 tag = obj_wants_landed_title
[character_objectives.cpp:1353]: Ambition #20 tag = obj_become_heir
[character_objectives.cpp:1353]: Ambition #21 tag = obj_improve_martial
[character_objectives.cpp:1353]: Ambition #22 tag = obj_improve_stewardship
[character_objectives.cpp:1353]: Ambition #23 tag = obj_improve_learning
[character_objectives.cpp:1353]: Ambition #24 tag = obj_improve_diplomacy
[character_objectives.cpp:1353]: Ambition #25 tag = obj_improve_intrigue
[character_objectives.cpp:1353]: Ambition #26 tag = obj_lower_decadence
[character_objectives.cpp:1353]: Ambition #27 tag = obj_become_king
[character_objectives.cpp:1353]: Ambition #28 tag = obj_buddhist_stop_drinking
[character_objectives.cpp:1353]: Ambition #29 tag = obj_buddhist_reject_empty_pleasures
[character_objectives.cpp:1353]: Ambition #30 tag = obj_buddhist_abstain_sexual_excess
[character_objectives.cpp:1353]: Ambition #31 tag = obj_buddhist_reject_cruelty
[character_objectives.cpp:1353]: Ambition #32 tag = obj_buddhist_temperance_food
[character_objectives.cpp:1353]: Ambition #33 tag = obj_buddhist_reject_greed
[character_objectives.cpp:1353]: Ambition #34 tag = obj_buddhist_reject_envy
[character_objectives.cpp:1353]: Ambition #35 tag = obj_buddhist_reject_hate
[character_objectives.cpp:1353]: Ambition #36 tag = obj_buddhist_reject_pride
[character_objectives.cpp:1353]: Ambition #37 tag = obj_buddhist_defeat_fear
[character_objectives.cpp:1353]: Ambition #38 tag = obj_become_paragon_of_enlightenment
[character_objectives.cpp:1353]: Ambition #39 tag = obj_become_council_member
[character_objectives.cpp:1353]: Ambition #40 tag = obj_land_for_son
[character_objectives.cpp:1353]: Ambition #41 tag = obj_land_for_daughter
[character_objectives.cpp:1353]: Ambition #42 tag = obj_build_a_war_chest
[character_objectives.cpp:1353]: Ambition #43 tag = obj_groom_an_heir
[character_objectives.cpp:1353]: Ambition #44 tag = obj_gain_any_title
[character_objectives.cpp:1364]: Faction #0 tag = no_objective
[character_objectives.cpp:1364]: Faction #1 tag = faction_succ_seniority
[character_objectives.cpp:1364]: Faction #2 tag = faction_succ_primogeniture
[character_objectives.cpp:1364]: Faction #3 tag = faction_succ_ultimogeniture
[character_objectives.cpp:1364]: Faction #4 tag = faction_succ_gavelkind
[character_objectives.cpp:1364]: Faction #5 tag = faction_succ_feudal_elective
[character_objectives.cpp:1364]: Faction #6 tag = faction_lower_crown_authority
[character_objectives.cpp:1364]: Faction #7 tag = faction_lower_tribal_organization
[character_objectives.cpp:1364]: Faction #8 tag = faction_independence
[character_objectives.cpp:1364]: Faction #9 tag = faction_claimant
[character_objectives.cpp:1364]: Faction #10 tag = faction_antiking
[character_objectives.cpp:1364]: Faction #11 tag = faction_overthrow
[character_objectives.cpp:1364]: Faction #12 tag = faction_increase_council_power
[character_objectives.cpp:1364]: Faction #13 tag = faction_powerful_vassal_takeover
[character_objectives.cpp:1364]: Faction #14 tag = faction_true_believers
[character_objectives.cpp:1364]: Faction #15 tag = faction_abrahamic_revolters
[character_objectives.cpp:1375]: Focus #0 tag = no_objective
[character_objectives.cpp:1375]: Focus #1 tag = focus_rulership
[character_objectives.cpp:1375]: Focus #2 tag = focus_business
[character_objectives.cpp:1375]: Focus #3 tag = focus_seduction
[character_objectives.cpp:1375]: Focus #4 tag = focus_intrigue
[character_objectives.cpp:1375]: Focus #5 tag = focus_hunting
[character_objectives.cpp:1375]: Focus #6 tag = focus_war
[character_objectives.cpp:1375]: Focus #7 tag = focus_carousing
[character_objectives.cpp:1375]: Focus #8 tag = focus_family
[character_objectives.cpp:1375]: Focus #9 tag = focus_scholarship
[character_objectives.cpp:1375]: Focus #10 tag = focus_theology
[character_objectives.cpp:1375]: Focus #11 tag = focus_ch_pride
[character_objectives.cpp:1375]: Focus #12 tag = focus_ch_humility
[character_objectives.cpp:1375]: Focus #13 tag = focus_ch_duty
[character_objectives.cpp:1375]: Focus #14 tag = focus_ch_etiquette
[character_objectives.cpp:1375]: Focus #15 tag = focus_ch_thrift
[character_objectives.cpp:1375]: Focus #16 tag = focus_ch_faith
[character_objectives.cpp:1375]: Focus #17 tag = focus_ch_struggle
[character_objectives.cpp:1375]: Focus #18 tag = focus_ch_heritage
[character_objectives.cpp:1375]: Focus #19 tag = focus_ed_diplomacy
[character_objectives.cpp:1375]: Focus #20 tag = focus_ed_martial
[character_objectives.cpp:1375]: Focus #21 tag = focus_ed_stewardship
[character_objectives.cpp:1375]: Focus #22 tag = focus_ed_intrigue
[character_objectives.cpp:1375]: Focus #23 tag = focus_ed_learning
[ck_application.cpp:1284]: Objectives Initialized
[ck_application.cpp:1292]: Triggered Modifiers Initialized
[decision.cpp:1940]: Decisions loaded decisions/HFP_crusades.txt' #2
[decision.cpp:1940]: Decisions loaded decisions/HFP_holy_order_decisions.txt' #12
[decision.cpp:1940]: Decisions loaded decisions/HFP_minor_decisions.txt' #4
[decision.cpp:1940]: Decisions loaded decisions/HFP_realm_decisions.txt' #25
[decision.cpp:1940]: Decisions loaded decisions/HF_baptism_decisions.txt' #3
[decision.cpp:1940]: Decisions loaded decisions/HF_bloodline_decisions.txt' #8
[decision.cpp:1940]: Decisions loaded decisions/HF_coronation_decisions.txt' #1
[decision.cpp:1940]: Decisions loaded decisions/HF_realm_decisions.txt' #7
[decision.cpp:1940]: Decisions loaded decisions/HF_religious_decisions.txt' #16
[decision.cpp:1940]: Decisions loaded decisions/HF_sway_antagonize_decisions.txt' #4
[decision.cpp:1940]: Decisions loaded decisions/HL_clan_decisions.txt' #2
[decision.cpp:1940]: Decisions loaded decisions/HL_decisions.txt' #4
[decision.cpp:1940]: Decisions loaded decisions/HL_mercenary_decisions.txt' #4
[decision.cpp:1940]: Decisions loaded decisions/HL_title_decisions.txt' #1
[decision.cpp:1940]: Decisions loaded decisions/LT_936_decisions.txt' #5
[decision.cpp:1940]: Decisions loaded decisions/LT_decisions.txt' #1
[decision.cpp:1940]: Decisions loaded decisions/conversion_decisions.txt' #32
[decision.cpp:1940]: Decisions loaded decisions/councillor_decisions.txt' #2
[decision.cpp:1940]: Decisions loaded decisions/dynasty_decisions.txt' #10
[decision.cpp:1940]: Decisions loaded decisions/employment_decisions.txt' #6
[decision.cpp:1940]: Decisions loaded decisions/faction_decisions.txt' #13
[decision.cpp:1940]: Decisions loaded decisions/fort_decisions.txt' #0
[decision.cpp:1940]: Decisions loaded decisions/hf_warrior_lodge_decisions.txt' #19
[decision.cpp:1940]: Decisions loaded decisions/holy_order_decisions.txt' #51
[decision.cpp:1940]: Decisions loaded decisions/hospital_decisions.txt' #0
[decision.cpp:1940]: Decisions loaded decisions/indian_holy_order_decisions.txt' #4
[decision.cpp:1940]: Decisions loaded decisions/jd_bon_decisions.txt' #1
[decision.cpp:1940]: Decisions loaded decisions/jd_decisions.txt' #9
[decision.cpp:1940]: Decisions loaded decisions/jd_grace_decisions.txt' #26
[decision.cpp:1940]: Decisions loaded decisions/jd_jewish_decisions.txt' #2
[decision.cpp:1940]: Decisions loaded decisions/jd_taoist_decisions.txt' #1
[decision.cpp:1940]: Decisions loaded decisions/jd_zoroastrian_decisions.txt' #1
[decision.cpp:1940]: Decisions loaded decisions/lifestyle_decisions.txt' #0
[decision.cpp:1940]: Decisions loaded decisions/minor_decisions.txt' #36
[decision.cpp:1940]: Decisions loaded decisions/mnm_artifact_decisions.txt' #3
[decision.cpp:1940]: Decisions loaded decisions/mnm_assassins_decisions.txt' #11
[decision.cpp:1940]: Decisions loaded decisions/mnm_devil_worshipers_decisions.txt' #13
[decision.cpp:1940]: Decisions loaded decisions/mnm_hermetics_decisions.txt' #10
[decision.cpp:1940]: Decisions loaded decisions/mnm_monastic_order_decisions.txt' #10
[decision.cpp:1940]: Decisions loaded decisions/mnm_secret_religious_societies_decisions.txt' #45
[decision.cpp:1940]: Decisions loaded decisions/mnm_society_decisions.txt' #4
[decision.cpp:1940]: Decisions loaded decisions/norse_minor_decisions.txt' #2
[decision.cpp:1940]: Decisions loaded decisions/plot_decisions.txt' #6
[decision.cpp:1940]: Decisions loaded decisions/realm_decisions.txt' #32
[decision.cpp:1940]: Decisions loaded decisions/religious_decisions.txt' #5
[decision.cpp:1940]: Decisions loaded decisions/rip_torture_decisions.txt' #5
[decision.cpp:1940]: Decisions loaded decisions/rip_various_decisions.txt' #17
[decision.cpp:1940]: Decisions loaded decisions/settlement_decisions.txt' #12
[decision.cpp:1940]: Decisions loaded decisions/sunset_invasion.txt' #1
[decision.cpp:1940]: Decisions loaded decisions/title_decisions.txt' #4
[decision.cpp:1940]: Decisions loaded decisions/trade_post_decisions.txt' #1
[decision.cpp:1940]: Decisions loaded decisions/unit_decisions.txt' #3
[decision.cpp:1940]: Decisions loaded decisions/vassal_decisions.txt' #7
[decision.cpp:1940]: Decisions loaded decisions/way_of_life_decisions.txt' #10
[decision.cpp:1940]: Decisions loaded decisions/wonder_decisions.txt' #7
[decision.cpp:1940]: Decisions loaded decisions/ze_ambition_decisions.txt' #2
[decision.cpp:1940]: Decisions loaded decisions/ze_decisions.txt' #11
[decision.cpp:1940]: Decisions loaded decisions/ze_war_chest.txt' #2
[decision.cpp:1940]: Decisions loaded common/laws/crown_laws.txt' #7
[decision.cpp:1940]: Decisions loaded common/laws/demesne_laws.txt' #69
[decision.cpp:1940]: Decisions loaded common/laws/gender_laws.txt' #5
[decision.cpp:1940]: Decisions loaded common/laws/succession_laws.txt' #18
[decision.cpp:1940]: Decisions loaded common/laws/ze_council_power_laws.txt' #24
[decision.cpp:1940]: Decisions loaded common/laws/ze_crown_laws.txt' #7
[decision.cpp:1940]: Decisions loaded common/laws/ze_demesne_laws.txt' #14
[decision.cpp:1940]: Decisions loaded common/laws/ze_obligation_laws.txt' #50
[decision.cpp:1940]: Decisions loaded common/governments/feudal_governments.txt' #7
[decision.cpp:1940]: Decisions loaded common/governments/nomadic_governments.txt' #1
[decision.cpp:1940]: Decisions loaded common/governments/republic_governments.txt' #3
[decision.cpp:1940]: Decisions loaded common/governments/theocracy_governments.txt' #1
[decision.cpp:1940]: Decisions loaded common/governments/tribal_governments.txt' #1
[ck_application.cpp:1301]: Decisions Initialized
[ck_application.cpp:1325]: Scripted Triggers Loaded
[ck_application.cpp:1333]: Scripted Effects Loaded
[history.cpp:609]: History loaded for War #history/wars/1st_byzantine_seljuk.txt entries = 3
[history.cpp:609]: History loaded for War #history/wars/1st_magyar_bulgarian_war.txt entries = 3
[history.cpp:609]: History loaded for War #history/wars/2nd_byzantine_seljuk.txt entries = 3
[history.cpp:609]: History loaded for War #history/wars/3rd_byzantine_seljuk.txt entries = 3
[history.cpp:609]: History loaded for War #history/wars/Sinhalese_rebellion.txt entries = 5
[history.cpp:609]: History loaded for War #history/wars/aghlabid_conquest_of_sicily.txt entries = 3
[history.cpp:609]: History loaded for War #history/wars/mongol_invasion_of_khwarezmia.txt entries = 3
[history.cpp:609]: History loaded for War #history/wars/norman_conquest.txt entries = 3
[history.cpp:609]: History loaded for War #history/wars/norse_invasion_of_east_anglia.txt entries = 3
[history.cpp:609]: History loaded for War #history/wars/norse_invasion_of_lothian.txt entries = 3
[history.cpp:609]: History loaded for War #history/wars/norse_invasion_of_northumberland.txt entries = 3
[history.cpp:609]: History loaded for War #history/wars/norwegian_invasion.txt entries = 3
[history.cpp:609]: History loaded for War #history/wars/reconquest_of_bari.txt entries = 3
[history.cpp:609]: History loaded for War #history/wars/saffarid_tahirid_war.txt entries = 3
[history.cpp:609]: History loaded for War #history/wars/subjugation_of_vengi.txt entries = 0
[history.cpp:609]: History loaded for War #history/wars/swedish_war_of_two_eriks.txt entries = 3
